0 728 19.317501237385027
1 0 6.976517150709688
1 191 49.187223280347006
2 191 10.670503939084481
2 192 11.75603608187251
2 841 16.913477607707268
3 2258 11.485145185270053
3 10 27.099338773539756
3 4 16.108942118354395
4 5 7.7952563812449185
4 821 10.52155191005189
4 3 16.1089421183544
5 822 8.780182870369993
5 825 5.208140167152895
5 4 7.7952563812449185
6 0 9.140720787765474
6 829 17.766949416787753
7 60 8.26325038376841
7 837 18.082375706808822
8 285 12.491858724258543
8 835 7.1411572481206145
8 831 4.444504658698149
8 2518 24.903169529202945
9 831 1.813438891915916
9 830 17.622789906086226
9 833 10.457777652463157
10 859 10.067003483373803
10 3 27.09933877353976
10 2087 15.119384325480057
10 3281 7.523146157979565
11 175 7.902936524115309
11 173 9.281678209891464
11 1001 20.350398353459333
12 971 8.962268560671049
12 1014 19.39967029799223
12 13 50.392103748048505
13 14 20.45441002929182
13 12 50.3921037480485
13 175 60.30309949155947
14 15 5.434238372140211
14 2445 9.994393294808136
14 13 20.45441002929182
14 969 10.393562980849497
15 14 5.434238372140211
16 1014 21.497996579746047
16 980 37.155740176950395
16 1021 31.691108981478944
17 77 11.572283553716055
17 1001 16.048117285449734
17 1791 10.626039019366
18 1047 19.669337881100365
18 19 10.095901022334905
18 77 9.569270643244463
19 1033 14.557821582833581
19 1015 9.286677651316461
19 18 10.095901022334905
20 1015 9.631827341261278
20 2618 9.655124027972903
21 3272 0.20342577667454992
21 3270 1.2220383102225234
22 2975 13.678233540573796
22 23 2.475394363884465
23 2103 1.193263801003831
24 2101 0.7091500271674996
25 24 2.7783172653685924
27 2498 7.235144731583059
27 559 6.209869232144404
28 560 3.824558794173163
28 2505 6.316353163084532
28 288 5.979184408342551
29 2506 7.929487496730483
29 2509 4.157260781418618
29 3178 2.71047956959768
30 2505 8.262041582668662
31 3172 0.9204473378534535
32 3178 1.1769832634431157
33 2146 24.053462051137373
33 34 7.255176001044322
33 2872 13.465187925776716
34 33 7.255176001044322
34 2165 10.177792734710106
34 2109 5.923225429608945
35 40 1.5478434860677226
36 35 2.425790836108212
36 2209 3.34048385254916
37 36 0.34936523955546533
38 2110 2.156400169400241
39 2207 0.37059338736655306
40 2208 3.027518573539879
40 39 2.330366473871231
41 38 2.328089132451982
41 2165 10.983631593662853
42 1923 13.772520065312861
42 2961 13.135605894728158
42 214 15.650507626151706
43 2156 3.864242765508105
43 547 8.40655894001256
43 2020 9.332649664355479
44 1889 12.08344622544924
44 1221 2.0025906493491448
44 54 8.995279026540087
45 381 9.255526427479152
45 2085 2.9111745836180196
46 405 13.151178835035344
46 381 14.95441061690756
47 48 4.352644930685977
47 2090 5.372472579104502
48 47 4.352644930685977
48 525 5.215310913479788
48 49 6.211158148160241
49 524 5.340620125289393
49 50 6.316510651844387
49 48 6.211158148160241
50 521 13.56895958772965
50 49 6.316510651844387
50 607 8.925230444185914
51 52 4.945062477015375
51 608 7.0228728777957015
52 615 22.423857624445137
53 137 0.7646479280018756
53 3120 1.1107667572994684
54 56 19.524030704145606
54 259 40.084135306458464
54 44 8.995279026540087
54 273 5.569232859639726
55 1220 4.153216648430618
55 838 6.283389900447449
55 57 2.630821045458389
56 838 1.9229465061724276
56 54 19.524030704145606
57 176 4.154556629839882
57 55 2.630821045458389
57 58 17.48232507718719
58 59 14.163496260274572
58 57 17.482325077187188
58 840 9.74533538355481
59 835 19.35565624445529
59 58 14.163496260274572
60 2190 23.34169200127452
60 6 6.29125301841041
61 2251 43.75872564319144
61 916 21.566207667156757
62 66 10.541406511722977
62 900 7.144909173693482
62 118 13.015588736149034
63 1071 5.445459511922126
63 3028 11.379044451172886
63 915 6.023178525148472
64 1626 7.65567433795017
64 84 23.612412584841284
64 65 10.618904622846639
65 1463 26.05995885584066
65 1556 17.90698626396816
65 1627 24.26821525029649
65 64 10.618904622846639
66 1463 17.34856551624304
66 62 10.541406511722977
66 1476 26.656948985463195
67 1534 10.937705472685279
67 112 9.369477059026936
67 1565 3.8880750226944505
68 1512 8.803715822825328
68 1457 7.408081127306855
68 1607 2.7888497767486964
69 1484 6.177272228035957
69 1607 12.261476655533023
69 1475 10.13587689947468
70 2081 8.989909595234804
70 1351 17.47186901172963
70 1341 11.980062680801078
70 1095 6.9718950879787185
71 1196 4.413832308158732
71 1119 9.629419334421582
71 1317 18.676833357025597
72 287 64.89408552563658
72 286 18.34994058782997
72 105 8.220965480784212
73 87 11.883844633944081
73 3183 4.918327429900847
73 856 74.36133840154552
74 288 1.4344544566641104
74 207 28.680648612371616
74 75 17.091489247989557
75 553 2.713746887940817
75 74 17.09148924798956
76 26 15.668181211403702
76 279 11.290642788543979
76 2814 9.210885485570264
77 1026 20.035296324733405
77 18 9.569270643244463
77 17 11.572283553716055
78 873 2.4818217778393117
78 174 4.994049949571996
79 2469 0.96264184040982
79 2512 2.4250746390751865
80 2464 0.8712317289125056
80 548 2.106337173574371
81 2163 0.7820503177717739
81 868 17.861310935898835
82 81 2.3075073242126223
82 1578 11.25204553090265
83 1648 17.202003462131962
83 1579 14.448251276769913
83 1578 22.801732845729216
84 64 23.612412584841287
84 1721 19.069087696468358
84 1566 9.003952672485713
84 1680 9.62654071066419
85 1568 1.18150437798151
85 1542 41.98851422716617
85 3142 13.22623333466178
86 102 9.518444132993906
86 101 32.24372847393439
87 329 15.828642264519761
87 290 10.218621430734968
87 73 11.883844633944081
87 2525 16.075786126340805
88 91 11.975595620582164
88 2528 4.528400928202984
88 89 8.935285643987811
89 88 8.935285643987811
90 91 5.461627677072519
91 2641 3.4045620353653057
91 88 11.975595620582162
91 90 5.461627677072519
92 1857 9.494393468411078
92 93 1.2853649739108894
93 3020 24.897897103870086
93 2583 1.2401205101797366
94 1851 7.493325882289904
94 1850 7.00233798075067
94 1853 30.009336386964563
95 466 26.72814476672194
95 265 15.58766640677436
95 463 6.559089066001143
95 718 3.713373034040473
96 2374 0.721212562538187
96 1824 5.517032999801949
96 682 16.129595364753495
97 1822 1.9427679628052108
97 681 16.745828879521877
97 268 4.471473634400237
98 251 9.231971570838287
98 99 13.321047208537145
98 2397 22.202480671926203
99 98 13.321047208537145
99 2400 1.1958825987492325
99 2574 14.895327707152363
100 2117 2.9376462238197947
100 2116 3.874194553113796
100 2115 2.215591742451373
100 273 27.20664559396766
101 115 9.856097884180265
101 86 32.2437284739344
102 1367 6.75381284573744
102 103 21.199486779163294
102 86 9.518444132993906
103 1305 1.6310708240099894
103 102 21.19948677916329
104 287 12.093475502894037
104 1302 11.854064682235695
104 1299 8.889619808497807
105 1302 13.200508646891397
105 72 8.220965480784212
105 1197 8.499166244159337
105 1193 10.342646172765162
106 2838 0.45258503835288294
107 1475 22.635970454900193
107 3206 15.221578577949204
107 1477 10.521684775363763
108 1564 10.454286397292822
108 1484 30.002460276878793
108 109 4.000172501683828
109 1327 17.425515768469154
109 108 4.000172501683828
109 1311 46.688917709706296
110 111 3.067647888313606
110 2288 14.489211761696206
110 1564 5.095378229377723
111 112 27.353384841933547
111 110 3.0676478883136054
111 1599 21.77396030033916
112 111 27.353384841933547
112 1494 6.81754011206576
112 67 9.369477059026938
113 1307 2.2089660640310345
113 1379 7.712692715763866
113 1343 15.963873782251865
114 1486 2.3427170140982763
114 1410 29.291088594126222
114 1496 5.983258360553542
115 1382 5.759141687755689
115 1539 3.8374698257773203
115 101 9.856097884180263
116 2079 1.7258646578328056
116 3028 2.7703782562523394
117 2078 1.0396533448678862
118 119 4.207717421639336
118 62 13.015588736149034
119 120 3.277748680472699
120 899 21.108049069998554
120 660 0.6467008033195594
121 128 3.5425051208837446
121 122 2.6419539665436247
122 123 2.6204069733004576
123 127 2.879149970894889
123 124 2.3310110691090524
124 894 0.41973394401058645
125 118 6.308245990093911
125 119 5.093551048136964
126 662 0.7534457009089603
126 1643 10.96615158048544
126 2646 12.81885445708467
127 124 2.397550199109573
127 863 8.31969331130585
128 122 2.733252084518825
128 862 3.7697307041021237
129 901 32.396774649812
129 130 9.959904578665512
129 897 4.1152289086820915
130 131 5.3371493338267015
130 902 28.98491004502513
130 129 9.959904578665512
131 130 5.3371493338267015
131 2065 3.4880013975331066
131 895 6.166401725944619
132 1086 7.925825307542188
132 133 1.708050942486925
132 895 5.626460782862151
133 914 2.310823107178259
133 132 1.708050942486925
134 580 1.2248490627392203
134 432 6.796039273983758
134 579 8.937090438793133
135 3308 1.9312289857342013
135 3307 1.7493301659985183
135 1231 5.079987790868188
136 2647 33.46831545502686
136 1959 8.10900200651368
136 1970 14.660344491797293
137 53 0.7646479280018756
137 652 10.40709894571778
137 634 22.413856487601368
138 52 1.2846393047873244
138 51 5.131812861969577
139 2364 7.495594759303965
139 666 6.212389133161579
139 140 3.3593861474151123
140 148 10.99266036909096
140 667 11.875212411747372
140 139 3.3593861474151123
141 2827 1.3930321065108155
141 153 8.549767771774986
141 668 5.176921521118455
142 2827 3.7533725877340616
142 154 8.429308789380753
142 143 8.569668042426533
143 1101 0.7100855398078592
143 1077 6.90987743868238
143 142 8.569668042426532
144 145 3.5103029847637752
144 1132 8.547927739287744
144 671 21.243808690736206
145 144 3.5103029847637752
145 1111 6.808090370339996
145 1051 6.2323195605447825
146 1053 6.813852269611248
146 1051 9.729999573316567
146 1106 18.27410163585658
147 1058 12.150102570890049
147 1053 4.1937305871039685
147 1105 7.0025551697680175
148 140 10.992660369090958
148 149 9.068003434247997
148 1081 3.6897267627783195
149 151 3.3793312491062926
149 668 5.000554671987425
149 148 9.068003434247995
150 151 13.944752372037687
151 149 3.3793312491062926
151 152 5.6384664353733225
151 150 13.944752372037684
152 151 5.6384664353733225
153 141 8.549767771774984
154 2453 2.6116658145027203
154 2461 3.562330777040193
154 142 8.429308789380753
155 1101 32.02100162182574
156 165 8.416046753403931
156 1159 28.247847322537535
156 157 15.817424845577017
157 2678 6.155011021022921
157 156 15.817424845577014
157 1065 16.106567410961354
158 1072 21.874558789190544
158 164 9.775657699170536
158 159 6.497177896542549
159 2678 4.601435371776682
159 158 6.497177896542549
159 160 3.5261073691058953
160 1052 2.7306999300816193
160 159 3.5261073691058953
160 3099 14.94485242822348
161 3099 0.7894380531700309
162 3099 10.836846923749098
163 164 7.716774769645039
164 3098 4.255033454399228
164 163 7.716774769645039
164 158 9.775657699170536
165 166 9.938797716963178
165 171 13.635732051800987
165 156 8.416046753403931
166 165 9.938797716963178
166 168 14.168030394548396
166 167 3.6645818617837373
167 166 3.6645818617837373
168 171 5.573368938686888
168 166 14.168030394548396
168 169 4.574852011847825
169 168 4.574852011847825
170 171 3.992334248573412
171 168 5.573368938686888
171 165 13.635732051800986
171 170 3.992334248573412
172 3056 15.668890972781979
172 862 9.288890492145141
172 861 11.823510014022375
173 869 15.874362245516094
173 11 9.281678209891464
174 173 0.9011376487599563
174 872 8.264972750768713
175 11 7.902936524115309
175 13 60.30309949155948
175 859 7.939352409658695
176 2168 48.029518832348785
176 57 4.154556629839882
176 177 21.24967612913963
177 176 21.24967612913963
177 178 27.528264691707996
177 945 4.025396098964982
178 2490 2.8904467476711493
178 177 27.528264691707992
178 2024 1.3862482366631874
179 1242 4.7448628164141
179 3053 1.102692534354255
180 1255 3.6101417939330265
180 1219 7.87557372953164
181 1224 3.9974606493537728
181 2143 5.969628845939881
181 2265 2.5467706959742196
182 1224 4.655155827886054
182 1223 1.4674757680861183
183 276 3.805089389308709
183 1903 36.0007680189444
183 2874 5.420332002452518
184 806 9.628165701948756
184 807 30.41269516472727
184 2874 10.95953788766818
185 2141 4.546722722075445
185 2142 20.061122079808452
185 2862 11.172886116632219
186 2189 6.175288698888797
186 763 17.100775879941843
186 787 7.561670549314191
187 2394 16.155461182059316
187 2392 4.575074154514326
187 787 9.76916542963829
188 2539 24.47866443337405
188 1815 59.39272133826318
188 1825 13.387303900344808
189 2683 4.253731589571243
189 759 12.738179738069961
189 2593 7.645630670730753
190 2640 0.7484060248504173
190 2855 10.197617036368385
190 2562 8.687362656552553
191 2 10.670503939084485
191 193 15.418545302473797
192 193 14.363810933171585
192 842 16.54370142770192
192 2 11.75603608187251
193 192 14.363810933171585
193 194 12.985396991736518
194 195 9.370662448881985
194 196 10.8859260051621
194 193 12.985396991736518
195 194 9.370662448881985
195 825 9.312009815602098
196 194 10.8859260051621
196 2258 11.375872053880439
197 625 6.695331229088013
197 2052 6.597865067950393
197 626 9.864449780437585
198 199 15.901275460051151
199 650 5.648218337772886
199 198 15.901275460051151
199 618 15.425158866801647
200 533 1.3881444791790454
200 532 11.596196675435731
200 374 10.728245952368509
201 529 10.852404828842237
201 278 13.78664292941359
201 469 12.246708069849491
202 2199 2.824598433199677
202 474 10.837608560979913
203 2200 2.995212067246858
203 496 70.54096073134566
204 2947 22.583502400315613
204 469 15.851481249232078
204 375 5.342162639011835
205 206 9.75584390646156
205 2947 22.283056686908715
205 2379 12.57216490712245
206 244 8.919173993360431
206 205 9.75584390646156
206 2735 9.2759049406499
207 556 6.1488607631738885
207 74 28.680648612371616
207 244 9.295981460444585
208 2426 7.700034251291399
208 245 7.159812088745073
208 246 30.214572600807994
209 1908 10.14502074862719
209 210 13.595496747697803
209 843 18.79677964036149
210 212 14.368721918937718
210 1911 39.90646611564455
210 209 13.595496747697803
210 211 36.373127142051096
211 245 19.323856233124143
211 1916 2.4315296880820254
211 210 36.373127142051096
212 210 14.368721918937718
212 213 18.594364310014473
212 1912 35.422438239654106
212 1914 29.045805535172327
213 2654 1.0884350787376484
213 1918 9.082616052557475
213 212 18.594364310014473
214 2966 0.6680950768587022
214 2438 12.639420231140196
214 1918 30.382393088371952
214 42 15.650507626151704
215 1967 26.146159290013767
215 2638 26.27348965028128
215 1968 7.632521504155714
216 217 12.557878816362276
216 1966 3.4973834498920935
216 1967 3.9801493931961005
217 216 12.557878816362276
217 1986 14.879953829816182
217 1971 20.21478220169756
218 1972 3.2213319407836294
218 1971 3.2707518981628083
218 848 29.873502952944534
219 1972 5.364473272027856
219 1969 17.29220437920345
219 847 15.516934406215356
220 1969 3.3017920341509597
220 1970 3.1440204571898933
220 1997 15.792479927305584
221 2669 21.52745440434857
221 2122 1.4533024492952769
222 3303 0.37799717932976795
222 2407 1.97413496101013
223 3305 1.640093233262987
223 3304 0.7822713304192812
224 802 1.798646922180092
224 789 8.605143249034061
224 814 16.736847714129027
225 228 7.298576848460678
225 226 5.559360567688268
226 227 7.352365560868803
226 2577 6.498799175605886
226 225 5.559360567688268
227 2576 6.493002989324147
227 226 7.352365560868803
227 228 5.478873727414975
227 258 25.01338500778073
228 274 3.52412960041289
228 227 5.4788737274149755
229 2401 6.027348142946837
229 810 8.212263333249227
229 2404 5.8860340799583355
230 1269 18.152158783994775
230 1032 5.489781260095848
230 1227 8.251916464755578
231 3064 4.850707639153248
231 1771 6.113091170173594
231 1765 8.35236842110153
232 1776 23.03794005974627
232 1765 13.523485892752586
232 233 5.36022648290637
233 1766 3.5864327405429055
233 2596 22.80237742247353
233 232 5.36022648290637
234 2240 0.8073572822733928
234 2239 11.87269402863027
235 1768 10.286857349714511
235 1767 12.347690938010995
236 1 16.323054840226696
236 260 8.802906776461462
237 2875 17.255346044089794
237 1830 13.228709022377743
237 1824 6.100771573698196
238 1821 6.545956862216887
238 1823 6.378072898579838
238 2875 52.54500133948688
238 2374 18.776732029953102
239 1978 3.1811471621107095
239 2654 37.74938943758017
239 1922 21.740051663491315
239 1921 3.64523444474386
240 1922 12.374270913059483
240 92 1.0291031042052212
241 569 1.919251847054435
241 2380 23.146047158101634
241 242 6.505126261103071
242 241 6.505126261103071
242 244 10.13345550414681
242 551 9.104721352977572
243 552 8.545629371693135
243 551 8.486110577620106
243 2622 16.852964336444092
244 207 9.295981460444585
244 206 8.91917399336043
244 242 10.133455504146811
245 211 19.323856233124143
245 208 7.159812088745073
245 572 7.032262464004248
246 944 10.236764244034848
246 208 30.214572600807994
246 572 42.289562399443355
247 943 8.970515415427508
247 2425 18.43887848410527
247 944 29.480127505683196
248 1841 4.798161443392858
248 1836 13.065329303974362
248 2156 23.673235794172896
248 1832 10.680381693097177
249 2045 8.026690469786216
249 250 20.929684631668636
249 260 16.267635740758383
250 2585 15.010402303208444
250 249 20.929684631668632
250 2117 11.386277300648052
251 3253 0.6433686062774939
251 1903 23.17665786450784
251 98 9.231971570838287
252 2043 4.376171871869697
252 754 2.2171805528820174
252 253 15.769828750902553
253 2044 5.739499219032478
253 755 1.83852019563714
253 252 15.769828750902553
254 2092 5.641855147000392
254 777 9.414369022181365
254 775 11.099824060555536
254 649 23.24443974846416
255 2092 2.1494565343070593
255 2148 6.674586204209798
255 785 14.027364889209036
256 1889 9.311218621834152
256 1438 10.671625677303687
256 733 16.76036872943974
257 2151 4.4931116204069586
257 2394 1.7566097922396908
257 771 3.8724959490212782
258 1438 10.28960029779139
258 227 25.013385007780727
258 262 11.119806183747485
259 728 0.5072761000866348
259 249 31.68360056292907
259 54 40.084135306458464
260 2968 6.369289782899464
260 236 8.802906776461462
260 249 16.26763574075838
261 729 9.938246919711098
261 2253 1.5937470174094965
261 739 22.844220175582773
262 549 11.242552942193656
262 258 11.119806183747484
262 1905 15.593640437240417
263 2210 1.1197033027419008
263 2096 12.242722220458482
264 1787 3.8108397114883257
264 2690 5.812840590983406
264 2119 2.8944802198291972
265 476 10.596077092195491
265 95 15.58766640677436
265 477 1.8664730090280868
266 2203 4.135163809040292
266 476 8.02799464605272
267 484 19.420454406778006
267 707 5.458941968795161
267 2381 9.211615873902518
268 1821 19.50836119283353
268 2374 6.45304098724697
268 97 4.471473634400237
269 950 6.147095112752534
269 968 16.372466566002714
269 958 68.76667101580041
269 992 3.4891319340228755
270 954 2.344751187523331
270 1790 5.11860063801614
270 990 8.361627792244766
271 2273 14.519874095903631
271 1030 11.456812708995818
272 744 3.5853422243104363
272 815 2.4715605618793277
272 743 2.5700813959988986
273 100 27.20664559396767
273 2225 21.176272536424786
273 54 5.569232859639726
274 228 3.52412960041289
275 2421 2.0107057923237908
275 276 17.06484439483277
275 549 9.49126439191211
276 183 3.805089389308709
276 275 17.06484439483277
276 1899 4.422932405374533
277 2570 8.066661998560695
277 3256 7.917693865867295
278 530 4.675173824627924
278 201 13.78664292941359
279 76 11.29064278854398
280 2915 1.1113824881221148
280 2814 11.597637385387335
281 2516 2.22311490769054
281 646 4.250596002936271
282 734 12.86934166323159
282 2561 6.145822356182978
283 3123 1.094772851726593
284 830 12.416130666599948
284 828 4.345988219483415
285 2029 1.6151275869407111
285 7 10.326182872043969
286 2032 2.760621132047576
286 72 18.34994058782997
287 72 64.89408552563657
287 104 12.093475502894037
287 1305 6.938377988737592
288 74 1.4344544566641104
288 28 5.979184408342551
288 533 6.774171670397386
289 313 20.444539111192448
289 311 3.6874606744785896
290 87 10.218621430734968
290 291 6.656693467393999
290 3244 14.215656930759717
291 290 6.656693467393999
291 2371 4.002659613877555
291 293 3.781730614590306
292 349 9.629100044446169
292 2371 3.5503856843573307
292 342 10.623032273536374
293 318 14.051738262572687
293 291 3.781730614590306
293 2442 5.620671750292329
294 348 12.568020710003948
294 2442 3.49472701787339
294 295 2.861266954358435
295 2662 13.12410981123838
295 294 2.861266954358435
295 296 5.662946309850031
296 373 14.328293973790995
296 295 5.662946309850031
296 297 3.6318728600720203
297 305 32.02633728982993
297 296 3.6318728600720203
297 299 11.3923434275482
298 345 5.173416824693123
298 341 2.3528086025910637
298 342 18.52388421764037
299 372 10.230811212493157
299 300 12.332681950147522
299 297 11.392343427548202
300 2953 13.30172185262095
300 536 20.71633944251608
300 299 12.332681950147522
301 2132 17.10316268745375
302 2953 5.064968101662328
302 304 6.392824567379486
302 303 17.323792336025765
303 302 17.323792336025765
304 307 6.359211802279752
304 305 7.8028572103273115
304 302 6.392824567379486
305 306 3.7351815313864645
305 297 32.02633728982993
305 304 7.8028572103273115
306 305 3.7351815313864645
306 312 9.532633259567078
306 314 26.615734686089482
307 304 6.359211802279752
307 309 8.89245873869291
307 308 13.468615256695553
308 307 13.468615256695553
309 307 8.89245873869291
309 310 14.197966244201305
309 311 11.762546842065516
310 309 14.197966244201305
311 289 3.6874606744785896
311 309 11.762546842065518
311 312 9.76549247324682
312 315 25.172350816621186
312 306 9.532633259567078
312 311 9.76549247324682
313 289 20.444539111192448
313 314 46.46073964411045
313 316 8.921569823007019
314 315 9.794861565566759
314 313 46.460739644110454
314 306 26.615734686089482
315 314 9.794861565566759
315 316 8.987897002269563
315 312 25.172350816621186
316 315 8.987897002269563
316 317 8.730888568945792
316 313 8.921569823007019
317 316 8.730888568945792
318 293 14.051738262572687
319 3244 0.6442569643081923
320 321 4.895177649699057
321 322 6.687299625914139
321 324 7.987180220792195
321 320 4.895177649699057
322 2440 1.231133448463502
322 321 6.687299625914138
322 323 1.2471734352611095
323 322 1.2471734352611095
324 325 5.113549868977752
324 327 5.129101716938259
324 321 7.987180220792195
325 3247 0.6821370733177093
325 3246 0.7962996339432531
325 324 5.113549868977752
326 329 4.241318266090805
326 2272 6.343457753395223
326 327 6.942677440230742
327 3242 11.081460916600335
327 326 6.942677440230743
327 324 5.129101716938259
328 3242 0.8202466795604221
329 326 4.241318266090805
329 2998 0.6474051864473904
329 87 15.828642264519761
329 330 1.9923228161149322
330 332 3.5977723847038066
330 333 6.001192376273932
330 329 1.9923228161149322
331 333 1.4404934752059297
332 330 3.5977723847038066
332 334 4.796105432916591
332 2661 3.686576285234295
333 330 6.001192376273932
333 331 1.4404934752059297
333 335 5.659981303254262
334 332 4.796105432916591
334 3236 2.21169949891784
334 3240 2.2587241003433327
335 3241 0.8480657948831579
335 333 5.659981303254263
335 2441 4.551495650124074
336 355 6.487940738379163
336 337 9.69887649256306
336 338 8.51674392882538
337 336 9.69887649256306
338 339 4.459410468310659
338 2369 4.232091884958809
338 336 8.516743928825381
339 338 4.459410468310659
339 340 9.23254882375585
339 341 6.474850647917607
340 339 9.23254882375585
340 367 3.605757638795248
340 2267 5.356712478285535
341 347 19.189324823966977
341 298 2.3528086025910637
341 339 6.474850647917607
342 343 29.799930108960762
342 292 10.623032273536374
342 298 18.52388421764037
343 345 7.089139206564513
343 342 29.799930108960762
343 344 4.583142710987317
344 343 4.583142710987317
345 298 5.173416824693123
345 343 7.089139206564513
345 346 6.697051202882209
346 345 6.697051202882209
347 341 19.189324823966977
348 294 12.568020710003948
349 292 9.629100044446169
349 350 5.084541149753177
349 351 13.800991147548265
350 349 5.084541149753177
351 352 9.587013806334932
351 353 7.784015165068414
351 349 13.800991147548267
352 351 9.587013806334932
353 351 7.784015165068414
354 357 4.786914293371966
354 355 7.639460974911312
354 2267 9.813288921350733
355 336 6.487940738379163
355 356 3.573314024035875
355 354 7.639460974911312
356 355 3.573314024035875
357 358 9.63536194673333
357 354 4.786914293371966
357 363 12.840858730987541
358 359 5.083808031204237
358 357 9.63536194673333
358 361 10.808095518001997
359 2368 0.9671773069452302
359 360 2.22439862863273
359 358 5.083808031204237
360 359 2.22439862863273
361 362 2.1530581180358794
361 363 5.873674791548009
361 358 10.808095518001997
362 361 2.1530581180358794
363 357 12.840858730987541
363 364 5.715013470823676
363 361 5.873674791548009
364 365 3.6555183980774246
364 2370 0.8709051849238053
364 363 5.715013470823676
365 364 3.6555183980774246
366 2665 7.436730370463219
366 372 31.77904964825165
366 367 22.52856891634284
367 368 2.9802816382601818
367 366 22.528568916342845
367 340 3.605757638795248
368 372 4.170276884377879
368 367 2.9802816382601818
368 369 4.771926301574987
369 371 3.7930981240303208
369 370 1.8766951613868375
369 368 4.771926301574987
370 369 1.8766951613868375
371 369 3.7930981240303208
372 368 4.170276884377879
372 366 31.77904964825165
372 299 10.230811212493157
373 296 14.328293973790995
374 534 9.543936004994485
374 200 10.728245952368507
374 536 10.044394356000348
375 376 10.143011159092199
375 204 5.342162639011835
375 3006 6.050189010032719
376 375 10.143011159092199
377 389 3.3749792369516105
377 379 15.248928216834974
377 416 8.000518498034227
378 423 8.203258998373308
379 441 9.161036155432635
379 377 15.248928216834974
379 3269 6.9980244195946355
380 393 2.4270886179974966
380 396 1.6395119183118825
380 437 4.504402166683781
381 45 9.255526427479152
381 46 14.95441061690756
382 426 4.170675187320153
382 3095 3.4549015577043987
382 388 4.503560795853186
383 410 2.2387453903854126
384 392 5.071497507299965
385 423 2.9023739198451435
386 426 5.876675241609477
387 393 2.5712589519798015
388 382 4.503560795853186
389 377 3.3749792369516105
389 2708 1.0247097811892651
389 2709 1.070690094337859
390 406 1.8780766248869396
390 397 3.767980206503253
390 444 2.456163883198107
391 408 1.7529627037616136
391 394 6.812007782055152
391 424 7.027252793679411
392 384 5.071497507299965
392 417 4.782768339584452
392 414 3.509458671105753
393 387 2.5712589519798015
393 380 2.4270886179974966
393 2620 2.3353970944693834
394 391 6.812007782055152
395 439 0.7704839542399705
395 419 4.983589152928251
395 421 5.434865546109621
396 427 5.0686602484072925
396 380 1.6395119183118825
396 3158 2.629945686095226
397 390 3.767980206503253
398 403 4.300844373144223
399 411 3.90690215419683
400 3167 0.5002033547518899
401 427 1.9741045503174433
402 2897 3.144781724344443
402 405 45.13831300436609
402 404 8.636168141465982
403 398 4.300844373144223
403 416 2.2853337173458463
403 439 5.045205638434404
404 402 8.636168141465982
405 425 3.7900954918907983
405 46 13.151178835035344
405 402 45.13831300436609
406 390 1.8780766248869396
406 421 6.7885865107290115
406 429 11.283635534646306
407 2120 1.306948680649568
407 3140 3.6278584629034323
408 391 1.7529627037616136
408 2831 5.91059496758657
408 411 3.490007861389847
409 434 4.069301766272634
409 423 10.647372749177098
409 441 8.194885960675906
410 435 6.064994202837951
410 427 2.046229761473789
410 383 2.2387453903854126
411 399 3.90690215419683
411 413 2.107331490693741
411 408 3.490007861389847
412 437 1.9049943416144723
413 411 2.107331490693741
414 392 3.509458671105753
415 573 36.18220862463349
415 576 29.860618391856825
416 377 8.000518498034229
416 403 2.2853337173458463
416 422 5.399491997448158
417 443 3.5533235006148534
417 429 3.740268798650653
417 392 4.782768339584452
418 421 4.938464409384978
419 395 4.983589152928251
420 3158 2.4888767873887243
421 418 4.938464409384978
421 395 5.434865546109621
421 406 6.788586510729012
422 2711 0.9971636446975901
422 2710 0.986048415657813
422 416 5.399491997448158
423 385 2.9023739198451435
423 378 8.203258998373308
423 409 10.6473727491771
424 438 1.4869177682223695
424 391 7.027252793679411
424 431 6.775721003176797
425 405 3.7900954918907983
426 429 15.971259252458216
426 382 4.170675187320153
426 386 5.876675241609476
427 410 2.046229761473789
427 396 5.0686602484072925
427 401 1.9741045503174433
428 443 3.890992085989845
429 417 3.740268798650653
429 406 11.283635534646306
429 426 15.971259252458216
430 439 3.1583016789309917
431 424 6.775721003176797
432 134 6.796039273983758
432 2831 8.43920926357565
433 579 1.8332151774732097
433 3095 2.9723507317348634
433 578 4.536329032628919
434 409 4.069301766272634
435 2366 1.5980419316633827
435 410 6.064994202837951
435 2365 6.687904528895623
436 47 5.340287953753655
436 2090 1.257752325023558
437 412 1.9049943416144723
437 380 4.504402166683782
437 444 6.014528659105452
438 424 1.4869177682223695
439 395 0.7704839542399705
439 430 3.1583016789309917
439 403 5.045205638434404
440 443 4.532601175839996
441 379 9.161036155432635
441 409 8.194885960675906
441 2831 15.329564373710333
442 444 4.974230128666862
443 428 3.890992085989845
443 417 3.5533235006148534
443 440 4.532601175839996
444 442 4.974230128666862
444 437 6.014528659105452
444 390 2.456163883198107
445 2028 8.156102890281582
445 1847 14.77850825582404
445 2068 3.473837014202889
446 1825 15.795814850999436
446 2028 33.49843593948699
446 1826 20.923600232405214
446 571 29.24987324388354
447 448 5.543262701681559
447 2000 5.208978136350765
447 1998 10.058138894375778
448 1998 1.8965204486118348
448 447 5.543262701681559
448 1999 5.604327948013184
449 450 3.0774339446326877
449 1998 10.4212743186804
450 451 23.856209095392575
450 449 3.0774339446326873
451 452 10.403813377615736
451 450 23.856209095392575
451 3249 8.209645097503527
452 3183 3.20463225951157
452 451 10.403813377615737
452 2647 30.850919714467448
453 1884 1.521239050473142
454 2443 0.29175608543426274
454 456 5.642229916780463
454 1882 15.426813764951765
455 1872 9.866811977821039
455 456 24.007464450323052
455 1874 6.124177495173258
456 455 24.007464450323052
456 454 5.642229916780463
456 1868 14.929704460647539
457 1868 1.3192331815171592
457 458 22.15544728217168
458 1867 10.333717829062715
458 1871 36.02669762078172
458 457 22.15544728217168
459 1859 6.010355816456257
459 1866 7.4561160020626716
459 2639 5.142089152625811
460 461 5.765926405787797
461 1864 12.338570383435998
461 460 5.765926405787797
461 2632 6.769478110830838
462 463 4.218450387096446
462 3137 21.433353011151667
462 465 9.178711567114588
463 462 4.218450387096446
463 464 9.550747476181336
463 1829 14.230546729474614
463 95 6.559089066001143
464 463 9.550747476181336
465 462 9.178711567114588
466 95 26.72814476672194
467 1886 2.103380086584594
468 472 11.867815038071074
469 470 9.562737363503137
469 201 12.24670806984949
469 204 15.851481249232075
470 472 3.788266340931722
470 469 9.562737363503139
470 471 4.584178332315776
471 470 4.584178332315776
472 470 3.788266340931722
472 468 11.867815038071074
472 473 4.031667677191426
473 472 4.031667677191426
474 475 9.156878374616689
474 3006 44.38108650050592
474 202 10.837608560979913
475 474 9.156878374616687
475 2537 19.322587245751023
475 2536 15.703283103718919
476 266 8.027994646052722
476 265 10.596077092195493
476 2072 7.327409643897002
477 478 7.142706712573438
477 265 1.8664730090280868
477 3273 8.321331801647833
478 477 7.142706712573438
479 480 12.285195006544495
480 479 12.285195006544491
480 520 8.825573478764591
480 515 9.246408726148216
481 726 1.0499700357644615
481 3017 15.462976667802161
481 2696 2.7924320401321725
482 3069 9.426538390373333
482 709 7.484513639880494
482 691 12.024287854849035
483 707 1.851679277841421
483 484 12.461911068516562
483 709 7.877836350667506
484 485 11.250970486496527
484 267 19.420454406778003
484 483 12.461911068516562
485 484 11.250970486496527
486 487 9.886709344740135
487 488 11.461803559903684
487 486 9.886709344740135
487 494 13.703871472630919
488 490 11.414112483993124
488 487 11.461803559903682
488 489 10.361296181804402
489 490 5.333206878366856
489 488 10.361296181804402
489 2629 13.996770194422874
490 488 11.414112483993124
490 491 10.641704585602847
490 489 5.333206878366856
491 490 10.641704585602847
491 492 9.993229857125419
492 493 29.350170696012587
492 491 9.993229857125419
493 495 4.972404916178277
493 492 29.35017069601258
493 494 21.669720567218377
494 495 4.830920673323347
494 493 21.66972056721838
494 487 13.703871472630919
495 493 4.972404916178277
495 494 4.830920673323347
495 496 9.559674022441794
496 2621 1.1262184334173573
496 495 9.559674022441794
496 203 70.54096073134568
497 499 1.680788222211932
497 2621 16.38472827064661
497 503 6.680797932905372
498 2704 0.9066909882666407
499 2704 10.146457855701643
499 497 1.680788222211932
499 500 8.825463411819136
500 501 2.0710416202649937
500 502 15.068736598636546
500 499 8.825463411819136
501 500 2.0710416202649937
501 512 11.519908332954248
501 517 15.85210340717055
502 500 15.068736598636546
502 503 2.6198321268281397
502 2857 5.785931838872916
503 502 2.6198321268281397
503 504 3.796485295799594
503 497 6.680797932905372
504 505 11.34360540497351
504 503 3.796485295799594
504 506 7.879785394421105
505 504 11.34360540497351
506 508 10.843658845670092
506 507 4.315764267516
506 504 7.879785394421105
507 506 4.315764267516
508 506 10.843658845670094
509 3127 8.404700553397184
510 2857 8.102213607753441
510 514 2.824495885024413
510 511 7.439904824392753
511 510 7.439904824392753
511 512 7.523510890735149
511 513 6.695810158213279
512 511 7.523510890735149
512 520 16.42555609640902
512 501 11.519908332954248
513 511 6.695810158213279
514 510 2.824495885024413
514 516 5.373838329977149
514 515 13.09768748152737
515 521 18.03678698475204
515 514 13.09768748152737
515 480 9.246408726148216
516 514 5.373838329977149
517 518 4.214224241484405
517 501 15.85210340717055
517 519 12.138557484058989
518 2094 1.3857950551242868
518 517 4.214224241484405
519 526 3.5722560985198375
519 517 12.138557484058989
519 520 21.320723739696486
520 512 16.42555609640902
520 480 8.825573478764591
520 519 21.320723739696486
521 515 18.03678698475204
521 50 13.568959587729651
521 522 14.099302144561507
521 523 18.0299531560268
522 521 14.099302144561507
523 521 18.0299531560268
524 49 5.340620125289393
525 48 5.215310913479788
526 519 3.5722560985198375
526 526 12.316569560950365
527 529 16.9658096768969
528 529 11.72426478092352
529 527 16.965809676896896
529 201 10.85240482884224
529 528 11.724264780923521
530 531 0.981398078528355
530 278 4.675173824627924
531 532 12.648669311257951
531 530 0.981398078528355
531 537 25.92411435648818
532 531 12.648669311257951
532 538 10.411488872205986
532 200 11.596196675435733
533 200 1.3881444791790454
533 288 6.774171670397386
533 539 6.173843054093171
534 2664 8.874670810683694
534 374 9.543936004994487
534 535 5.378811085227583
535 534 5.378811085227584
536 3195 17.566602554010977
536 374 10.044394356000348
536 300 20.716339442516084
537 531 25.924114356488182
538 532 10.411488872205986
539 533 6.173843054093171
540 2382 2.3476503052794158
540 541 3.646443091085643
540 2737 11.710509525776471
541 2382 2.6496079430930606
541 2669 2.0454124087415884
542 1708 8.56433050869088
542 2605 7.289248623056018
542 2270 36.62536801288362
543 2270 0.5414462564341457
543 1706 15.043728738547957
543 1795 4.9171649215617315
544 1672 19.274024702919867
544 1574 6.053564692792443
544 1573 5.886506498887195
545 546 9.244530510309911
545 2582 4.579742143083102
545 873 3.2935954103488316
546 871 7.2049048138077625
546 3281 3.4408431484556745
546 545 9.244530510309911
547 2324 24.280944301872783
547 43 8.40655894001256
547 1226 9.533128888147735
548 2164 2.507377289137534
548 2163 2.0617241351197233
549 2570 4.813083640725063
549 262 11.242552942193656
549 275 9.49126439191211
550 2947 9.629567445565627
551 243 8.486110577620106
551 242 9.104721352977572
551 2623 11.583324376008441
552 553 25.382344400435866
552 243 8.545629371693135
552 2624 9.968632137941462
553 75 2.713746887940817
553 555 14.745026285957854
553 552 25.382344400435866
553 2714 7.491255301142187
554 2714 0.7569255841288716
555 553 14.745026285957858
556 207 6.1488607631738885
556 557 9.274459527433192
556 558 9.547556510444405
557 556 9.274459527433192
558 556 9.547556510444405
559 561 3.402737780155115
559 560 13.733614015084296
559 27 6.209869232144404
560 28 3.824558794173163
560 559 13.733614015084296
560 2478 11.87852659344632
561 559 3.402737780155115
561 567 8.198312680979223
561 565 3.1983569678456
562 565 5.69354842829685
562 563 8.097668484341144
562 564 5.999811576692652
563 562 8.097668484341144
564 562 5.999811576692652
565 562 5.69354842829685
565 561 3.1983569678456
565 566 16.091219703922675
566 565 16.091219703922675
567 561 8.198312680979221
568 2702 1.014542661765573
569 241 1.919251847054435
570 938 18.596150220693456
570 1847 14.717664687462232
570 845 13.490415746909788
571 943 6.818170961605425
571 939 12.072310067249377
571 446 29.24987324388353
572 245 7.032262464004248
572 1857 1.4426389109005788
572 246 42.289562399443355
573 583 13.349267177304512
573 585 15.739947532095336
573 574 21.43032526191625
573 415 36.18220862463349
574 575 9.238440595097423
574 582 22.10562676062791
574 584 7.4254212088787
574 573 21.43032526191625
575 574 9.238440595097423
575 2626 10.970296228331389
575 2625 19.32069244079036
576 415 29.860618391856832
576 582 23.269731855897255
576 578 12.026622278964606
577 2625 6.7995875769116765
578 576 12.026622278964606
578 433 4.536329032628919
578 2089 27.614319545453416
579 433 1.8332151774732097
579 580 18.59328593014583
579 134 8.937090438793131
580 134 1.2248490627392203
580 579 18.593285930145832
580 581 12.2920516561914
581 2357 2.0936186818046676
581 3152 0.8180981915573938
581 580 12.2920516561914
582 574 22.10562676062791
582 576 23.269731855897255
582 589 8.325384822437366
583 573 13.34926717730451
584 574 7.425421208878702
584 2913 30.07130763018456
584 2147 47.05835297100226
585 573 15.739947532095332
586 2626 8.960835739931028
586 587 10.902385201185778
586 588 10.209130438006207
587 3153 0.5120972005151734
587 3154 0.5909501688889124
587 586 10.902385201185778
588 3155 0.5130514950089891
588 3156 0.5488533264750427
588 586 10.20913043800621
589 582 8.325384822437368
589 590 3.9281296905230367
589 593 7.785847874532405
590 592 1.7170817300660333
590 589 3.9281296905230367
590 591 3.760617085399809
591 592 5.543742363499725
591 590 3.760617085399809
591 2983 4.19849385068173
592 590 1.7170817300660333
592 593 19.50829880637138
592 591 5.543742363499725
593 589 7.785847874532407
593 592 19.508298806371382
593 594 8.100888068554733
594 593 8.100888068554733
595 596 2.156884572158892
596 2194 8.139086018372764
596 595 2.156884572158892
596 3031 5.087528143464662
597 2111 6.294726256508333
597 2194 4.6071769969527985
597 598 10.230563618877717
598 597 10.230563618877719
599 600 15.517522408062742
599 2630 7.530209725577133
599 606 19.151636116828712
600 602 16.007355793952858
600 599 15.517522408062742
600 601 6.78995071117831
601 600 6.78995071117831
602 604 17.188714630746826
602 600 16.007355793952858
602 603 24.755632111323404
603 602 24.755632111323404
604 605 4.786313256540962
604 602 17.188714630746826
604 606 15.392112847852287
605 604 4.786313256540962
606 599 19.151636116828712
606 607 16.144527743367156
606 604 15.392112847852287
607 606 16.144527743367153
607 2909 3.7778942295306837
607 50 8.925230444185914
608 2636 19.39913072697778
608 51 7.022872877795701
608 2909 8.078911704744794
609 610 21.038598057933317
609 138 5.259454231213086
610 611 19.939798308119585
610 612 19.187400319175573
611 610 19.939798308119585
612 651 18.521935633394826
612 2061 4.339914779897057
613 609 8.964553532811399
614 615 1.2384075091134483
614 2018 12.668831234092812
614 613 8.892962162112617
615 614 1.2384075091134483
615 635 13.211980345330343
616 639 4.332699854925281
616 618 9.046566332094654
616 617 7.192457197099321
617 616 7.192457197099321
618 2018 15.93334763601608
618 616 9.046566332094654
618 199 15.425158866801643
619 625 7.4937888084920425
619 620 8.582544129140159
619 624 15.303974146008846
620 619 8.582544129140159
620 621 9.55019142961943
620 622 15.512838617656985
621 620 9.55019142961943
621 2319 11.826413410926646
621 642 19.6346292837067
622 623 3.944743303326381
622 643 2.9221642400196566
622 620 15.512838617656985
623 622 3.944743303326381
623 624 7.799488307201719
623 644 12.492730290055581
624 623 7.799488307201719
624 652 4.970046874197604
624 619 15.303974146008846
625 197 6.695331229088013
625 626 1.95760188204641
625 619 7.4937888084920425
626 627 2.4332151529398045
626 625 1.95760188204641
626 197 9.864449780437583
627 626 2.4332151529398045
628 652 7.150674400957669
628 630 3.753172761509991
628 629 7.304563349881634
629 628 7.304563349881634
630 632 5.30210852640605
630 628 3.753172761509991
630 2280 3.9909326069920326
631 2280 1.0756374880997153
632 630 5.30210852640605
632 633 2.2383322477602694
632 2281 0.7128527559858048
633 632 2.2383322477602694
634 635 0.7776665297876929
634 2278 2.0779870568437873
634 614 13.120784695229311
635 634 0.7776665297876929
635 53 22.606691227841228
636 2278 5.6242856211743355
636 637 22.27984096859756
636 2279 5.085422640113406
637 636 22.279840968597558
637 638 6.3113084102023045
637 2285 2.390750796567401
638 637 6.3113084102023045
639 2061 3.308572153818483
639 616 4.33269985492528
639 2514 7.058582027353672
640 2674 1.023858862016485
641 642 10.239514455981999
641 2674 28.026547101530642
641 2184 6.720244331847368
642 621 19.634629283706694
642 643 10.220426998671346
642 641 10.239514455982
643 622 2.9221642400196566
643 642 10.220426998671346
643 3278 5.194399820343272
644 623 12.492730290055583
644 223 4.096196073423357
645 2674 10.10085368426816
646 647 13.921486416076185
646 281 4.250596002936271
646 768 5.259459975288879
647 646 13.921486416076188
647 647 18.630425970561046
648 649 2.8868277051538036
649 770 10.788569056582723
649 648 2.8868277051538036
649 254 23.24443974846416
650 199 5.648218337772886
651 612 18.521935633394826
651 613 1.0234718066568071
652 628 7.150674400957669
652 137 10.40709894571778
652 624 4.970046874197604
653 654 4.099750459451755
654 655 10.565320907561093
654 656 10.156222528507
654 653 4.099750459451755
655 654 10.565320907561093
655 657 4.503474091100972
655 2165 12.827719977334786
656 654 10.156222528507
657 2657 8.09584319534737
657 655 4.503474091100972
657 658 2.8231817905470553
658 657 2.8231817905470553
659 121 8.315402922377217
660 2861 4.718424181579311
660 661 2.2825104259353775
661 2027 2.342188337916291
662 126 0.7534457009089603
662 882 1.205983994382956
662 868 8.418055859650236
663 911 1.6521229474260117
664 663 1.849379496414773
664 665 11.381088564898441
665 664 11.381088564898441
665 1061 8.653177840532823
665 1064 3.9235964897444173
666 1087 3.5791337428944185
666 1061 8.553394056138375
666 139 6.212389133161579
667 2350 3.8059483422559928
667 140 11.875212411747372
667 668 5.853380547512483
668 667 5.853380547512483
668 149 5.000554671987425
668 141 5.176921521118454
669 1055 8.369921069901048
669 1101 5.0524574544020755
669 670 9.670014026135247
670 1093 4.922993969270097
670 669 9.670014026135247
670 671 4.917086360881218
671 144 21.243808690736202
671 1072 12.777252018439537
671 670 4.917086360881218
672 2139 2.450301024185556
672 673 5.985814865101298
672 2031 13.190769783219368
673 672 5.985814865101298
674 701 3.222143114365313
674 2139 14.01409097376969
675 704 0.8421869746994327
675 702 4.1628963840423365
676 703 14.903076928730021
676 708 2.591682726175038
677 676 1.2798059756348303
678 2541 23.353232760966463
678 2161 1.9489576285982462
679 2160 1.97261664517773
679 697 34.270400470486855
680 716 0.45473565690379936
680 685 10.943603080488984
680 681 10.333781741714485
681 682 10.74240721320733
682 96 16.12959536475349
682 683 8.45934267102157
683 684 2.934659349564339
683 2731 20.3358828167611
683 682 8.45934267102157
684 683 2.934659349564339
684 685 20.12188781128343
684 692 20.582000737725302
685 680 10.943603080488984
685 686 10.083704454661232
685 684 20.12188781128343
686 685 10.083704454661232
687 2552 2.4060918132917064
688 717 4.492914225194072
689 709 8.238623323680555
689 2951 6.353186161632376
690 689 7.147043807859247
690 2375 9.74149123671907
691 690 7.20501560786873
691 482 12.024287854849034
691 692 10.26231020742534
692 710 4.849749162564006
692 684 20.5820007377253
692 691 10.26231020742534
693 2554 13.191554864002182
693 2257 9.854599273513733
694 2385 4.191923547985504
695 2385 5.070176963027929
696 693 21.704322354782175
696 698 2.7408640925265004
697 696 2.766042582050483
698 699 0.6343329582992631
699 674 3.5705257905420233
699 701 2.0356440172692536
700 2890 0.25724940619455006
701 706 0.7897071915383238
702 700 4.313886111973367
702 675 4.1628963840423365
703 705 0.7554528180373216
704 675 0.8421869746994327
704 703 1.9323918303027947
704 2381 44.89198600654195
705 675 1.9153449123087323
705 678 38.33326587103447
706 700 1.395615404337089
706 702 4.56147925982086
707 483 1.851679277841421
707 708 21.43804122713392
707 267 5.458941968795161
708 677 2.866843194537232
708 707 21.43804122713392
709 482 7.484513639880494
709 483 7.877836350667506
710 692 4.849749162564006
711 2159 8.15989581930408
711 2257 2.25909467092676
712 2158 3.17645205995467
712 679 1.74487665631942
713 2160 3.4170544949703254
713 678 2.046337346420213
714 717 0.8992721559954983
714 2551 2.24503364619774
715 2162 5.296617539540178
715 680 2.0180518195769195
716 680 0.45473565690379936
716 2539 19.519432065386276
717 714 0.8992721559954983
717 688 4.492914225194072
717 2161 2.1624805452345828
718 2732 23.65783917290755
718 1830 8.232201053576311
718 95 3.713373034040472
719 721 6.458975144662481
719 2072 3.791939905134343
719 720 3.9159081255828956
720 719 3.9159081255828956
721 723 5.536347495668504
721 719 6.458975144662482
721 722 2.151925962375869
722 721 2.151925962375869
723 721 5.536347495668503
724 726 1.1623978062624147
724 727 1.750428721041607
724 3069 4.566103750180075
725 727 5.28035416462409
726 481 1.0499700357644615
726 724 1.1623978062624147
726 727 1.72385970626742
727 724 1.7504287210416065
727 725 5.28035416462409
727 726 1.7238597062674201
728 259 0.5072761000866348
729 755 0.835471866765965
729 736 17.408162121109648
729 261 9.9382469197111
730 804 2.383296079174195
730 731 5.916989404886138
730 2475 6.153862335877188
731 748 5.477178848357814
731 730 5.916989404886138
731 732 0.5892976842279766
732 731 0.5892976842279766
732 795 16.36709726690381
732 2185 7.579722125075219
733 256 16.76036872943974
734 282 12.86934166323159
734 2891 1.744404624141885
735 842 4.048776429886113
735 2113 3.9546226451719635
736 737 7.178177826260784
736 756 0.8294052405068782
737 736 7.178177826260784
738 3123 11.170351204039822
738 2640 6.518139148638334
738 759 5.915425162395639
739 2253 14.64802571561111
739 282 7.99877621378683
740 3123 2.2726986616518685
741 756 6.345995334223649
742 743 4.7453077494097595
742 2491 16.17613588687655
742 2587 4.400197605270339
743 272 2.5700813959988986
744 272 3.5853422243104363
745 2587 15.637332920121807
745 752 2.059852767058036
745 747 19.20525253255402
746 2587 4.935022890816117
746 748 1.355061921124367
747 746 0.896353125454506
747 745 19.20525253255402
748 731 5.477178848357814
748 746 1.355061921124367
748 749 3.310786239864398
749 750 4.402568151899187
749 751 14.555517557339964
749 748 3.310786239864398
750 749 4.402568151899187
750 2586 15.873241794109905
750 2585 11.017037077544293
751 749 14.555517557339964
752 745 2.059852767058036
753 2491 1.5578895277197136
754 756 5.268483779577023
754 252 2.2171805528820174
754 2588 9.777621839010406
754 755 15.904803087403959
755 253 1.83852019563714
755 729 0.835471866765965
755 754 15.904803087403955
756 736 0.8294052405068782
756 754 5.268483779577023
756 741 6.345995334223649
757 2082 1.3183489315456263
757 930 9.629432169356605
757 919 17.518060528248977
758 2569 2.7853037668977585
759 738 5.915425162395639
759 760 8.730622386246182
759 2856 10.971319877453709
759 189 12.738179738069961
760 759 8.730622386246182
760 2684 3.2313071482733027
760 762 10.569236100715779
761 2684 3.740795305879694
762 760 10.569236100715779
763 2395 6.061578504851812
763 2412 8.52610972685486
763 186 17.100775879941843
763 2181 11.942105575549467
764 765 4.5278839770966774
764 2131 5.4802359415631745
765 764 4.527883977096678
766 767 2.52728560217294
766 2412 18.29523543205577
767 764 22.76593282362171
767 768 8.10228503671794
768 2407 3.2264570132268555
768 767 8.10228503671794
768 646 5.259459975288879
769 774 4.792040218956538
769 770 2.187376246839831
769 2412 15.94675713610605
770 649 10.788569056582723
770 769 2.187376246839831
770 771 15.080893011222594
771 772 6.956583418441376
771 257 3.8724959490212782
771 770 15.080893011222598
772 773 2.8216717477285513
772 788 1.657161461108007
772 771 6.956583418441376
773 772 2.8216717477285513
774 769 4.792040218956538
774 774 51.18334798301046
775 776 6.076478782009165
775 254 11.099824060555536
775 2405 10.583628766951003
776 775 6.076478782009165
777 254 9.414369022181365
777 782 3.848824992450147
777 778 7.714209453890049
778 779 4.04378083036124
778 777 7.714209453890049
778 780 4.502396795858753
779 778 4.04378083036124
780 778 4.502396795858753
781 782 8.369493903233382
781 2399 10.895825183732248
781 2406 13.458917909147562
782 777 3.848824992450147
782 781 8.369493903233382
782 783 2.5683308407164422
783 782 2.5683308407164422
784 2108 6.647177711105616
785 255 14.027364889209036
786 2395 12.717677278013923
787 2150 2.5981614851806243
787 187 9.76916542963829
787 186 7.561670549314192
788 772 1.657161461108007
789 791 5.685122697419928
789 790 11.171983489187959
789 224 8.605143249034061
790 789 11.171983489187959
791 793 1.2804298990974703
791 789 5.685122697419928
791 2423 3.4132870642449733
792 793 4.361204854377226
793 791 1.2804298990974703
793 794 6.036246171049499
793 792 4.361204854377226
794 793 6.036246171049499
795 3138 4.754579490575907
795 732 16.36709726690381
795 796 1.2414933945298394
796 795 1.2414933945298394
797 798 6.372336340419222
798 802 4.0096388108583225
798 799 4.876260043673257
798 797 6.3723363404192215
799 800 1.8924969797899271
799 2389 5.844296066580018
800 799 1.8924969797899271
801 2389 1.4644403276437103
802 798 4.0096388108583225
802 224 1.798646922180092
802 2393 4.88011942543512
803 2578 2.941062687337799
804 2578 3.721622334127285
804 730 2.383296079174195
804 2579 7.504834051731591
805 2396 2.3168898225085615
806 184 9.628165701948754
807 184 30.412695164727268
807 98 1.7258750113452825
808 809 4.504895514320663
808 2400 10.790196706488803
808 2252 1.469023171625005
809 808 4.504895514320663
810 812 6.958461536294268
810 811 7.2630998170367045
811 810 7.2630998170367045
812 2145 7.182334601644884
812 2402 9.38331097924623
813 2026 19.49268031236675
813 2404 20.113163269340017
814 2185 2.1070348623337316
814 224 16.736847714129024
815 272 2.4715605618793277
815 2186 2.136342627138564
816 2523 2.233228404305024
816 817 3.344764409521546
816 2067 3.176370210090184
817 816 3.344764409521546
818 820 3.7341258148968235
818 819 13.377955210137415
818 2028 24.61792239937775
819 818 13.377955210137415
820 818 3.7341258148968235
821 822 7.159166751633314
821 4 10.52155191005189
822 823 9.887616694042212
822 821 7.159166751633314
822 5 8.780182870369993
823 822 9.887616694042212
823 824 3.4968866933796208
823 825 9.348898055057111
824 823 3.4968866933796208
825 5 5.208140167152896
825 195 9.312009815602098
825 823 9.348898055057113
826 918 2.1804939559709275
826 659 3.3624263301990758
827 830 16.33056304122047
828 284 4.345988219483415
829 6 17.766949416787753
830 827 16.33056304122047
830 9 17.622789906086226
831 9 1.813438891915916
831 8 4.444504658698149
831 2029 11.531813192962083
832 2029 17.25925520272579
833 834 22.54088928768535
833 9 10.457777652463156
833 2589 17.79432448703145
834 833 22.540889287685346
835 2520 13.778100939207729
835 8 7.1411572481206145
835 59 19.355656244455293
836 2387 13.824248146264337
836 837 8.36272503406357
837 839 7.120691770803362
837 836 8.36272503406357
837 7 18.082375706808822
838 55 6.283389900447449
838 56 1.9229465061724276
838 836 37.26483639000842
839 837 7.120691770803362
840 58 9.745335383554808
841 842 7.493516878770049
841 3252 9.275826922508937
841 2 16.913477607707264
842 841 7.493516878770051
842 735 4.048776429886113
842 192 16.543701427701926
843 1906 6.727501264776037
843 2436 29.010502989590513
843 209 18.79677964036149
844 2437 31.70220221235599
844 2428 19.072572786820352
844 2907 7.23403854028937
844 1906 6.772097168865699
845 846 11.495077356526068
845 570 13.49041574690979
845 2522 18.952012085427583
846 845 11.495077356526068
847 1988 17.427978099856766
847 1973 11.973304151933581
847 219 15.516934406215356
848 1958 4.3626049162756315
848 218 29.87350295294454
848 1959 9.697291629164717
849 1955 13.582855422312646
849 1956 19.616696011255378
849 1965 10.197701384539997
850 1974 2.652226791182316
850 851 6.609482128950902
850 2638 13.58252266133247
851 850 6.609482128950902
851 852 4.874335143124675
851 2644 7.163963965488079
852 853 3.224585509827602
852 2015 1.1022502949490518
852 851 4.874335143124675
853 852 3.224585509827602
853 1977 4.153612098009979
853 855 14.82189071645425
854 2673 1.5822022436936163
854 858 4.859270986643544
854 2644 2.7356738728780945
855 853 14.82189071645425
856 73 74.3613384015455
856 3311 22.929619191982365
857 1925 4.241890180290623
857 1936 14.928715959762833
857 2109 19.660966150050015
858 854 4.859270986643544
859 175 7.939352409658696
859 10 10.0670034833738
859 872 11.887727081763334
860 3301 0.2525617086734978
860 874 7.436431540472487
860 861 4.646206537258949
861 889 7.708122609929098
861 172 11.823510014022375
861 860 4.646206537258949
862 172 9.288890492145141
862 128 3.7697307041021237
862 863 18.62949519080192
863 892 15.821199406625835
863 127 8.31969331130585
863 864 7.858100206565055
864 865 9.265464760181025
864 2850 15.71144991369028
864 863 7.858100206565055
865 864 9.265464760181025
865 866 2.3633756301817805
865 891 12.221081563831268
866 865 2.3633756301817805
866 867 3.078233230659432
866 890 12.023881302876852
867 866 3.078233230659432
867 885 8.759014072798566
867 1577 6.3984335729772335
868 881 6.454064739651949
868 662 8.418055859650236
868 81 17.86131093589884
869 2466 10.386074790598217
869 2511 3.0579337506573685
870 873 6.59043354667624
871 546 7.2049048138077625
872 2582 2.5140191975847985
872 174 8.264972750768713
872 859 11.887727081763334
873 78 2.4818217778393117
873 870 6.59043354667624
873 545 3.2935954103488316
874 889 7.225717533514608
874 875 13.764375013338633
874 860 7.436431540472487
875 879 16.328475863097687
875 874 13.764375013338633
875 876 3.67310801798501
876 875 3.67310801798501
876 878 16.20826723429354
876 877 9.783457558440235
877 876 9.783457558440235
878 879 3.0149077100059154
878 880 6.1417951024306
878 876 16.20826723429354
879 875 16.328475863097687
879 888 4.146743460910434
879 878 3.0149077100059154
880 881 6.284810033257406
880 878 6.1417951024306
880 883 8.482209856260946
881 880 6.284810033257406
881 882 7.40311658449758
881 868 6.454064739651949
882 881 7.40311658449758
882 883 5.807908406055647
882 662 1.205983994382956
883 884 5.860448454736331
883 882 5.807908406055647
883 880 8.482209856260946
884 888 4.004712667928753
884 883 5.860448454736331
884 2646 8.92322248002636
884 885 21.554144427229687
885 886 3.8709622720784864
885 884 21.554144427229687
885 867 8.759014072798568
886 885 3.8709622720784864
886 890 6.314381178761427
886 887 13.463299802616513
887 888 14.62482886222902
887 889 18.10213142100177
887 886 13.463299802616511
888 884 4.004712667928753
888 879 4.146743460910434
888 887 14.62482886222902
889 874 7.225717533514608
889 887 18.10213142100177
889 861 7.708122609929098
890 886 6.314381178761427
890 866 12.023881302876852
890 3057 4.21865024636034
891 891 22.555742750292275
891 865 12.221081563831268
892 863 15.821199406625835
893 894 6.960074888767767
894 125 8.148745469057918
894 893 6.960074888767767
895 903 7.884610867827144
895 132 5.626460782862151
895 131 6.166401725944619
896 2658 1.6283013022969093
896 897 1.2134217880509344
896 2861 2.917102533335321
897 896 1.2134217880509344
897 919 12.172597225359068
897 129 4.1152289086820915
898 899 11.330767331044381
899 898 11.330767331044381
899 120 21.108049069998554
899 900 14.7084003447724
900 901 3.98132191002648
900 62 7.144909173693482
900 899 14.7084003447724
901 900 3.98132191002648
901 129 32.39677464981201
901 2025 6.7721665505772775
902 130 28.98491004502513
903 895 7.884610867827144
903 904 6.892050085768092
903 905 9.821958673776187
904 903 6.892050085768092
905 906 12.126610501700249
905 903 9.821958673776187
905 907 9.419947164346087
906 905 12.126610501700247
907 905 9.419947164346087
908 909 1.9926430049282693
908 915 2.812030954193958
909 910 1.2173417778151825
910 664 2.349699436016166
910 663 1.7810192205337765
911 916 2.9351465943496446
911 912 2.2525053554472594
912 913 1.070055099753454
913 133 2.4786088789453147
913 914 2.0808361256347188
914 908 2.5407601120420096
915 909 2.081551912279852
915 63 6.023178525148471
916 61 21.566207667156757
916 912 2.0201964924427864
917 2155 8.500854655889084
917 918 9.430234006983008
917 3197 9.664513533252318
918 826 2.1804939559709275
918 2114 49.37263435066363
919 897 12.172597225359066
919 920 12.09491337832555
919 757 17.518060528248977
920 930 20.46720076450543
920 921 11.671774446269104
920 919 12.09491337832555
921 923 11.506275308324577
921 922 34.93176674149353
921 920 11.671774446269104
921 2065 8.247634293056016
922 921 34.93176674149353
923 927 11.824355229381744
923 921 11.506275308324577
923 924 11.880961426310408
924 926 11.791046553537804
924 925 22.546870671704596
924 923 11.880961426310408
925 924 22.546870671704596
926 924 11.791046553537804
926 927 11.787567283030075
926 933 18.9142509216198
927 923 11.824355229381744
927 926 11.787567283030075
927 930 11.417100826401132
927 928 16.22465013703919
928 927 16.22465013703919
928 929 9.10010436766205
928 2821 9.349068409630513
929 928 9.10010436766205
930 2818 9.200323682089927
930 927 11.417100826401132
930 757 9.629432169356605
930 920 20.46720076450543
931 2818 7.237026057223986
932 933 1.6187900050860764
933 934 6.779702805055489
933 926 18.914250921619796
933 932 1.6187900050860764
934 936 2.7618417741628667
934 933 6.779702805055489
934 935 17.97233915109651
935 934 17.97233915109651
936 934 2.7618417741628667
936 2820 14.889055448860388
936 937 5.579002663355656
937 936 5.579002663355656
938 939 12.419106593370726
938 570 18.596150220693456
938 940 14.904462000875775
939 571 12.072310067249377
939 938 12.419106593370726
939 941 15.40188425223944
940 938 14.904462000875775
941 939 15.40188425223944
942 943 14.140171361500284
943 247 8.970515415427508
943 571 6.818170961605425
943 942 14.140171361500284
944 246 10.236764244034848
944 247 29.480127505683203
944 2427 31.39881602899676
945 1218 12.32389811771091
945 177 4.025396098964982
945 946 23.69896558557718
946 1252 5.678157255128616
946 1220 10.174728807787794
947 976 2.313631668836043
947 972 23.515168366586785
947 1040 6.682998663771718
948 1044 2.4764189919224457
948 960 1.5441175608300972
948 986 4.214095249386126
949 1017 25.340356509276823
950 1046 3.5528777094800024
950 269 6.147095112752534
950 1005 5.289394518540705
951 989 3.5075856912209233
952 2024 4.829703134225401
953 2885 0.752064437414504
953 2884 0.830215545098424
953 1030 4.99139835835526
954 270 2.344751187523331
954 1004 8.177297007631354
954 2481 4.225256432645484
955 969 11.325713404641965
955 1017 5.616831528921731
956 989 1.5090945295945166
957 980 8.132417368396853
957 1024 6.150865123318226
957 985 9.937836450751028
958 269 68.76667101580041
959 1028 3.422986166708227
959 965 20.178681874785962
960 3225 1.2867108713198134
960 2347 2.287330050776883
960 948 1.5441175608300972
961 979 20.81889371091615
961 1048 11.509816668326122
961 1049 26.320527182787757
962 2489 4.598073563304228
962 2488 28.44825583018236
962 1019 9.948847800863767
963 967 4.085328649915345
964 970 27.516556263760343
964 1030 9.663234367515548
964 977 8.925466969159283
965 959 20.178681874785966
965 2273 0.37813304898521294
965 2481 4.661730585084741
966 983 3.6862196929620423
966 1022 10.279532319818212
966 1007 4.425124595198834
967 981 7.651064024447928
967 1045 3.975827058626618
967 963 4.085328649915345
968 269 16.372466566002714
968 993 15.160587501758426
968 2166 2.2624599725180583
969 997 49.66899664341317
969 955 11.325713404641967
969 14 10.393562980849497
970 995 4.50564843768879
970 964 27.51655626376034
971 2591 42.847773652264415
971 12 8.962268560671049
971 997 17.999917027236265
972 2017 2.3343191557087253
972 1040 27.63064080613985
972 947 23.515168366586785
973 1012 5.242603312729561
973 989 3.3059519569531464
973 1041 12.404154092957242
974 1002 4.765685802798619
975 1013 6.031017497711487
976 947 2.313631668836043
976 988 0.6635166333211894
976 3298 10.603791585456733
977 987 2.4927736081585277
977 964 8.925466969159283
977 2887 3.6510766201456457
978 1041 6.520126080882913
978 992 3.2800173865085704
978 1011 3.274315037370032
979 961 20.81889371091615
980 957 8.132417368396853
980 16 37.15574017695039
980 1001 28.731050540507468
981 967 7.651064024447928
982 3220 0.8232029927623957
982 3221 0.598130145420699
982 1020 3.1878347283862674
983 966 3.6862196929620423
983 1022 2.549037074613041
983 1023 13.50697858063421
984 1025 8.037896159669852
984 1029 22.647272640124193
984 990 1.5238994818610883
985 996 8.377298551379253
985 957 9.937836450751028
985 1021 92.50620867848178
986 2046 16.55500039384174
986 1020 16.585154793282026
986 948 4.214095249386126
987 977 2.4927736081585277
988 976 0.6635166333211894
988 1046 6.49636692001111
988 1012 4.838894325321874
989 951 3.5075856912209233
989 956 1.5090945295945166
989 973 3.3059519569531464
990 2446 8.236134913274332
990 984 1.5238994818610883
990 270 8.361627792244766
991 3219 0.6475952966068761
991 1020 1.521945210113001
991 2346 3.5604046906464473
992 1005 6.182229578632482
992 269 3.4891319340228755
992 978 3.2800173865085704
993 968 15.160587501758425
994 1007 2.159674392420565
995 970 4.50564843768879
995 1000 9.587755160380015
996 985 8.377298551379253
997 969 49.66899664341317
997 971 17.999917027236265
997 1008 12.174592637690576
998 1013 1.1379541009848728
999 2887 0.8298394590211756
1000 1031 12.120754220521325
1000 1022 6.768273281431813
1000 995 9.587755160380015
1001 980 28.731050540507468
1001 17 16.048117285449734
1001 11 20.350398353459333
1002 1018 1.3624743574456633
1002 2446 2.5113410515750076
1002 974 4.765685802798619
1003 1007 14.620183104485843
1004 1004 14.03626354470719
1004 954 8.177297007631354
1005 992 6.182229578632482
1005 950 5.289394518540705
1005 1041 4.970857187056815
1005 1012 11.345559055947298
1006 1046 12.383000180320845
1007 994 2.159674392420565
1007 1003 14.620183104485843
1007 966 4.425124595198834
1008 2274 33.2252561251817
1008 997 12.174592637690576
1008 1029 9.949941579922763
1009 2273 0.9559138750790248
1010 1024 5.969878475561884
1011 1034 20.415195565850635
1011 978 3.274315037370032
1011 1049 3.6369343698357097
1012 973 5.242603312729561
1012 988 4.838894325321874
1012 1005 11.345559055947298
1013 998 1.1379541009848728
1013 975 6.031017497711487
1013 1040 16.560623180017327
1014 1021 56.03618488666035
1014 12 19.39967029799223
1014 16 21.497996579746058
1015 2046 12.872213311809201
1015 19 9.286677651316461
1015 20 9.631827341261276
1016 1019 37.17482163549223
1017 2615 17.419804252450874
1017 955 5.616831528921731
1017 949 25.340356509276823
1018 1002 1.3624743574456633
1019 962 9.948847800863769
1019 1016 37.17482163549223
1019 2416 6.724494841448774
1020 991 1.521945210113001
1020 986 16.585154793282026
1020 982 3.1878347283862674
1021 1014 56.03618488666034
1021 16 31.691108981478944
1021 985 92.50620867848177
1022 983 2.549037074613041
1022 966 10.27953231981821
1022 1000 6.768273281431814
1023 983 13.506978580634211
1024 957 6.150865123318226
1024 1036 3.2138761083194374
1024 1010 5.969878475561884
1025 1027 11.972206180478672
1025 1049 6.721808482416717
1025 984 8.037896159669852
1026 77 20.035296324733405
1027 1025 11.972206180478672
1028 959 3.422986166708227
1029 1045 9.24870291037403
1029 1008 9.949941579922763
1029 984 22.647272640124196
1030 953 4.99139835835526
1030 2883 9.751773369387266
1030 964 9.663234367515548
1030 271 11.45681270899582
1031 1000 12.120754220521324
1032 1039 2.2638658547624195
1032 2024 4.173248335565303
1032 230 5.489781260095848
1033 19 14.557821582833581
1034 1011 20.415195565850635
1035 1227 83.63600082304876
1036 1024 3.2138761083194374
1037 959 2.343887538360287
1037 2446 32.381462597559434
1038 2017 28.9084909337437
1039 2144 1.237326812320319
1039 952 0.8110887707072153
1040 1013 16.560623180017327
1040 972 27.63064080613985
1040 947 6.682998663771718
1041 978 6.520126080882913
1041 1005 4.970857187056815
1041 973 12.404154092957242
1042 1045 2.561361150586833
1043 2883 1.204923392664493
1044 3222 0.5722181860504565
1044 948 2.4764189919224457
1044 2668 0.9300833182793394
1045 1042 2.561361150586833
1045 967 3.975827058626618
1045 1029 9.24870291037403
1046 988 6.49636692001111
1046 950 3.5528777094800024
1046 1006 12.383000180320845
1047 18 19.669337881100365
1048 961 11.509816668326122
1049 961 26.32052718278775
1049 1011 3.6369343698357097
1049 1025 6.721808482416717
1050 1056 7.737764604774353
1050 1097 10.882796628893207
1050 1061 10.220244737570226
1051 1120 5.541578303531335
1051 146 9.729999573316567
1051 145 6.2323195605447825
1052 160 2.7306999300816193
1053 1104 7.817067401195927
1053 147 4.1937305871039685
1053 146 6.813852269611249
1054 1102 4.99125322240471
1055 1096 2.6293612281250103
1055 3190 1.4822447033253403
1055 669 8.369921069901048
1056 1050 7.737764604774353
1057 1066 3.4877277837962684
1058 1124 8.34462674602377
1058 2364 21.243754642799612
1058 147 12.150102570890049
1059 1083 5.4947235654835636
1060 1078 12.757701485453104
1060 2816 18.412335568831278
1060 1100 11.55749682250363
1061 1050 10.220244737570226
1061 666 8.553394056138373
1061 665 8.653177840532823
1062 1082 4.334934558344167
1063 1078 7.149551496324716
1063 2353 20.41002839295485
1063 1070 3.8244200925202034
1064 2261 2.1150343613550375
1064 2352 6.264113884055908
1064 665 3.9235964897444173
1065 1080 3.4010171565030842
1065 157 16.106567410961354
1065 1072 7.736476330222762
1066 1057 3.4877277837962684
1066 1074 4.253761292681918
1066 1082 3.3631049807673334
1067 2081 3.9143054714369443
1067 1073 17.840399855587815
1067 2363 9.438475620839522
1068 1083 2.9892718444928845
1069 1089 6.942228643246904
1070 1094 5.71850328140969
1070 1063 3.824420092520204
1070 2216 20.259988684527865
1071 63 5.445459511922126
1072 158 21.87455878919055
1072 1065 7.736476330222762
1072 671 12.777252018439539
1073 2204 7.981643646950342
1073 1067 17.840399855587812
1073 1082 4.9916166579278745
1074 1066 4.253761292681917
1075 2359 1.284532012141033
1075 1083 3.3643105650202276
1075 2358 1.0331596422931446
1076 1084 6.890510250077343
1077 143 6.90987743868238
1078 1060 12.757701485453104
1078 3141 16.470501391197363
1078 1063 7.149551496324716
1079 2364 5.498802973902485
1079 2204 5.031133895060609
1079 1098 5.811830823704462
1080 1065 3.4010171565030842
1081 1085 5.631306440800388
1081 2454 13.07736521448087
1081 148 3.6897267627783195
1082 1066 3.3631049807673334
1082 1073 4.9916166579278745
1082 1062 4.334934558344166
1083 1075 3.3643105650202276
1083 1059 5.4947235654835636
1083 1068 2.9892718444928845
1083 2363 5.13151699462823
1084 1092 6.057628347959091
1084 1076 6.890510250077343
1084 1089 1.8972876637717973
1085 1081 5.631306440800388
1085 1097 5.798180722225987
1085 2053 8.036863812232452
1086 132 7.925825307542187
1087 666 3.5791337428944185
1088 1090 6.796779035604938
1088 1095 25.298436482120994
1088 3114 11.532182760277207
1089 1084 1.8972876637717973
1089 1069 6.942228643246904
1089 1092 6.0861644499965335
1090 1088 6.796779035604938
1091 2260 4.042828525400523
1092 1094 0.8423977362297996
1092 1084 6.057628347959091
1092 1089 6.0861644499965335
1093 670 4.922993969270097
1094 1092 0.8423977362297996
1094 3275 13.948144632071912
1094 1070 5.71850328140969
1095 1088 25.29843648212099
1095 70 6.9718950879787185
1095 3026 8.287014458612996
1096 1055 2.6293612281250103
1097 1050 10.882796628893207
1097 1085 5.798180722225987
1097 2130 6.715707969651809
1098 3110 1.3347067442678096
1098 1103 2.2456503539451274
1098 1079 5.811830823704461
1099 3275 0.40014402449344283
1100 2356 1.0583618328933422
1100 2355 1.0821719691249028
1100 1060 11.557496822503627
1101 143 0.7100855398078592
1101 155 32.02100162182575
1101 669 5.052457454402076
1102 1129 9.044541670492798
1102 1054 4.99125322240471
1102 1122 19.560635606565185
1103 1098 2.2456503539451274
1104 1053 7.817067401195925
1105 147 7.0025551697680175
1106 1131 5.0505001437107016
1106 146 18.27410163585658
1106 1108 5.652493469379783
1107 1110 12.87613205456767
1107 1108 5.372222783503297
1107 1109 5.640857985771698
1108 1121 8.929956733032093
1108 1107 5.372222783503297
1108 1106 5.652493469379784
1109 1113 8.946318438955103
1109 3015 6.5002522994639325
1109 1107 5.640857985771698
1110 1107 12.876132054567668
1111 1112 5.433151389520144
1111 145 6.808090370339996
1112 1111 5.433151389520144
1112 3015 6.106933559434938
1113 1109 8.946318438955103
1113 3059 8.304144089885005
1113 2952 3.572839032647747
1114 1115 18.526792396491526
1115 1117 5.727788149142862
1115 1116 4.938223505289122
1115 1114 18.526792396491526
1116 1115 4.938223505289122
1117 2268 6.031334594153389
1117 1115 5.727788149142862
1117 1118 21.674685413511053
1118 1117 21.674685413511053
1119 2268 9.517565703117015
1119 71 9.629419334421582
1119 2835 7.65017387596991
1120 1051 5.541578303531335
1121 1208 5.8673703821873575
1121 1108 8.929956733032093
1121 1122 15.231319846719476
1122 1123 14.586088351595427
1122 1121 15.231319846719476
1122 1102 19.56063560656518
1123 1124 4.35749965274839
1123 1125 9.133424919270793
1123 1122 14.58608835159543
1124 1058 8.34462674602377
1124 1123 4.35749965274839
1124 1129 23.628492454115516
1125 1123 9.133424919270793
1125 1126 4.45595683162649
1125 3112 7.846235610348937
1126 1125 4.45595683162649
1126 3113 6.209667223671354
1126 1127 3.5859713092374084
1127 1126 3.5859713092374093
1128 3112 1.776765768031755
1129 1130 7.027216558753513
1129 1124 23.628492454115513
1129 1102 9.044541670492798
1130 1129 7.027216558753513
1130 1130 9.742982007591538
1131 1106 5.0505001437107016
1132 1205 6.88623372549457
1132 1133 3.301459456664084
1132 144 8.547927739287742
1133 1204 12.177538969231485
1133 1134 16.320722389053284
1133 1132 3.301459456664084
1134 1135 2.2685731946321352
1134 1200 13.329593532449406
1134 1133 16.32072238905328
1135 1136 4.125933233243776
1135 1134 2.2685731946321352
1135 1140 22.62743715905655
1136 1135 4.125933233243776
1136 2349 0.6869424010091212
1136 1138 9.085233213683019
1137 2349 19.743261540398237
1138 1136 9.085233213683019
1139 1166 28.714312310174176
1139 2248 4.9801384794171195
1139 2246 5.271360188944386
1140 1141 2.004690348994976
1140 1135 22.62743715905655
1140 1190 7.388240821242079
1141 2246 5.394387234181534
1141 1140 2.004690348994976
1141 1142 26.831656645707543
1142 1143 14.540674111716713
1142 1175 11.475914970827167
1142 1141 26.831656645707543
1143 1142 14.540674111716713
1143 1144 2.739441448590826
1143 1146 3.0840967532300185
1144 1145 1.6338964819107002
1144 2276 1.490041461812036
1144 1143 2.739441448590826
1145 1144 1.6338964819107002
1146 1148 4.11600698492945
1146 1143 3.084096753230018
1146 1147 1.5052028813286327
1147 1146 1.5052028813286327
1148 1146 4.11600698492945
1149 1150 2.891707073452003
1149 2248 14.52443807499147
1149 1151 4.510309914305988
1150 1156 9.069402847869474
1150 1149 2.891707073452003
1150 1152 6.227838332651083
1151 1149 4.510309914305988
1152 1153 7.211194052768132
1152 1154 3.336964310770448
1152 1150 6.227838332651083
1153 1152 7.211194052768132
1154 1173 10.772977158826444
1154 1152 3.336964310770448
1154 1155 9.018616754639789
1155 1154 9.01861675463979
1156 1157 3.6844470781479464
1156 1174 2.1663007999522916
1156 1150 9.069402847869474
1157 1156 3.6844470781479464
1157 3290 0.9509107048436514
1157 3289 0.7798479601644376
1158 2348 3.6200858947297667
1158 1165 10.28833984248612
1158 1162 37.173381152803906
1159 1160 3.831059500420796
1159 1162 6.1611113011956755
1159 156 28.247847322537535
1160 1159 3.831059500420796
1160 1168 12.829330122870244
1160 1161 18.509534915427462
1161 1160 18.509534915427462
1162 1163 10.247988258157823
1162 1159 6.1611113011956755
1162 1158 37.1733811528039
1163 1162 10.247988258157823
1163 1165 22.053443086774905
1163 1164 11.148512553309809
1164 1167 4.102596260265167
1164 1165 17.052484962898742
1164 1163 11.148512553309809
1165 1158 10.28833984248612
1165 1163 22.053443086774905
1165 1164 17.052484962898742
1166 1139 28.714312310174176
1167 1164 4.102596260265167
1168 1169 0.9163191738479889
1168 1170 6.331657776903131
1168 1160 12.829330122870244
1169 1171 2.0819670344575036
1169 1168 0.9163191738479889
1170 1168 6.331657776903131
1171 1169 2.0819670344575036
1172 1187 0.8659093433833039
1173 1154 10.772977158826443
1174 1156 2.1663007999522916
1175 1142 11.475914970827167
1175 1176 18.660267498347093
1175 1185 5.651306338362479
1176 1177 7.4375484194807004
1176 1179 18.887605297548347
1176 1175 18.660267498347093
1177 1178 2.698011517078282
1177 3284 1.6597366152752007
1177 1176 7.4375484194807004
1178 1177 2.698011517078282
1179 1176 18.887605297548347
1180 1183 9.743316974651572
1180 2133 18.60436130212356
1180 1181 22.371857400849006
1181 1180 22.37185740084901
1182 1193 4.55591932366189
1182 1183 11.225574615670965
1182 1190 21.029906049243767
1183 1180 9.743316974651572
1183 1182 11.225574615670965
1183 1184 25.210072625399956
1184 1183 25.210072625399956
1185 2275 6.9677375149613665
1185 1175 5.651306338362479
1185 1187 15.099949008228549
1186 2275 1.7234503145590387
1187 1172 0.8659093433833039
1187 1185 15.099949008228549
1187 1188 3.481252671283203
1188 1187 3.481252671283203
1189 2349 2.9339251691371464
1190 3009 0.7363747379833812
1190 1191 7.923082634694818
1190 1182 21.029906049243767
1190 1140 7.388240821242079
1191 3288 6.731649780766493
1191 1190 7.923082634694818
1191 2716 4.830596924607383
1192 3288 6.802505400481898
1193 1182 4.55591932366189
1193 1194 9.757420585593938
1193 105 10.342646172765162
1194 3283 0.8336009315277535
1194 3282 0.734497492598645
1194 1193 9.757420585593938
1195 1199 31.114909474866078
1195 1196 14.753628502336861
1195 1201 27.41382435075402
1196 71 4.413832308158732
1196 1195 14.753628502336866
1196 1338 6.527018954257367
1197 2698 8.967650426894284
1197 105 8.499166244159337
1197 1338 5.147501879573058
1198 2698 1.250771563026639
1199 1200 5.853712099637816
1199 1195 31.114909474866074
1199 1202 2.076180275527437
1200 1199 5.853712099637819
1200 1201 9.416709949803376
1200 1134 13.329593532449408
1201 1203 7.73197427261459
1201 1195 27.41382435075402
1201 1200 9.416709949803376
1202 1199 2.076180275527437
1203 1201 7.73197427261459
1204 1133 12.177538969231488
1205 1206 6.941656708644439
1205 1132 6.886233725494568
1205 1207 11.232094499552627
1206 1205 6.941656708644439
1207 1205 11.232094499552627
1208 1121 5.867370382187359
1209 2034 16.809557848337104
1209 1210 44.94030935060847
1209 1216 3.325005286090932
1210 1209 44.94030935060848
1211 1212 30.021430785361858
1211 1213 26.469330680083353
1211 2140 3.7342053852380905
1212 1211 30.021430785361844
1213 1215 4.7678533641322485
1213 1214 3.2557475854774793
1213 1211 26.46933068008336
1214 1213 3.2557475854774798
1215 1213 4.7678533641322485
1216 1209 3.325005286090932
1217 1217 9.446711751357348
1217 2033 97.37176152990341
1218 3054 3.6088875644626626
1218 945 12.32389811771091
1219 1243 5.3171347489965495
1219 179 12.180941890868047
1220 55 4.153216648430618
1220 1237 13.403631183464721
1220 946 10.174728807787794
1221 1439 5.503229888804066
1221 44 2.0025906493491448
1222 1439 1.4280743490007102
1222 1240 7.393418150880974
1222 1891 2.964111312157779
1223 1892 1.6111097212609595
1223 1248 6.692264352186479
1223 182 1.4674757680861183
1224 181 3.9974606493537728
1224 2419 14.467842612964468
1224 182 4.655155827886054
1225 1258 4.227331806961362
1225 1226 9.79765115540601
1225 2490 20.06732276893656
1226 2928 20.14225893322227
1226 547 9.533128888147735
1226 1225 9.79765115540601
1227 1035 83.63600082304875
1227 1270 52.351265064542396
1227 230 8.251916464755578
1227 1228 28.96216554198885
1228 1271 28.481357477684437
1228 1227 28.962165541988846
1228 1229 12.744757104968535
1229 1276 28.24231068379101
1229 1228 12.744757104968535
1229 1230 13.580565811945199
1230 1291 7.934813082618713
1230 1229 13.5805658119452
1230 1231 21.45385746251605
1231 2153 8.50859982425225
1231 1230 21.45385746251605
1231 135 5.079987790868188
1232 2627 14.263824979631789
1232 3308 3.170003424094196
1232 1294 6.8545924994995255
1233 2594 5.4173944787855435
1233 1289 10.92840426554279
1234 1242 5.670608410379189
1234 1235 5.804521360049007
1234 1244 13.393282451707258
1235 1236 8.845093911803584
1236 3122 3.6196537349786104
1236 1238 13.895041143936874
1237 1220 13.403631183464721
1237 56 4.2094062803055845
1237 3121 4.030063500241938
1238 1239 10.97781016366718
1238 1241 9.823120906094415
1239 1221 7.222572098503249
1239 1240 10.083541995140536
1240 1239 10.083541995140536
1240 1241 12.079070195190944
1241 1238 9.823120906094415
1241 1246 11.957804851996263
1242 1234 5.670608410379189
1242 179 4.7448628164141
1242 1243 11.212014082201385
1243 1219 5.3171347489965495
1243 1224 27.415750588945695
1244 1243 2.7085497899581323
1244 1234 13.393282451707258
1244 1247 2.5379989108493324
1245 1246 4.451037902393465
1246 1235 3.5332860401956503
1246 1245 4.451037902393467
1247 1244 2.5379989108493324
1248 1250 3.3297351864006597
1248 1249 7.545680868663478
1248 1223 6.692264352186478
1249 1248 7.545680868663478
1250 1248 3.3297351864006597
1251 3052 3.7335508408835816
1251 1218 15.98017666459586
1252 946 5.678157255128616
1252 1253 4.677193670355505
1252 2264 3.309791891611662
1253 3055 3.3726681220386308
1253 1254 3.0923538665396135
1253 1251 6.9461622313047
1253 1252 4.677193670355505
1254 1253 3.0923538665396135
1255 180 3.6101417939330265
1255 1257 7.361844730470802
1255 1256 7.385257361629887
1256 1255 7.385257361629887
1257 1255 7.361844730470802
1258 1259 1.651700481981753
1258 1262 16.972689334336867
1258 1225 4.227331806961362
1259 1258 1.651700481981753
1259 2616 10.327262210328122
1259 2414 4.8216741554500615
1260 1262 5.5783754714697515
1260 2413 4.437719469591299
1260 2414 5.398343612373203
1261 1262 37.63296471791387
1261 2418 26.045151983455643
1261 1263 9.436776748833863
1262 1268 12.974209519199066
1262 1258 16.972689334336867
1262 1260 5.5783754714697515
1262 1261 37.63296471791387
1263 1264 2.308358798026323
1263 1265 3.3009892610689184
1263 1261 9.436776748833863
1264 1263 2.308358798026323
1265 1263 3.3009892610689184
1266 2928 7.633819228063914
1266 1267 1.5919954997313424
1266 2322 5.514031485694003
1267 1266 1.5919954997313424
1268 1262 12.974209519199066
1269 230 18.152158783994775
1270 1271 13.790360790492404
1270 1227 52.35126506454238
1270 1272 11.099030700949298
1271 1273 9.36282206027775
1271 1270 13.790360790492404
1271 1228 28.48135747768443
1272 1270 11.099030700949296
1273 1271 9.36282206027775
1273 1274 8.22029911071743
1273 1275 9.206880536786503
1274 1273 8.22029911071743
1275 1273 9.206880536786503
1276 1229 28.24231068379101
1276 1277 0.7448142303402622
1277 1296 3.9942781070047624
1277 1278 1.1292605079552316
1278 1279 8.519331120198515
1278 1276 0.7546774317941354
1279 1278 8.519331120198515
1279 1280 4.679913911300594
1279 1290 33.3749411550435
1280 1281 1.22554060170198
1280 1283 1.226166907709268
1280 1279 4.679913911300594
1281 1282 1.0627484670663019
1281 1283 2.108650410396338
1281 1280 1.22554060170198
1282 1281 1.0627484670663019
1283 1284 0.7251562968208773
1283 1280 1.226166907709268
1283 1281 2.108650410396338
1284 1283 0.7251562968208773
1285 1289 1.5393705808566671
1285 1286 2.017958593714019
1285 1287 2.882275756150782
1286 1285 2.017958593714019
1287 1288 1.821783190541863
1287 1285 2.882275756150782
1287 1289 1.4138820345428869
1288 1287 1.821783190541863
1289 1285 1.5393705808566671
1289 1233 10.92840426554279
1289 1287 1.4138820345428869
1290 1292 9.102053401908794
1290 1279 33.3749411550435
1290 1291 10.232011257384732
1291 1293 7.588839193207213
1291 1290 10.23201125738473
1291 1230 7.934813082618711
1292 1290 9.102053401908794
1293 1291 7.588839193207214
1294 1232 6.8545924994995255
1295 2627 3.6264637265715804
1295 2878 13.089065816859822
1296 1277 3.9942781070047624
1297 1432 20.112943946289704
1297 1313 5.450183988476226
1297 1336 14.638566897778091
1298 1315 7.3086444765150755
1298 2245 7.9529985665931955
1298 1341 9.08933146142352
1299 1400 11.831661913313466
1299 104 8.889619808497807
1299 1322 27.150027100054867
1300 2970 6.027103654231007
1300 1355 9.00048437864065
1300 1343 12.020058087236569
1301 1324 3.9447226520280223
1302 1325 12.668094932257798
1302 104 11.854064682235695
1302 105 13.200508646891398
1303 2222 8.394649276681488
1303 1346 5.493740549749905
1303 1331 4.606228800139604
1304 1328 3.2378168153360107
1304 1317 4.057535062595465
1304 3094 4.689909063988985
1305 103 1.6310708240099894
1305 1357 8.124897906177097
1305 287 6.938377988737592
1306 1332 3.707591188225758
1307 1348 5.7768252513721885
1307 113 2.2089660640310345
1307 1416 4.905386678662417
1308 1347 2.150172508534398
1308 1345 3.2710427492812886
1308 1323 9.092153056432904
1309 1333 5.360449659084204
1310 2223 1.6312558979204175
1310 1408 5.828572414987811
1310 2137 6.724340635583105
1311 1320 5.740833302824772
1311 1419 13.524932413308306
1311 109 46.688917709706296
1312 1332 8.246645311921482
1312 1323 2.466495557569515
1312 1319 1.4161190287759735
1313 1315 16.02743393795525
1313 1324 2.7355669914293683
1313 1297 5.450183988476225
1314 3294 1.145167350603177
1314 3295 2.9369394399697946
1314 1340 3.9480196109912975
1315 1298 7.3086444765150755
1315 1313 16.02743393795525
1315 2835 8.824879011784514
1316 1338 11.549739770777302
1316 1325 15.14782317020007
1317 1304 4.057535062595465
1317 71 18.676833357025593
1317 1342 12.481458638772182
1318 1349 5.127616357718301
1318 1353 10.161070026432748
1318 1334 3.73721661333703
1319 1312 1.4161190287759735
1320 1563 1.5405674041025503
1320 1311 5.740833302824772
1320 1420 9.710540795805203
1321 1404 1.9028949569020541
1321 1334 5.682920515516309
1321 1326 6.057997188892642
1322 2137 5.392496045206717
1322 1299 27.150027100054878
1322 1339 13.608838149422787
1323 1312 2.466495557569515
1323 1352 2.3345523185733312
1323 1308 9.092153056432904
1324 2555 12.42985636992385
1324 1313 2.7355669914293683
1324 1301 3.9447226520280223
1325 1302 12.668094932257798
1325 1316 15.14782317020007
1326 2310 8.843264057750343
1326 1321 6.057997188892643
1326 2223 9.36529809432527
1327 1348 2.855632340793334
1327 109 17.425515768469158
1327 1417 1.9101323474347283
1328 1333 8.864449212250623
1328 1346 5.112384886259926
1328 1304 3.2378168153360103
1329 3094 0.8043151756176168
1330 1347 4.352962203226954
1331 1303 4.606228800139604
1332 1344 1.6518729353565078
1332 1306 3.707591188225758
1332 1312 8.246645311921482
1333 1350 3.1921002494796027
1333 1309 5.360449659084204
1333 1328 8.864449212250621
1334 1403 4.427568090694498
1334 1318 3.73721661333703
1334 1321 5.68292051551631
1335 1563 6.269300263849687
1335 2338 4.90395312184408
1335 1351 3.7324765944324376
1336 1423 6.13008812674218
1336 1297 14.638566897778091
1336 1337 7.426609319411998
1337 1422 1.8114838830122009
1337 1336 7.426609319412
1337 1340 5.286004261951206
1338 1316 11.5497397707773
1338 1197 5.147501879573058
1338 1196 6.527018954257367
1339 3129 14.003499607029665
1339 1359 8.885924358373929
1339 1322 13.608838149422786
1340 1428 5.103406092027466
1340 1337 5.286004261951206
1340 1314 3.9480196109912975
1341 1424 3.837780259823655
1341 1298 9.08933146142352
1341 70 11.980062680801076
1342 1347 14.662951585568413
1342 1317 12.481458638772182
1342 2555 6.152218992781619
1343 1410 7.8890395817688495
1343 1300 12.020058087236569
1343 113 15.963873782251861
1344 1332 1.6518729353565078
1345 1308 3.2710427492812886
1346 2309 3.2837048343925077
1346 1303 5.493740549749905
1346 1328 5.112384886259926
1347 1308 2.150172508534398
1347 1342 14.662951585568413
1347 1330 4.352962203226954
1348 1307 5.7768252513721885
1348 1327 2.855632340793334
1348 1417 1.9678484312000184
1349 1318 5.127616357718301
1350 1333 3.1921002494796027
1351 2340 10.587211338374283
1351 70 17.47186901172963
1351 1335 3.7324765944324376
1352 1323 2.3345523185733312
1353 1354 16.469061552604526
1353 1318 10.16107002643275
1353 1405 11.200999885314728
1354 1355 4.096063666026753
1354 1353 16.469061552604526
1354 3092 8.593859735744331
1355 1354 4.096063666026753
1355 1300 9.00048437864065
1355 2982 8.700512985418845
1356 1408 9.040121398396604
1357 1358 11.761737751498405
1357 1305 8.124897906177097
1357 1360 14.055915581015485
1358 1359 1.8854868453084161
1358 1357 11.761737751498405
1358 1363 7.086365519946617
1359 1358 1.8854868453084161
1359 1339 8.88592435837393
1359 1402 10.00585093039143
1360 1361 7.266782314414715
1360 1357 14.055915581015485
1360 2332 9.492208955925683
1361 3285 5.081360366221864
1361 1362 3.401045336326722
1361 1360 7.266782314414715
1362 1363 7.109490086168536
1362 1361 3.401045336326722
1362 1436 5.16333626038712
1363 1358 7.086365519946617
1363 1362 7.109490086168536
1363 1364 7.21394616172565
1364 1363 7.21394616172565
1365 1436 5.56892229853464
1366 1391 3.162721359890024
1367 2196 10.308609820571153
1367 2206 8.288682362954116
1367 102 6.75381284573744
1368 1369 5.836086117430225
1368 1377 8.453365317283113
1368 1410 20.32265523943247
1369 1376 8.261738672761684
1369 1370 4.598178198349235
1369 1368 5.836086117430225
1370 1371 1.3530193852918664
1370 1369 4.598178198349235
1370 1412 14.93728614868056
1371 1370 1.3530193852918664
1371 1375 7.368420156324114
1371 1372 6.083037739475428
1372 1374 6.27837842174403
1372 2492 6.8891192731027395
1372 1371 6.083037739475428
1373 1373 6.956913694914187
1373 2492 6.4475884616452666
1374 1372 6.27837842174403
1374 1374 7.03125943089827
1375 1371 7.368420156324114
1375 1375 6.333740842897844
1376 1369 8.261738672761684
1376 1376 6.328809093982449
1377 1377 7.049293939205172
1377 1368 8.453365317283113
1378 1379 6.041033059481153
1378 1486 4.853662852155987
1379 1378 6.041033059481154
1379 113 7.712692715763866
1380 1527 4.51266432258656
1380 1398 3.4918316705039634
1380 1513 9.568840728595537
1381 1445 5.167114405903224
1381 1527 16.61781287607782
1381 1539 16.842235886539555
1382 1383 3.6602554413036597
1382 115 5.759141687755689
1382 1392 10.426226571309986
1383 1384 5.427009542529757
1383 1382 3.6602554413036597
1383 2493 7.055366371527062
1384 1385 3.8856234685298054
1384 2496 2.3245767696020097
1384 1383 5.427009542529757
1385 1384 3.8856234685298054
1385 2494 3.9388734011393898
1385 1386 5.287253764577047
1386 1393 3.0862793549331022
1386 1387 6.029062061563771
1386 1385 5.287253764577048
1387 1388 1.6323510229217413
1387 1396 4.988207464961424
1387 1386 6.029062061563771
1388 1387 1.6323510229217413
1388 1389 4.392205927209595
1388 1394 3.419940443431786
1389 2495 2.6009706798946337
1389 1388 4.392205927209595
1389 1390 9.565668509258462
1390 3268 2.7419949861730095
1390 1391 11.018993110947582
1390 1389 9.56566850925846
1391 1390 11.01899311094758
1391 1392 6.134704959880028
1391 1366 3.162721359890024
1392 1382 10.426226571309986
1392 1391 6.134704959880028
1392 1395 8.678884648798585
1393 1386 3.0862793549331022
1394 1388 3.419940443431786
1395 1392 8.678884648798585
1396 1387 4.988207464961424
1397 1413 3.1908474424143596
1397 2492 15.284179374094325
1397 1398 12.104182067043844
1398 1399 5.9278770924887345
1398 1380 3.4918316705039634
1398 1397 12.104182067043844
1399 2297 1.6729963944103001
1399 2295 2.8362168685228433
1399 1398 5.927877092488734
1400 1401 10.118507526176248
1400 1561 1.086003108756663
1400 2311 8.158963631294661
1400 1299 11.831661913313468
1401 1400 10.118507526176248
1401 1559 0.7898173142204774
1401 1560 0.8875084430026047
1402 1359 10.005850930391432
1403 1334 4.427568090694498
1404 1321 1.9028949569020541
1405 2313 2.241297820590333
1405 1353 11.20099988531473
1405 1406 4.2454574527746205
1406 1405 4.2454574527746205
1407 3092 1.3035397259632104
1408 1409 9.804034124484561
1408 1310 5.828572414987811
1408 1356 9.040121398396604
1409 1408 9.804034124484563
1410 1343 7.8890395817688495
1410 1368 20.322655239432468
1410 114 29.29108859412623
1411 1414 12.673636541204692
1412 1370 14.93728614868056
1413 1414 2.140518109264112
1413 1397 3.1908474424143596
1413 1415 4.77964398154043
1414 1413 2.140518109264112
1414 1411 12.67363654120469
1414 2837 4.440527871143453
1415 1413 4.77964398154043
1416 1307 4.905386678662417
1417 1418 3.596356268088389
1417 1348 1.9678484312000184
1417 1327 1.9101323474347283
1418 1417 3.596356268088389
1419 1311 13.524932413308306
1420 1320 9.710540795805205
1421 1425 7.509439539293897
1422 1337 1.8114838830122009
1422 2333 1.9430067102758124
1422 2997 1.9577321256621119
1423 3100 0.9554419704256815
1423 1336 6.13008812674218
1423 2343 2.8621097523366212
1424 1425 5.556483167682232
1424 1341 3.837780259823655
1424 2341 5.934492530189656
1425 1427 2.3592868495377703
1425 1426 1.046677798133306
1425 1424 5.556483167682232
1425 1421 7.509439539293897
1426 1425 1.046677798133306
1427 1425 2.3592868495377703
1428 1340 5.103406092027466
1428 1429 4.330819108069305
1428 2337 9.918601597661471
1429 1430 1.646946311742837
1429 1428 4.330819108069305
1429 3293 1.9093589396280646
1430 1429 1.646946311742837
1431 2337 0.9837267300294079
1432 1433 3.2998580262522865
1432 1434 5.011405004510162
1432 1297 20.112943946289704
1433 1432 3.2998580262522865
1434 1432 5.011405004510162
1434 2334 4.754106608638019
1434 2336 3.3458065065683917
1435 3285 0.8005482823867717
1436 3126 4.641501010356096
1436 1365 5.568922298534641
1436 1362 5.16333626038712
1437 3126 10.609542596676173
1438 258 10.28960029779139
1438 256 10.671625677303687
1438 1439 19.090916259691248
1439 1222 1.4280743490007102
1439 1221 5.503229888804066
1439 1438 19.09091625969125
1440 1459 2.9840439141086534
1440 1485 0.29702639348672455
1441 1530 6.534038356875249
1442 1524 8.040741733647636
1443 2083 7.719899270019238
1443 1482 9.206821176535092
1444 1511 17.420426142785885
1445 1549 1.3559307086280112
1445 1531 1.794466839713031
1445 1381 5.167114405903224
1446 1504 2.3807064710698875
1446 1539 3.785426737638975
1446 2497 1.0172312593226769
1447 1517 4.772227560867734
1448 2345 1.0842730112554253
1448 1460 6.581206889471478
1448 1473 13.348124175683632
1449 1569 6.788614598419403
1449 1479 8.028658134584717
1450 1493 1.451999103172375
1450 1537 7.83252150012468
1450 1534 17.19417090753592
1451 1533 4.653035681511323
1451 1466 3.0442161872946114
1451 1479 22.02604680446937
1452 1535 2.9207262062085553
1452 1526 15.030294723844788
1452 1540 7.731937418824711
1453 1527 2.445693070140577
1453 2293 11.855507632682453
1453 1548 6.291559402712722
1453 2300 6.039156417047624
1454 2305 4.4097716377987775
1454 1555 7.101948445248597
1454 2301 9.831801339693252
1455 1510 2.1071240632979613
1456 1556 2.498548391716646
1456 1501 17.624816852789206
1456 1537 12.390670092711417
1457 2302 4.484754625213449
1457 68 7.408081127306857
1457 1558 10.314044955145098
1458 1488 8.397240560442077
1459 1440 2.9840439141086534
1459 1541 7.412317246648451
1460 1448 6.581206889471478
1461 1531 1.0129211164681144
1461 1472 3.469215549266782
1461 2277 6.853210427001725
1462 1512 7.7136523403091575
1463 65 26.05995885584066
1463 66 17.34856551624304
1463 1556 60.74150353931349
1464 1488 17.745240147401052
1465 1517 2.4301487889697637
1465 1509 0.5867043982761639
1465 1533 4.964308919577067
1466 1451 3.0442161872946114
1467 1508 3.017966828224962
1468 2293 1.08008162044761
1469 2305 0.7260613675323856
1470 2302 1.236208101814424
1471 2291 1.1214429261530712
1472 1461 3.469215549266782
1473 1499 8.309193246610555
1473 1530 5.700125762684928
1473 1448 13.348124175683632
1474 1545 24.71611643527287
1474 1518 13.792399010412415
1474 1542 6.951008990057867
1475 1530 5.152580259032466
1475 69 10.13587689947468
1475 107 22.635970454900193
1476 1505 5.608219191229655
1476 66 26.656948985463195
1476 1491 5.3282999811691205
1477 1483 17.51245574122665
1477 1487 10.25045522991412
1477 107 10.521684775363763
1478 2296 1.2050644411540192
1479 1451 22.026046804469377
1479 1503 4.726179152617478
1479 1449 8.028658134584717
1480 3257 0.46595628744937584
1480 3258 0.4279594137596321
1480 1551 4.0472440929166
1481 1508 9.43802657671341
1482 1443 9.206821176535092
1482 1493 4.311036520513093
1482 1532 7.670611683524492
1483 1558 5.469140155174158
1483 1477 17.51245574122665
1483 1497 10.801799541931741
1484 69 6.177272228035957
1484 1506 2.493659735891703
1484 108 30.002460276878793
1485 1440 0.29702639348672455
1485 1558 8.54206535247658
1485 1495 3.641277671285766
1486 1524 2.3885997490655453
1486 114 2.3427170140982763
1486 1378 4.853662852155987
1487 1545 17.024192183646587
1487 1543 6.984155941605679
1487 1477 10.25045522991412
1488 1464 17.745240147401045
1488 1504 18.32307394262444
1488 1458 8.397240560442077
1489 1508 3.4865296307977705
1489 1510 1.0384335132076465
1489 2614 3.710478327889176
1490 1531 5.176527973769274
1491 1476 5.3282999811691205
1492 1509 5.492690581327859
1492 1503 10.715705208764643
1493 1450 1.451999103172375
1493 1482 4.311036520513093
1493 2287 8.501962271117227
1494 1512 7.993247638962972
1494 1541 11.719297857633228
1494 112 6.817540112065761
1495 1485 3.641277671285766
1496 1536 2.8093072710831306
1496 114 5.983258360553543
1496 1513 9.852646417119942
1497 2344 1.0260182407236569
1497 1521 3.61019591957355
1497 1483 10.80179954193174
1498 3118 0.9996875359049059
1499 1515 1.6124931828632811
1499 1473 8.309193246610555
1499 1528 7.725813093151952
1500 1540 15.084787595061073
1501 1532 7.846925192737497
1501 1456 17.624816852789206
1501 1516 6.420660745387422
1502 1518 4.148892843879862
1503 1492 10.71570520876464
1503 1479 4.726179152617478
1504 1488 18.32307394262444
1504 1446 2.3807064710698875
1504 1529 9.474078724973966
1505 1476 5.608219191229655
1505 1520 6.6245649679626295
1505 2025 11.7001896474544
1506 1484 2.493659735891703
1506 2852 20.520690342748253
1506 1507 10.885299294568755
1507 1506 10.885299294568755
1508 1481 9.43802657671341
1508 1489 3.4865296307977696
1508 1467 3.017966828224962
1509 1465 0.5867043982761639
1509 1492 5.49269058132786
1510 1489 1.0384335132076465
1510 1519 3.0222597281068873
1510 1455 2.1071240632979613
1511 1444 17.42042614278588
1511 1545 8.574331730749421
1511 3264 5.134432853445655
1512 68 8.803715822825328
1512 1494 7.993247638962972
1512 1462 7.7136523403091575
1512 1606 20.41764175626048
1513 1496 9.852646417119942
1513 1380 9.568840728595536
1513 1555 2.427389984141069
1514 3116 0.4115314433452751
1515 1499 1.6124931828632811
1516 1501 6.420660745387422
1516 1611 4.784282999252036
1516 1612 8.140705067601749
1517 1465 2.4301487889697637
1517 1447 4.772227560867734
1517 1547 10.814935536108598
1518 1553 7.479303646376247
1518 1502 4.148892843879862
1518 1474 13.792399010412415
1519 1510 3.0222597281068873
1519 1549 3.318278916559488
1519 1557 4.262473904739781
1520 1505 6.6245649679626295
1521 1497 3.61019591957355
1522 1536 2.4565054218868303
1523 1551 5.815670041174613
1524 1486 2.3885997490655453
1524 1544 15.113448604851516
1524 1442 8.040741733647636
1525 2301 0.9151772586390751
1526 1552 1.0391105374854332
1526 1538 3.5538465861078286
1526 1452 15.030294723844792
1527 1453 2.445693070140577
1527 1380 4.51266432258656
1527 1381 16.617812876077817
1528 1499 7.725813093151954
1529 1504 9.474078724973966
1530 1441 6.534038356875249
1530 1475 5.152580259032465
1530 1473 5.700125762684928
1531 1461 1.0129211164681144
1531 1445 1.794466839713031
1531 1490 5.176527973769274
1532 1546 3.5497122016493297
1532 1482 7.670611683524492
1532 1501 7.846925192737497
1533 1451 4.653035681511323
1533 1551 10.543277287810183
1533 1465 4.964308919577067
1534 1450 17.19417090753592
1534 67 10.937705472685279
1534 1553 1.3021997762569077
1535 1452 2.9207262062085553
1535 1555 4.857659233026389
1535 2298 3.65059460202163
1536 1496 2.8093072710831306
1536 1522 2.4565054218868303
1536 2291 4.692858918892804
1537 1450 7.83252150012468
1537 1565 14.060301028294091
1537 1456 12.390670092711417
1538 1526 3.5538465861078286
1539 1446 3.785426737638975
1539 1381 16.84223588653955
1539 115 3.8374698257773203
1540 1554 5.626705805846355
1540 1452 7.731937418824711
1540 1500 15.084787595061075
1541 1494 11.719297857633226
1541 1459 7.412317246648451
1541 2296 14.46827958507532
1542 85 41.98851422716617
1542 1474 6.951008990057867
1542 1609 19.534660618158753
1543 1543 16.986989352284557
1543 1487 6.984155941605679
1544 1524 15.113448604851516
1545 1474 24.71611643527287
1545 1487 17.024192183646587
1545 1511 8.574331730749421
1546 1532 3.5497122016493297
1547 1517 10.814935536108598
1548 3118 4.002283128384119
1548 3116 9.876319612561575
1548 1453 6.291559402712722
1549 1445 1.3559307086280112
1549 1519 3.3182789165594877
1549 1562 3.2247576887194693
1550 2298 0.8603623403986591
1551 1523 5.815670041174613
1551 1533 10.543277287810183
1551 1480 4.0472440929166
1552 1526 1.0391105374854332
1553 1518 7.479303646376247
1553 1534 1.3021997762569077
1553 2083 4.076350993643352
1554 1540 5.626705805846355
1555 1535 4.857659233026389
1555 1454 7.101948445248597
1555 1513 2.427389984141069
1556 1456 2.498548391716646
1556 65 17.90698626396816
1556 1463 60.74150353931351
1557 1519 4.262473904739781
1558 1485 8.54206535247658
1558 1483 5.469140155174158
1558 1457 10.314044955145098
1559 1401 0.7898173142204774
1560 1401 0.8875084430026047
1561 1400 1.086003108756663
1562 1549 3.224757688719469
1563 1583 11.55591999739652
1563 1335 6.269300263849687
1563 1320 1.5405674041025503
1564 1606 15.621317174728198
1564 110 5.095378229377723
1564 108 10.454286397292822
1565 1603 8.812743260504678
1565 67 3.8880750226944505
1565 1537 14.060301028294088
1566 1625 4.080509567058628
1566 84 9.003952672485713
1566 1567 16.645716563241557
1567 1697 2.920580773921733
1567 1566 16.645716563241557
1567 3142 1.61215748953179
1568 85 1.18150437798151
1568 1712 7.744271000154929
1568 1569 5.15542604994573
1569 1714 8.482147604121693
1569 1568 5.15542604994573
1569 1449 6.788614598419403
1570 3030 23.95477172845165
1570 2605 8.026994845886339
1571 1795 1.9132831530395966
1571 1707 23.334381565018553
1571 1572 5.457786545765967
1572 1673 27.195677306930193
1572 1571 5.457786545765967
1572 1573 5.7936459929686075
1573 1671 22.484955349494733
1573 1572 5.7936459929686075
1573 544 5.886506498887195
1574 1662 4.265200827407762
1574 1575 7.2909734091234935
1574 544 6.053564692792443
1575 1657 6.97469805158865
1575 1576 6.472885299630688
1575 1574 7.2909734091234935
1576 1711 6.87926482528237
1576 1806 10.386143493848826
1576 1575 6.472885299630688
1577 2646 15.382469717468153
1577 867 6.3984335729772335
1578 1654 6.434428639367375
1578 83 22.801732845729216
1578 82 11.25204553090265
1579 1653 10.660498257601825
1579 2851 13.915162516620548
1579 83 14.448251276769913
1580 1582 10.072285234431757
1580 3025 15.04773053159931
1580 1581 9.74059694035668
1581 1580 9.740596940356676
1582 1580 10.072285234431757
1582 1583 4.966503753470233
1582 1585 10.260822675987704
1583 1563 11.55591999739652
1583 1582 4.966503753470233
1583 1590 11.736354347073584
1584 1589 6.90029936658925
1585 1587 0.9747503478087273
1585 1586 1.127454542760552
1585 1582 10.260822675987704
1586 1585 1.127454542760552
1587 1585 0.9747503478087273
1588 1589 0.3198944877258029
1589 1588 0.3198944877258029
1589 1584 6.90029936658925
1589 3027 24.44104485891661
1590 1591 12.90462912179043
1590 1583 11.736354347073584
1590 1592 30.063849317818953
1591 1594 6.070447782086208
1591 1590 12.90462912179043
1591 1592 42.56107178043808
1592 1590 30.063849317818953
1592 1591 42.56107178043807
1592 1593 43.21204191576966
1593 1592 43.21204191576965
1593 2025 8.50466412438582
1593 3029 7.33167164197235
1594 1591 6.070447782086208
1595 1595 20.951449590931965
1595 1596 17.221105956760493
1596 1598 5.7609850920200705
1596 1597 4.243179480037352
1596 1595 17.221105956760493
1597 1596 4.243179480037352
1598 1596 5.7609850920200705
1598 1599 2.3879441912654444
1599 1598 2.3879441912654444
1599 1600 6.406775225519031
1599 111 21.77396030033916
1600 1599 6.406775225519031
1600 1601 2.3897319209541714
1600 2474 6.579211282487787
1601 1600 2.3897319209541714
1601 1602 6.498352201500222
1601 1605 13.272945554783174
1602 1601 6.498352201500222
1602 1603 2.369974692752707
1602 1608 6.269936007743766
1603 1602 2.369974692752707
1603 1565 8.812743260504678
1603 1604 9.770035670608813
1604 1603 9.770035670608813
1605 1601 13.272945554783174
1606 1564 15.621317174728198
1606 1607 17.801651898479356
1606 1512 20.41764175626048
1607 1606 17.801651898479353
1607 69 12.261476655533023
1607 68 2.7888497767486964
1608 1602 6.269936007743766
1609 1610 7.017127376995245
1609 1542 19.534660618158753
1609 3255 12.158665505713985
1609 1617 6.462456745425939
1610 1611 5.526524533096232
1610 1609 7.017127376995245
1610 1614 20.092236200038702
1611 1516 4.784282999252036
1611 1610 5.526524533096232
1611 3262 10.628945112763303
1612 1623 14.410813787031692
1612 2473 1.06308274519194
1612 1516 8.140705067601749
1613 1614 1.0198905983800606
1613 2473 34.25203455400399
1613 1621 14.116588907978679
1614 1613 1.0198905983800606
1614 1615 9.737991680304612
1614 1610 20.092236200038705
1615 1616 5.633246379994111
1615 1614 9.737991680304612
1615 1620 12.467251264113834
1616 1617 7.619445028055114
1616 1615 5.633246379994111
1616 1619 8.975283750014874
1617 1616 7.619445028055114
1617 1609 6.462456745425939
1617 1618 6.267908083856246
1618 3209 0.37950828134475934
1618 3210 0.3404122824209738
1618 1617 6.267908083856246
1619 3208 1.4392921924410513
1619 3207 0.6103765302828672
1619 1616 8.975283750014873
1620 1615 12.467251264113834
1621 2308 0.9839031277719791
1621 2289 2.466413769356358
1621 1613 14.116588907978683
1622 1623 1.9454018908916326
1623 1612 14.410813787031692
1623 1624 1.4718383941967135
1623 1622 1.9454018908916326
1624 1623 1.4718383941967135
1625 1566 4.080509567058628
1626 64 7.65567433795017
1627 65 24.268215250296482
1627 1636 13.61428744920185
1627 1628 10.923712632121918
1627 1637 10.69901421310257
1628 1629 2.073366981937505
1628 1627 10.923712632121918
1628 1632 3.850964874448181
1629 1630 2.132418654081849
1629 1628 2.073366981937505
1629 1577 43.68674130992749
1630 1629 2.132418654081849
1630 2592 7.8770723338155095
1630 1631 3.7370321464893754
1631 1630 3.7370321464893754
1631 1632 3.7793887320714408
1631 1634 2.6853200019477175
1632 1631 3.7793887320714408
1632 1628 3.850964874448181
1632 1633 2.9601154996616468
1633 1632 2.9601154996616468
1634 1631 2.6853200019477175
1635 1636 28.393477696389187
1635 2646 6.444278232123177
1636 1627 13.61428744920185
1636 1635 28.393477696389187
1637 1642 25.39546956560563
1637 1638 9.961677370858528
1637 1627 10.699014213102572
1638 1640 23.348538353736014
1638 1637 9.961677370858528
1638 1639 2.960507795369632
1639 2472 1.9788753264291334
1639 2471 1.2871455364379527
1639 1638 2.960507795369632
1640 1642 11.014803398383494
1640 1638 23.348538353736018
1640 1641 5.039795669997353
1641 1641 6.016966975959028
1641 1640 5.039795669997353
1642 1637 25.39546956560563
1642 2851 11.74681002444404
1642 1640 11.014803398383496
1643 1645 24.56190646342011
1643 126 10.96615158048544
1643 1644 16.977691451419467
1644 1643 16.977691451419464
1645 1647 1.0974620919268687
1645 1646 4.4743670484889435
1645 1643 24.56190646342011
1646 1645 4.4743670484889435
1647 1645 1.0974620919268687
1648 1650 2.620093430827025
1648 1649 2.758497011942125
1648 83 17.202003462131966
1649 1648 2.758497011942125
1650 1648 2.620093430827025
1651 1653 1.3304726856557247
1652 1653 2.6814133336453576
1653 1651 1.3304726856557247
1653 1652 2.6814133336453576
1653 1579 10.660498257601827
1654 1655 4.604988783462566
1654 1665 5.161172508387909
1654 1710 15.113404661856078
1654 1578 6.434428639367374
1655 1656 4.442507949939677
1655 1654 4.604988783462566
1655 1711 12.635947661371535
1656 1655 4.442507949939677
1657 1664 7.82763827257213
1657 1575 6.97469805158865
1657 1658 6.424656876432316
1657 1711 9.805456336624772
1658 1659 3.8802135272635283
1658 1660 4.010199159866315
1658 1657 6.424656876432316
1659 1658 3.8802135272635283
1660 1658 4.010199159866315
1660 1661 7.724928579999705
1660 1662 2.6226340104781474
1661 1660 7.724928579999705
1662 1574 4.265200827407762
1662 1660 2.6226340104781474
1662 1663 6.561189736685554
1663 1662 6.561189736685555
1664 1665 9.952993153505295
1664 1657 7.82763827257213
1664 1668 10.931714114419242
1665 1664 9.952993153505295
1665 1654 5.161172508387909
1665 1711 8.142462817124306
1666 1667 9.177857533913139
1667 1669 4.226791615465839
1667 1668 1.2555079093567625
1667 1666 9.177857533913139
1668 1667 1.2555079093567625
1668 1672 14.717999050190057
1668 1664 10.931714114419242
1669 1667 4.226791615465839
1670 1671 4.2985474746186885
1670 1673 8.979905906822552
1670 2326 31.772533302565957
1671 1670 4.2985474746186885
1671 1573 22.484955349494733
1671 1672 11.33907137359677
1672 1671 11.339071373596772
1672 544 19.274024702919867
1672 1668 14.717999050190057
1673 1674 28.96061686389087
1673 1572 27.195677306930193
1673 1670 8.979905906822552
1674 1673 28.96061686389087
1674 1721 29.040300086160666
1674 1701 37.753819210694
1675 1676 3.8498521373682086
1675 3299 11.104330161201956
1675 1681 9.57318327495582
1676 1675 3.8498521373682086
1676 1680 1.7028506114960706
1676 1677 6.936147767674506
1677 1679 9.763830083774243
1677 1676 6.936147767674506
1677 1678 5.979436818902369
1678 1677 5.979436818902369
1679 1677 9.763830083774247
1680 1676 1.7028506114960706
1680 84 9.62654071066419
1680 2084 10.478342905256959
1681 1683 5.4364550606040485
1681 1675 9.57318327495582
1681 1682 11.183353121360554
1682 1681 11.183353121360556
1683 1684 6.971659830826981
1683 1681 5.4364550606040485
1683 2325 11.395745813440458
1684 1694 17.931196529362516
1684 1683 6.9716598308269795
1684 1685 5.3390140939998645
1685 1686 3.249030557774294
1685 1684 5.339014093999865
1685 2284 10.844481869750677
1686 1687 3.1957682288914198
1686 1685 3.249030557774294
1686 1693 11.460415973409267
1687 1686 3.1957682288914198
1687 1691 5.739754210398457
1687 1689 9.369834680685273
1688 1689 3.0019908185258224
1689 2284 5.482677887027406
1689 1688 3.0019908185258224
1689 1687 9.369834680685273
1690 2284 1.8044785588549035
1691 1699 31.098115564989257
1691 1687 5.739754210398457
1691 1692 10.660346765455945
1692 1691 10.660346765455945
1693 1686 11.460415973409267
1694 1698 6.388728153303737
1694 1684 17.93119652936252
1694 1695 7.255641365722465
1695 1694 7.255641365722465
1696 1697 19.587325631126483
1697 1567 2.920580773921733
1697 1698 5.588468236113521
1697 1696 19.58732563112648
1698 1697 5.588468236113521
1698 1694 6.388728153303737
1698 1699 9.171175202647083
1699 1698 9.171175202647083
1699 1691 31.098115564989264
1699 2663 6.915324246248934
1700 3179 4.526461265719914
1701 1674 37.753819210694004
1702 2030 4.237687640086791
1702 1703 11.246534041819972
1702 1705 30.193727618796366
1703 1704 5.051874020101869
1703 1702 11.246534041819972
1703 1705 42.469179689402864
1704 1703 5.051874020101869
1705 1706 5.079092426453275
1705 1703 42.469179689402864
1705 1702 30.193727618796366
1706 1705 5.079092426453275
1706 543 15.043728738547959
1706 2327 13.530116361661369
1707 1571 23.334381565018553
1708 2607 4.0882435866495115
1708 542 8.56433050869088
1709 2607 3.075839223768815
1710 1654 15.113404661856078
1711 1665 8.142462817124306
1711 1576 6.87926482528237
1711 1657 9.805456336624772
1711 1655 12.635947661371532
1712 2649 0.937180070783483
1712 3148 4.898654155483867
1712 1568 7.744271000154929
1713 3148 0.7000888136855797
1714 1719 5.594755284225855
1714 1715 8.54951830221803
1714 1569 8.482147604121693
1715 3144 0.48563808024525823
1715 1716 7.608479593190164
1715 1714 8.549518302218031
1716 1717 5.3728219333054135
1716 1715 7.608479593190164
1716 2315 4.252253039672188
1717 1718 10.518875070721855
1717 1716 5.3728219333054135
1717 1720 2.1354468113435594
1718 3185 1.597150364294244
1718 1717 10.518875070721855
1718 2318 6.51654127004298
1719 2912 0.9240280027510714
1719 2911 1.319208911375105
1719 1714 5.594755284225855
1720 1717 2.1354468113435594
1721 2851 2.194968043103126
1721 84 19.06908769646836
1721 1674 29.040300086160666
1722 1723 1.1223969323996046
1723 2071 1.7368272854619131
1723 2243 2.655477450355794
1723 1722 1.1223969323996046
1724 2048 3.605302583390772
1724 1725 3.9503269125495564
1724 1727 12.094770778405618
1725 1724 3.9503269125495564
1725 1737 4.850667042780872
1725 1727 8.455076525641205
1725 1726 4.133727661355192
1726 1725 4.133727661355192
1727 1724 12.094770778405614
1727 1725 8.455076525641205
1727 1728 1.9399165319252591
1728 3213 0.794205213378606
1728 3212 0.5989858131704364
1728 1727 1.9399165319252591
1729 1730 4.254470161973685
1729 2050 3.141526565001389
1729 3108 18.525261572584828
1730 1735 1.8556223969268275
1730 1732 6.387189849079069
1730 1729 4.254470161973685
1730 1731 5.941402117547557
1731 1730 5.941402117547557
1732 1733 0.8084083084055146
1732 1730 6.3871898490790695
1732 1734 3.469365078750544
1733 1732 0.8084083084055146
1734 1732 3.4693650787505437
1735 1730 1.8556223969268275
1736 2050 6.971768756609872
1737 1725 4.850667042780872
1737 1788 14.336844095388958
1737 1755 4.694711370857726
1738 1788 1.9227367881948203
1738 1751 2.8894962682922944
1738 1753 3.5804704803788434
1739 1759 3.0560464176909097
1739 2451 11.216978015373515
1739 1753 3.517063964451156
1740 1741 12.426732387869912
1740 3307 19.981095594154887
1740 2452 11.573347654129547
1741 1742 13.395172979926285
1741 1740 12.426732387869912
1741 2597 5.958550138041441
1742 1741 13.395172979926285
1743 1745 5.005395965718677
1743 3040 15.606516215014825
1743 2451 5.870612066660405
1744 3040 1.9571528370296798
1745 1747 4.2117126472001996
1745 1746 2.889071440786871
1745 1743 5.005395965718677
1746 1745 2.889071440786871
1747 1745 4.2117126472001996
1747 1748 4.6462557752370826
1747 1749 7.8949229009535715
1748 1747 4.6462557752370826
1749 1751 5.333439694583296
1749 1747 7.8949229009535715
1749 1750 3.832513954087417
1750 1749 3.832513954087417
1751 1749 5.333439694583297
1751 1738 2.889496268292295
1751 1760 4.435760963990142
1752 1754 13.917041926279284
1752 1753 4.72430986527621
1753 1739 3.517063964451156
1753 1738 3.5804704803788434
1754 1761 17.26229109958418
1754 1756 8.72898102702301
1754 1752 13.917041926279284
1755 1761 2.999496706855018
1755 1737 4.694711370857726
1755 1757 7.0734621589799325
1756 1754 8.72898102702301
1756 2098 14.094125372459438
1757 1755 7.073462158979932
1757 3066 2.244927851992725
1757 3064 3.2201540396690316
1758 2452 21.8911367818851
1759 1739 3.0560464176909097
1760 1751 4.435760963990142
1761 1754 17.262291099584175
1762 2691 16.159681088768213
1762 1763 3.9520988744981502
1763 2105 6.9177471870060065
1763 1762 3.9520988744981502
1764 2096 0.6668810195949058
1764 2690 16.249970664277
1765 1773 12.784529692595164
1765 231 8.35236842110153
1765 232 13.523485892752586
1766 233 3.5864327405429055
1766 1772 1.6624517028227097
1766 2676 7.449343633977599
1767 2595 3.052651827011544
1767 1769 6.918365325614428
1767 235 12.347690938010995
1768 235 10.286857349714511
1769 1767 6.918365325614428
1770 2676 3.5614492852900077
1771 231 6.113091170173594
1772 1766 1.6624517028227097
1772 3068 2.953156897327833
1773 1775 5.772289480049947
1773 1774 8.103330262619773
1773 1765 12.784529692595163
1774 1773 8.103330262619773
1775 1773 5.772289480049947
1776 1782 10.244641581409978
1776 1777 27.46397069720206
1776 232 23.03794005974627
1777 1780 1.4158110601633482
1777 1776 27.46397069720206
1777 1778 7.236349365632871
1778 1777 7.236349365632871
1779 1780 6.410581451885125
1780 1777 1.4158110601633482
1780 1781 6.673152094966506
1780 1779 6.410581451885126
1781 1780 6.673152094966506
1782 1776 10.244641581409978
1782 1783 7.7121749529565315
1782 1784 16.701099792770293
1783 1782 7.7121749529565315
1784 1782 16.70109979277029
1785 1763 6.876651569605288
1785 2105 1.8385540975207095
1786 2097 1.913676824367921
1786 1764 3.9952719205352007
1787 264 3.8108397114883257
1788 1789 1.8473147635641538
1788 1738 1.9227367881948203
1788 1737 14.336844095388956
1789 1788 1.8473147635641538
1790 270 5.11860063801614
1791 1792 9.9325123260085
1791 17 10.626039019366
1791 1802 3.573830517179903
1792 1791 9.9325123260085
1792 1793 4.239485905405669
1792 1805 5.8437952169537075
1793 2283 50.073345128624986
1793 1794 51.33269028811994
1793 1792 4.239485905405669
1794 1793 51.33269028811993
1795 1571 1.9132831530395966
1795 2590 45.76007718715205
1795 543 4.9171649215617315
1796 2853 7.767728599956039
1796 2069 37.71782551067353
1796 2854 33.679366697060665
1797 2449 0.9652733547578779
1797 2172 3.1130403790345684
1798 2617 40.80198860868646
1799 2173 2.8788238816874756
1799 1800 18.824946207261842
1799 2172 7.198261119800727
1800 1799 18.824946207261842
1801 2449 14.128858479687363
1801 2388 29.233683265611365
1801 2086 5.9704208110348596
1802 1791 3.573830517179903
1802 1803 2.294213421019526
1803 1802 2.294213421019526
1803 1804 2.0801172993780352
1804 1803 2.0801172993780352
1804 1805 4.666786650477681
1804 3134 7.270113618633147
1805 1804 4.666786650477681
1805 1792 5.8437952169537075
1805 2107 7.695286656139315
1806 2463 2.3657174549818003
1806 2468 6.955085535234885
1806 1576 10.386143493848826
1807 2270 16.138413603196
1808 2546 18.924245291465745
1808 1809 6.185728081002301
1809 1808 6.185728081002301
1810 2255 3.282971966057061
1811 2255 3.2446562165682473
1811 2378 5.339370973360878
1812 1811 4.784455554451235
1812 2256 2.697969971811908
1813 2256 0.8317617762767568
1814 2549 6.352744728588663
1815 1816 8.748987501008957
1815 188 59.39272133826318
1815 2544 14.910454147267313
1816 1815 8.748987501008957
1816 1817 8.527349087754343
1817 1816 8.527349087754343
1817 2377 0.9365771092483388
1817 1818 3.8178217956848375
1818 1817 3.8178217956848375
1819 2540 14.555665517011075
1820 2373 0.39184323211181643
1821 2373 7.015113295898779
1821 238 6.545956862216887
1821 268 19.508361192833533
1822 97 1.9427679628052108
1822 2373 19.1613924037741
1822 2539 9.926196634410482
1823 238 6.378072898579838
1823 2875 5.676839282818133
1823 1824 18.033077288182923
1824 1823 18.033077288182927
1824 237 6.100771573698196
1824 96 5.517032999801949
1825 446 15.795814850999436
1825 2036 16.507065829474076
1825 1826 36.23672859609987
1825 188 13.387303900344808
1826 1852 28.018104744637554
1826 446 20.923600232405214
1826 1825 36.23672859609987
1826 1849 17.054977915342263
1827 1831 2.9992644693488795
1827 1829 1.5495668700283212
1827 1828 13.375712266304118
1828 1829 0.6961293535674677
1828 1830 10.03221230002718
1828 1827 13.37571226630412
1829 1828 0.6961293535674677
1829 1827 1.5495668700283212
1829 463 14.230546729474614
1830 1828 10.03221230002718
1830 718 8.232201053576313
1830 237 13.228709022377743
1831 1827 2.9992644693488795
1832 1843 10.605660777310579
1832 248 10.680381693097178
1832 2522 9.454949194188867
1833 3226 0.5153855760313838
1833 3227 0.5567188741154768
1833 2429 13.267908377525082
1834 2430 7.132801606889657
1835 2433 26.997023136570203
1836 2433 4.8897198261555275
1836 3309 10.975806288838548
1836 248 13.065329303974362
1836 1837 12.397030997837552
1837 1838 4.197560073669569
1837 1839 15.07112646150341
1837 1836 12.397030997837552
1838 1837 4.197560073669569
1839 1837 15.07112646150341
1840 1841 2.687192355064425
1840 3215 0.8228905336687028
1841 248 4.798161443392858
1841 1840 2.687192355064425
1842 1843 6.689693801699655
1843 1832 10.605660777310579
1843 1842 6.689693801699655
1843 1844 12.295828485694642
1844 1848 29.316092546867345
1844 1845 52.09628207353673
1844 1843 12.295828485694642
1845 1844 52.096282073536734
1846 1847 3.556895633317116
1847 1846 3.556895633317116
1847 445 14.77850825582404
1847 570 14.717664687462232
1848 1844 29.316092546867345
1849 1826 17.054977915342263
1850 3020 0.5947278405915949
1850 94 7.00233798075067
1850 1854 35.407139360697364
1851 94 7.493325882289904
1851 2124 1.459207143590745
1852 1826 28.01810474463756
1852 2126 1.4389416438732787
1853 1856 5.8744856522697
1853 1854 11.341340110939399
1853 94 30.009336386964563
1854 1853 11.341340110939399
1854 1855 5.106632478894416
1854 1850 35.40713936069736
1855 1854 5.106632478894416
1856 1853 5.8744856522697
1857 572 1.4426389109005788
1857 1858 15.567609800202668
1857 92 9.494393468411078
1858 1857 15.567609800202668
1859 1860 6.8189144877520915
1859 459 6.010355816456257
1859 3090 10.104298906426093
1860 1861 6.975615295978495
1860 1859 6.8189144877520915
1860 2633 8.224005568886243
1861 1860 6.975615295978495
1861 1862 9.187099970340014
1861 2634 8.774932311222909
1862 1864 6.866449199240805
1862 1861 9.187099970340014
1862 1863 10.158625094452782
1863 1862 10.158625094452784
1864 1862 6.866449199240805
1864 461 12.338570383436
1864 1865 4.973965969989549
1865 1864 4.973965969989549
1866 1867 9.558167851870444
1866 1871 35.96464309023407
1866 459 7.4561160020626716
1867 458 10.333717829062715
1867 1866 9.558167851870444
1867 1871 26.276589822051644
1868 457 1.3192331815171592
1868 1870 11.682802804136687
1868 456 14.929704460647544
1869 1870 1.4093627184743067
1869 1872 34.4228864201578
1869 457 11.728083304509296
1870 1869 1.4093627184743067
1870 1872 18.43380112850611
1871 458 36.02669762078172
1871 1866 35.96464309023406
1871 1867 26.276589822051644
1872 455 9.866811977821039
1872 1869 34.42288642015781
1872 1870 18.433801128506108
1873 1875 2.0006685085783493
1873 1874 12.18258406612475
1873 2534 6.877716493365538
1874 1873 12.18258406612475
1874 2604 2.700841073883528
1874 455 6.124177495173258
1875 1873 2.0006685085783493
1876 2443 2.530249044193796
1877 1879 1.2877178821519744
1877 1878 4.452760149097347
1877 2443 8.757659239596151
1878 1877 4.452760149097347
1879 1877 1.2877178821519744
1879 1880 5.798809230032912
1879 2645 5.277131049875621
1880 1879 5.798809230032911
1880 1881 4.309792972904823
1880 1882 23.155192370389468
1881 1880 4.309792972904823
1882 1880 23.155192370389464
1882 454 15.426813764951765
1882 1883 3.1730748314388957
1883 1886 9.236096943756117
1883 1882 3.1730748314388957
1883 1884 3.161512261485483
1884 453 1.521239050473142
1884 1885 1.1627514826252512
1884 1883 3.161512261485483
1885 1884 1.1627514826252512
1886 467 2.103380086584594
1886 1887 1.7371317290080954
1886 1883 9.236096943756118
1887 1886 1.7371317290080954
1888 2462 12.860044052534318
1888 2026 7.955657242417178
1888 2116 7.242417376617398
1889 256 9.311218621834152
1889 1890 9.082511748899474
1889 44 12.08344622544924
1890 1889 9.082511748899474
1891 1896 4.446757270747205
1891 1892 2.1189883854514
1891 1222 2.9641113121577787
1892 1223 1.6111097212609595
1892 1891 2.1189883854514
1892 1893 8.814338920695773
1893 1895 0.6894631828052376
1893 1894 14.610877205949606
1893 1892 8.814338920695773
1894 1893 14.610877205949606
1895 1893 0.6894631828052376
1896 1891 4.446757270747205
1897 1899 4.358690107020547
1897 1898 11.58194512505418
1897 2862 2.3728002374309813
1898 1897 11.581945125054181
1899 1897 4.358690107020547
1899 1900 8.341926466096217
1899 276 4.4229324053745325
1900 1901 4.563940777056272
1900 1899 8.341926466096217
1901 1902 7.219284370610158
1901 1900 4.563940777056272
1902 1901 7.219284370610158
1903 183 36.00076801894439
1903 251 23.176657864507842
1903 1904 5.647548205513336
1904 1903 5.647548205513336
1905 182 2.131607339536155
1905 262 15.593640437240417
1906 843 6.727501264776037
1906 2432 30.339867483138626
1906 844 6.772097168865699
1907 1908 7.663962835622365
1908 209 10.14502074862719
1908 1907 7.663962835622365
1908 2424 18.12188332391643
1909 2426 15.31985758972845
1910 2424 15.309516967521969
1911 210 39.906466115644555
1911 2435 5.773369912293346
1911 2672 13.152174183969269
1912 1913 5.465563087010063
1912 212 35.422438239654106
1912 2438 7.654613745539785
1913 1912 5.465563087010063
1914 1915 7.563961396449878
1914 1916 14.062085862092033
1914 212 29.045805535172327
1915 1914 7.563961396449878
1916 211 2.4315296880820254
1916 1917 13.698615828495871
1916 1914 14.062085862092033
1917 1916 13.69861582849587
1918 213 9.082616052557475
1918 214 30.382393088371952
1918 1919 10.044637282090918
1919 2135 4.2588574670161785
1919 1918 10.04463728209092
1919 2134 2.7212083752047644
1920 1984 3.1763638255634374
1920 1921 14.464151187817578
1920 3046 11.497992109583453
1920 1923 47.866830529440186
1921 1979 10.275211570721744
1921 239 3.64523444474386
1921 1920 14.464151187817578
1922 1976 12.82685995071736
1922 240 12.374270913059481
1922 239 21.740051663491315
1923 1920 47.86683052944019
1923 42 13.772520065312861
1923 2671 9.22075347192082
1924 2224 8.027510238439922
1924 2208 7.056464647466172
1924 3045 20.938023163082374
1925 857 4.241890180290623
1925 1926 16.00724250388909
1925 3311 20.79239449938627
1926 1925 16.007242503889085
1927 1928 11.15926043915441
1927 2109 20.74979277733703
1927 2165 2.453361211347281
1928 1927 11.15926043915441
1929 1930 8.682251476746057
1929 3058 24.129265209555367
1929 1951 8.989096031251355
1930 1932 14.628141772363971
1930 1929 8.682251476746057
1930 1931 5.456452718019207
1931 1930 5.456452718019207
1932 1930 14.628141772363971
1933 1934 2.5189246001057963
1934 1933 2.5189246001057963
1934 1935 8.765621761170904
1934 1936 8.019297490351306
1935 1934 8.765621761170904
1936 1937 2.1754743724596777
1936 1934 8.019297490351306
1936 857 14.928715959762833
1937 1936 2.1754743724596777
1937 1938 5.9406080172468085
1937 1939 10.973589539856583
1938 1937 5.9406080172468085
1939 1937 10.973589539856581
1940 1941 9.906656984248563
1941 1942 9.169076310727094
1941 1943 5.8338605927657525
1941 1940 9.906656984248563
1942 1941 9.169076310727094
1942 1944 10.412545753714264
1942 1962 14.203330578558504
1943 1941 5.8338605927657525
1944 1945 8.204599032185927
1944 1942 10.412545753714264
1944 1954 16.174599160858957
1945 1946 6.2497655626304836
1945 1944 8.204599032185927
1945 1960 14.107964365099228
1946 1947 17.310633033540412
1946 1945 6.2497655626304836
1946 1956 11.801573151756942
1947 1946 17.310633033540412
1947 1948 15.153889283815028
1947 1954 12.486965355382571
1948 1947 15.153889283815028
1948 1949 8.361988962292559
1948 1955 11.698729121779888
1949 1950 5.903675044908045
1949 1948 8.361988962292559
1950 1951 3.4144152316896785
1950 1949 5.903675044908046
1951 1950 3.4144152316896785
1951 1952 9.555962073155198
1951 1929 8.989096031251355
1952 1953 7.786378277900644
1952 1951 9.555962073155198
1953 1954 11.932147801847556
1953 1952 7.786378277900643
1954 1947 12.486965355382571
1954 1944 16.174599160858957
1954 1953 11.932147801847556
1955 849 13.582855422312646
1955 1948 11.698729121779888
1955 3047 15.087131934076906
1956 1957 14.827931865995302
1956 1946 11.801573151756942
1956 849 19.616696011255378
1957 1956 14.827931865995302
1957 1960 20.428766658061964
1957 1958 11.988159390960178
1958 848 4.3626049162756315
1958 1964 13.124437794967148
1958 1957 11.988159390960178
1959 1961 30.153621410180275
1959 136 8.10900200651368
1959 848 9.697291629164717
1960 1945 14.107964365099228
1960 1961 24.42747842442665
1960 1957 20.428766658061964
1961 1959 30.153621410180275
1961 1963 24.060279486024996
1961 1960 24.42747842442665
1962 1963 13.639084134402093
1962 1942 14.203330578558504
1963 1961 24.060279486024996
1963 1962 13.639084134402093
1964 3133 1.3670088675783028
1964 3132 1.5373540906167265
1964 1958 13.124437794967148
1965 1983 9.059339116780468
1965 849 10.197701384539997
1965 1966 18.195574731560953
1966 216 3.4973834498920935
1966 1967 11.928653652298951
1966 1965 18.195574731560956
1967 216 3.9801493931961005
1967 1966 11.928653652298951
1967 215 26.146159290013767
1968 1973 17.717253933399537
1968 215 7.632521504155716
1968 2439 18.272825650758385
1969 220 3.3017920341509597
1969 219 17.29220437920345
1969 1970 8.76096419369464
1970 220 3.1440204571898933
1970 1969 8.760964193694639
1970 136 14.660344491797293
1971 218 3.2707518981628083
1971 217 20.21478220169756
1971 1972 10.114714506648209
1972 219 5.364473272027856
1972 218 3.2213319407836294
1972 1971 10.114714506648209
1973 1968 17.717253933399537
1973 847 11.973304151933581
1973 1987 14.671627402430357
1974 850 2.652226791182316
1974 2002 22.40625270939124
1974 2003 9.560809199638994
1975 2010 9.002777364400579
1975 2003 8.756872633422269
1975 2534 14.974502820791873
1976 1922 12.82685995071736
1977 2637 4.086465625431504
1977 853 4.153612098009979
1977 2697 3.4284326924010045
1978 239 3.1811471621107095
1978 3279 0.7635387722207765
1978 3230 0.6484636194939282
1979 1921 10.275211570721744
1979 3280 7.451055236769584
1979 1985 26.896529276190076
1980 1981 10.97733615182533
1980 3280 9.837934422697
1980 1982 17.44881774786975
1981 1980 10.97733615182533
1982 1980 17.448817747869754
1983 1965 9.059339116780468
1984 1920 3.1763638255634374
1984 3228 0.6600990434012574
1984 3229 0.672868424795568
1985 1979 26.89652927619008
1986 217 14.879953829816182
1987 1973 14.671627402430357
1988 1989 3.2323506173652645
1988 1990 9.884314423432816
1988 847 17.427978099856766
1989 1990 2.7362525456102276
1989 1988 3.2323506173652645
1989 1997 10.004863140525107
1990 1989 2.7362525456102276
1990 1988 9.884314423432816
1990 1991 2.83073574728232
1991 1990 2.83073574728232
1992 1993 10.117365941605312
1993 1995 2.341874648446119
1993 1994 4.003560726242709
1993 1992 10.117365941605312
1994 2533 2.4343860753662048
1994 1993 4.003560726242708
1994 2531 10.792059092779903
1994 2532 6.768947882778764
1995 1993 2.341874648446119
1995 1996 6.649268336216093
1996 2286 1.6317421446564708
1996 1995 6.649268336216093
1997 3165 11.487006728512153
1997 220 15.792479927305584
1997 1989 10.004863140525107
1998 448 1.8965204486118348
1998 449 10.4212743186804
1998 447 10.058138894375777
1999 448 5.604327948013183
2000 2001 4.840728491792144
2000 447 5.208978136350765
2000 2526 4.961954237182309
2001 2000 4.840728491792144
2002 1974 22.406252709391243
2003 2004 19.66473404141556
2003 1974 9.560809199638994
2003 1975 8.756872633422269
2004 2008 7.404120088629818
2004 2003 19.66473404141556
2004 2005 6.038257065088725
2005 2006 2.4304714223468618
2005 2007 2.4048402673210285
2005 2004 6.038257065088725
2006 2005 2.4304714223468618
2007 2005 2.4048402673210285
2008 2010 9.904346352586995
2008 2004 7.404120088629818
2008 2009 8.72988646025886
2009 2008 8.72988646025886
2010 1975 9.002777364400579
2010 2008 9.904346352586995
2010 2011 5.2450585196786985
2011 2012 2.493281916149854
2011 2013 3.3097225870690865
2011 2010 5.2450585196786985
2012 2011 2.493281916149854
2013 2011 3.3097225870690865
2014 3280 1.7083339498706833
2015 852 1.1022502949490518
2016 2017 16.46126387247614
2017 972 2.3343191557087253
2017 2016 16.46126387247614
2017 1038 28.908490933743707
2018 618 15.93334763601608
2018 614 12.668831234092812
2018 2019 12.95072418903079
2019 2018 12.950724189030794
2020 2021 4.194541710788524
2020 43 9.332649664355479
2020 2411 13.720004042087112
2021 2020 4.194541710788524
2021 2073 6.65894557017117
2021 2022 6.349384853958286
2022 2021 6.349384853958286
2023 2141 20.15851978815314
2024 2490 2.396404699601386
2024 178 1.3862482366631874
2024 1032 4.173248335565303
2025 1505 11.7001896474544
2025 901 6.7721665505772775
2025 1593 8.50466412438582
2026 2403 7.489289604203955
2026 1888 7.955657242417181
2027 826 2.939883705522585
2027 659 3.80056159832199
2028 445 8.156102890281582
2028 446 33.49843593948698
2028 818 24.617922399377747
2029 285 1.6151275869407111
2029 831 11.531813192962083
2029 832 17.259255202725786
2030 1702 4.237687640086791
2031 2487 15.958901409161658
2031 672 13.190769783219368
2031 2737 14.61012694972229
2032 2603 3.861232961366724
2032 2602 3.8141028886868793
2033 1217 97.37176152990341
2033 2712 1.0391596723488847
2034 1209 16.809557848337104
2034 2486 3.211017167064576
2034 2140 37.60131792130418
2035 3018 2.5918458910117095
2035 2845 1.7002521703500828
2036 2037 4.244698241532068
2036 1825 16.507065829474076
2036 2038 5.449952083987088
2037 2040 2.0851928483875573
2037 2036 4.244698241532068
2037 2041 2.126579289766721
2038 2039 1.906673340638406
2038 2042 2.768857043659109
2038 2036 5.449952083987088
2039 2038 1.906673340638406
2040 2037 2.0851928483875573
2041 2037 2.126579289766721
2042 2038 2.768857043659109
2043 2045 6.192835228752459
2043 252 4.376171871869697
2043 2044 15.627992340155801
2044 2968 6.05361072934042
2044 253 5.739499219032478
2044 2043 15.627992340155801
2045 2043 6.192835228752459
2045 249 8.026690469786216
2045 2968 15.342410393242542
2046 1015 12.872213311809201
2046 986 16.55500039384174
2046 2047 5.260791816795459
2047 3189 3.577606698072257
2047 2046 5.26079181679546
2047 3188 6.236629583766226
2048 1724 3.605302583390772
2048 2051 11.209786224215938
2048 2049 6.760689651957009
2049 2051 43.504086463907676
2049 3108 47.85046301514107
2049 2048 6.760689651957009
2050 1736 6.971768756609871
2050 1729 3.141526565001388
2050 2051 4.11701860680151
2051 2049 43.504086463907676
2051 2050 4.11701860680151
2051 2048 11.209786224215938
2052 197 6.597865067950393
2053 2056 6.222275620083037
2053 1085 8.036863812232452
2053 2217 4.116083628376871
2054 2055 4.392898005811148
2054 2056 0.7781235879889928
2054 2682 7.772515179202696
2055 2054 4.392898005811148
2056 2054 0.7781235879889928
2056 2057 4.503650106037714
2056 2053 6.222275620083037
2057 2058 2.8282122682882527
2057 2059 2.8768977170236236
2057 2056 4.503650106037714
2058 2057 2.8282122682882527
2059 2057 2.8768977170236236
2060 2211 0.883178991365654
2061 2062 4.829671743932369
2061 612 4.339914779897057
2061 639 3.3085721538184836
2062 2061 4.829671743932369
2062 2063 2.386717025280913
2062 2064 4.33227158383296
2063 2484 2.7139344866420276
2063 2483 1.3911135199164297
2063 2062 2.386717025280913
2064 2062 4.33227158383296
2065 131 3.4880013975331066
2065 2066 20.328699090819768
2065 921 8.247634293056016
2066 2065 20.328699090819764
2067 816 3.176370210090184
2067 3164 31.826337863524923
2067 2068 14.790712872685626
2068 2524 24.881714853663684
2068 445 3.473837014202889
2068 2067 14.790712872685628
2069 2169 14.187974725968251
2069 1796 37.717825510673535
2069 2980 31.660015823065486
2070 2588 17.948207830639323
2071 2244 1.5618773388852225
2071 1723 1.7368272854619131
2071 2659 2.5026071305418602
2072 2372 2.839172899901522
2072 719 3.791939905134343
2072 476 7.3274096438970036
2073 2021 6.65894557017117
2074 2132 4.177470413158707
2075 2602 3.506953865170887
2075 2033 4.237341153642421
2076 2650 1.3583597434607455
2076 3026 1.9056590786162155
2077 3029 1.6574008219572598
2077 117 1.26577771891372
2078 3027 1.2278385243441075
2078 3251 0.9072870281474703
2079 2077 1.0283608236292165
2080 2167 1.393962972855726
2080 2513 2.637267231147123
2081 1067 3.9143054714369443
2081 2360 5.74820922591751
2081 70 8.989909595234806
2082 757 1.3183489315456263
2083 1443 7.719899270019238
2083 1553 4.076350993643352
2084 1680 10.478342905256959
2085 2089 2.2944195842462713
2085 45 2.9111745836180196
2086 1801 5.9704208110348596
2087 10 15.119384325480057
2087 3301 3.606401838370367
2088 2089 15.259669726062114
2088 400 1.4047668742235462
2089 2085 2.2944195842462713
2089 578 27.61431954545342
2089 400 15.00244356041193
2090 407 0.5236342045649975
2091 3127 4.889331709387122
2091 2121 3.0938129724774344
2092 254 5.641855147000392
2092 255 2.1494565343070593
2092 2093 7.118091052353026
2093 2092 7.118091052353026
2094 518 1.3857950551242868
2094 2095 3.4207226159206114
2095 2094 3.4207226159206114
2096 1764 0.6668810195949058
2096 2097 4.149352403078912
2096 263 12.242722220458482
2097 1785 6.713016552264286
2098 1756 14.094125372459438
2099 2844 6.8112068192156245
2099 2104 8.04938384288476
2099 2840 17.902773184751318
2099 2770 7.170119110341455
2100 22 0.5161958614665716
2101 2100 5.1905674332465255
2102 25 0.3830248610460825
2103 2102 5.193127586879556
2104 2867 5.313725269911582
2104 2840 10.469442108109005
2104 2768 9.464131925788976
2104 2099 8.049383842884758
2105 1786 0.3779380192134021
2106 23 15.185013964650441
2107 1805 7.695286656139315
2108 784 6.647177711105616
2108 2148 17.694789289971226
2108 2399 20.37927862237622
2109 1927 20.749792777337035
2109 857 19.66096615005002
2109 34 5.923225429608945
2110 2138 7.332826090453899
2110 37 2.845160577562425
2111 2636 5.478677223361339
2111 597 6.294726256508333
2111 3162 6.683695941311139
2112 3162 0.5132626652373607
2113 2114 1.915223614252633
2114 734 3.5575622001055214
2114 918 49.37263435066363
2115 2475 3.8088629959186506
2115 100 2.215591742451373
2116 1888 7.242417376617398
2116 100 3.874194553113796
2117 100 2.9376462238197947
2117 2115 2.7981239209272846
2117 250 11.386277300648052
2119 264 2.8944802198291972
2119 1757 4.21470633698457
2120 2088 0.261670766361758
2121 436 0.5039375384108788
2122 2515 2.3470202988829514
2123 1851 1.450011007356236
2123 2124 0.8172552572270769
2124 2125 1.315450045288742
2125 1852 1.4517517794657773
2125 2126 0.8839962463735516
2126 2829 1.3373880860534513
2127 2830 1.2135436137739366
2128 2123 1.51267647362335
2129 2397 33.855888831233806
2129 251 0.8340991161418049
2130 2217 2.626820431699964
2130 2216 4.096614993637474
2130 1097 6.715707969651809
2131 2412 2.138989288298636
2131 764 5.4802359415631745
2132 2953 6.545928731932984
2132 2074 4.177470413158707
2132 301 17.10316268745375
2133 1180 18.60436130212356
2134 1919 2.7212083752047644
2135 3233 0.667984544522679
2135 3234 0.4743617185620344
2135 1919 4.2588574670161785
2136 735 3.4289588001688327
2136 2113 2.5644607303949822
2137 1310 6.724340635583106
2137 1322 5.392496045206717
2137 3003 21.474677615986128
2138 2154 6.097711680587554
2139 672 2.450301024185556
2139 3087 8.427462168810088
2139 674 14.01409097376969
2140 2034 37.60131792130417
2140 1211 3.7342053852380905
2141 185 4.546722722075445
2141 2023 20.15851978815314
2141 2666 8.214334503207452
2142 185 20.061122079808452
2142 2411 3.1916331774552598
2142 2409 1.6644933186642752
2143 181 5.969628845939881
2143 180 15.666553961085775
2144 952 0.916148620594774
2144 2416 1.6718105863784232
2145 812 7.182334601644884
2146 33 24.053462051137373
2147 584 47.058352971002265
2148 255 6.674586204209798
2148 2149 7.918284718758305
2148 2108 17.694789289971226
2149 2394 16.451018647297154
2149 2390 16.292293501155836
2149 2148 7.918284718758305
2150 787 2.5981614851806243
2150 2152 11.063258097897782
2150 2151 17.31603007407588
2151 257 4.4931116204069586
2151 2152 6.747428332349881
2151 2150 17.31603007407588
2152 2395 6.615906991918822
2152 2151 6.747428332349881
2152 2150 11.063258097897782
2153 1231 8.50859982425225
2154 37 6.362221275241051
2154 2138 1.8367913754145053
2155 661 3.221899766433513
2155 917 8.500854655889084
2156 2157 9.71846390457244
2156 43 3.8642427655081053
2156 248 23.673235794172896
2157 2156 9.71846390457244
2157 2666 32.617727664990454
2157 2836 1.1007667408604278
2158 712 3.17645205995467
2159 711 8.15989581930408
2160 713 3.4170544949703254
2161 717 2.1624805452345828
2162 715 5.296617539540178
2163 81 0.7820503177717739
2163 2164 1.5768525030069362
2163 2464 4.230760987408418
2164 82 1.3329199762485213
2165 655 12.827719977334786
2165 41 10.983631593662855
2165 34 10.177792734710106
2165 1927 2.453361211347281
2166 2080 1.6700410928096026
2166 968 2.2624599725180583
2167 2168 1.3223019781006504
2168 2166 2.0811173169759
2168 176 48.029518832348806
2169 2069 14.187974725968251
2169 2170 33.39463000273573
2169 2617 26.316298613365085
2170 2169 33.39463000273573
2170 280 8.504130683773317
2171 1797 8.789722088941495
2172 1799 7.198261119800727
2172 2449 3.0824673470941204
2173 1799 2.8788238816874756
2173 3007 6.245354951165247
2174 279 20.94420514890941
2175 2177 2.4937571112315315
2175 2683 6.666865201126069
2176 2175 2.7581018846185765
2176 2177 2.0490596705008226
2177 2182 0.7514232161612747
2178 2176 1.3369806232192005
2179 2189 15.236401687384792
2179 2178 2.422646261446344
2180 2179 1.3890097811560156
2181 763 11.942105575549467
2181 3306 1.4462632409519975
2181 2873 9.394990967956241
2182 61 43.71528604606728
2182 2251 3.4818462577260023
2183 644 20.156445082472143
2183 2180 2.0117714051994873
2184 641 6.720244331847369
2185 732 7.579722125075219
2185 2186 1.3914373942152265
2186 2187 0.08679576128418078
2186 2185 1.3914373942152265
2187 2186 0.08679576128418078
2187 2188 16.065175098960708
2188 2189 1.19114989219132
2188 3186 0.4328739084288243
2188 2178 13.99271223932598
2189 2188 1.19114989219132
2189 186 6.175288698888797
2189 2187 16.115776699060998
2190 284 6.307444475156089
2190 2584 5.7045533967221225
2191 2870 5.533208688605821
2191 2866 14.918730459529248
2192 2193 0.9441436607819941
2193 2192 0.9441436607819941
2193 2635 3.32999220157839
2193 2636 8.37423823296495
2194 596 8.139086018372764
2194 597 4.6071769969527985
2194 2195 9.086190138831325
2195 2194 9.086190138831325
2196 1367 10.308609820571153
2197 2203 3.3732679738641047
2197 266 5.360689415796243
2198 2696 2.1624346616847814
2198 2376 1.8263368997984892
2199 2197 0.7326339598025946
2200 2202 0.31607861810845755
2201 203 3.350680974450835
2201 2200 1.92659552460113
2202 202 2.5023385307599093
2202 2199 1.604676342611232
2203 2198 0.955106638357244
2204 2205 10.88399375829513
2204 1079 5.03113389506061
2204 1073 7.981643646950341
2205 2204 10.88399375829513
2206 1367 8.288682362954116
2207 41 2.9323811421497337
2207 38 1.9387889541205996
2208 39 2.8085041377942734
2208 1924 7.056464647466172
2209 2961 18.189153028228308
2209 35 3.017893155222738
2210 2241 5.802372820182599
2210 3166 11.278149269963968
2211 2060 0.883178991365654
2211 2682 2.050153525238577
2211 2458 1.7837891876072922
2212 2215 0.9476758009573094
2212 2213 2.569145432029577
2212 2217 12.985465010821033
2213 2212 2.569145432029577
2214 2216 6.744319627693364
2215 2212 0.9476758009573094
2216 1070 20.25998868452787
2216 2130 4.096614993637474
2216 2214 6.744319627693364
2217 2130 2.626820431699964
2217 2053 4.116083628376871
2217 2212 12.98546501082103
2218 2219 6.649543637206398
2218 3051 1.295447705449849
2218 2431 27.667696443855725
2219 2218 6.649543637206398
2219 2220 6.160805422875008
2219 2221 3.8028641805282914
2220 2219 6.160805422875008
2221 2219 3.8028641805282914
2222 1303 8.394649276681488
2223 1310 1.6312558979204175
2223 2312 11.315719143138905
2223 1326 9.36529809432527
2224 1924 8.027510238439922
2224 2224 5.184641169905667
2225 273 21.176272536424783
2226 2999 10.31390205095466
2226 2236 2.6668841718268936
2227 2234 0.9299304491120078
2228 2230 3.2601541618785563
2228 2227 2.0762211720483013
2229 2228 1.615516960370305
2230 2793 3.6312550219025788
2230 2227 3.658603007050994
2231 3036 7.405723423576498
2231 2786 3.2242715543473524
2231 2236 57.35612514252979
2232 3065 2.0715338227267925
2233 2235 73.72399014339085
2233 2226 2.0625627592440523
2234 3067 14.405097129024496
2234 2232 2.6680154924524846
2235 2233 73.72399014339088
2235 2235 10.428675340526292
2236 2231 57.356125142529784
2236 2233 2.910136448646252
2237 3235 6.528738574343214
2237 2849 3.38941220370182
2238 3166 0.5067338462038892
2238 263 7.0453843710130535
2239 2240 17.50383646402034
2239 3238 7.941213727604633
2240 3068 0.8276513468352702
2240 1772 2.973516480795566
2241 3074 0.5993680966927516
2241 2237 9.311848947181382
2242 2666 59.40039432811311
2243 1723 2.655477450355794
2244 3108 0.7491935770221388
2244 2071 1.5618773388852225
2244 2660 2.5175389732409506
2245 1298 7.9529985665931955
2246 2249 4.364171547252559
2246 1141 5.394387234181534
2246 1139 5.271360188944386
2247 2331 6.431879313335452
2248 1149 14.52443807499147
2248 1139 4.9801384794171195
2248 2250 6.922468378875606
2249 2246 4.364171547252559
2250 2248 6.922468378875606
2251 2183 0.8939175147091631
2252 808 1.469023171625005
2253 261 1.5937470174094965
2253 2444 4.682760180377239
2253 739 14.64802571561111
2254 2256 0.24188424642184317
2255 1810 3.282971966057061
2255 1808 6.54631439138889
2256 1813 0.8317617762767568
2256 2254 0.24188424642184317
2256 1812 2.6979699718119083
2257 2158 1.9398905027174713
2257 2548 16.87524495754563
2258 195 12.630186509261158
2258 3 11.485145185270051
2259 2263 0.8063087340547848
2260 1091 4.042828525400523
2260 2261 3.529892163584263
2260 2354 5.392379203346963
2261 2260 3.529892163584263
2261 1064 2.1150343613550375
2261 2263 2.4238625847835147
2262 2263 1.39059605604204
2263 2262 1.39059605604204
2263 2259 0.8063087340547848
2263 2261 2.4238625847835147
2264 1252 3.309791891611662
2265 2422 3.262771020489204
2265 3124 2.1755504296214103
2265 181 2.5467706959742196
2266 2267 12.6345647217965
2267 2266 12.6345647217965
2267 354 9.813288921350733
2267 340 5.356712478285535
2268 1117 6.031334594153389
2268 2269 6.918224334119495
2268 1119 9.517565703117015
2269 2268 6.918224334119495
2270 543 0.5414462564341457
2270 1807 16.138413603196
2270 542 36.62536801288363
2271 3239 0.5462253351715466
2271 2272 3.6842864544510268
2271 2613 2.011387220682805
2272 326 6.343457753395223
2272 2271 3.6842864544510268
2273 1009 0.9559138750790248
2273 965 0.37813304898521294
2273 271 14.519874095903631
2274 1008 33.225256125181694
2275 2367 0.7856146289541365
2275 1186 1.7234503145590387
2275 1185 6.9677375149613665
2276 1144 1.490041461812036
2277 1461 6.853210427001725
2278 636 5.6242856211743355
2278 634 2.1786326824214908
2279 636 5.085422640113405
2280 631 1.0756374880997153
2280 2282 0.9564575053651825
2280 630 3.9909326069920326
2281 632 0.7128527559858048
2282 2280 0.9564575053651825
2283 1793 50.07334512862497
2284 1689 5.482677887027406
2284 1690 1.8044785588549035
2284 1685 10.844481869750677
2285 637 2.390750796567401
2286 1996 1.6317421446564708
2287 1493 8.501962271117227
2288 110 14.489211761696206
2289 1621 2.466413769356358
2290 2300 0.9120419277929568
2291 1471 1.1214429261530712
2291 2294 1.131425263602568
2291 1536 4.692858918892804
2292 2296 1.1097363964593876
2293 1468 1.08008162044761
2293 2299 0.9507948228711062
2293 1453 11.855507632682453
2294 2291 1.131425263602568
2295 1399 2.8362168685228433
2296 1478 1.2050644411540192
2296 2292 1.1097363964593876
2296 1541 14.46827958507532
2297 1399 1.6729963944103001
2297 2297 3.8658360697616114
2298 1550 0.8603623403986591
2298 1535 3.65059460202163
2298 2304 0.8363304103978825
2299 2293 0.9507948228711062
2300 2510 0.6093091696636893
2300 2290 0.9120419277929568
2300 1453 6.039156417047624
2301 1525 0.9151772586390751
2301 2307 0.853058698819198
2301 1454 9.831801339693254
2302 1470 1.236208101814424
2302 2303 0.9362265818280847
2302 1457 4.484754625213449
2303 2302 0.9362265818280847
2304 2298 0.8363304103978825
2305 1469 0.7260613675323856
2305 1454 4.4097716377987775
2305 2306 1.0504185431088817
2306 2305 1.0504185431088817
2307 2301 0.853058698819198
2308 1621 0.9839031277719791
2309 1346 3.2837048343925077
2310 1326 8.843264057750345
2311 1400 8.158963631294661
2312 2223 11.315719143138905
2313 1405 2.241297820590333
2314 2491 9.147176957540978
2315 2316 1.1118612258861635
2315 2317 1.4758670448630107
2315 1716 4.252253039672187
2316 2315 1.1118612258861635
2317 2315 1.4758670448630107
2318 3145 0.7280643698037509
2318 3146 0.7100308329298815
2318 1718 6.51654127004298
2319 621 11.82641341092665
2320 2321 5.068327163120225
2320 2323 9.307082959777519
2320 2322 14.094863161338703
2320 2324 15.919861397909184
2321 2320 5.068327163120225
2322 2324 9.403915230280278
2322 1266 5.514031485694003
2322 2320 14.094863161338703
2323 2320 9.307082959777519
2324 2322 9.403915230280278
2324 547 24.280944301872786
2324 2320 15.919861397909187
2325 1683 11.39574581344046
2326 1670 31.772533302565947
2327 1706 13.53011636166137
2328 2556 8.090519185029356
2328 2331 5.281599252881661
2328 2329 3.7645004845123116
2329 2328 3.7645004845123116
2330 2558 3.218662127424253
2331 2247 6.431879313335452
2331 2558 7.404425630560624
2331 2328 5.281599252881661
2332 1360 9.492208955925681
2333 1422 1.9430067102758124
2334 1434 4.754106608638019
2335 2343 1.040612750918928
2336 1434 3.3458065065683913
2337 2342 1.014770128136982
2337 1428 9.918601597661473
2337 1431 0.9837267300294079
2338 1335 4.903953121844078
2339 2343 1.4122514103110568
2340 1351 10.587211338374283
2341 1424 5.934492530189656
2342 2337 1.014770128136982
2343 2339 1.4122514103110568
2343 1423 2.8621097523366212
2343 2335 1.040612750918928
2344 1497 1.0260182407236569
2345 1448 1.0842730112554253
2346 3217 0.8056961971354129
2346 3218 0.8502351133870258
2346 991 3.5604046906464473
2347 3223 0.6222833056184905
2347 3224 0.4655213892857294
2347 960 2.287330050776883
2348 1158 3.6200858947297667
2349 1136 0.6869424010091212
2349 1189 2.9339251691371464
2349 1137 19.743261540398233
2350 667 3.8059483422559928
2351 2716 1.249952603070755
2352 1064 6.264113884055908
2353 1063 20.41002839295485
2354 2260 5.392379203346963
2355 1100 1.0821719691249028
2356 1100 1.0583618328933422
2357 581 2.0936186818046676
2357 3151 0.7371317880533621
2357 3150 0.7674726641295447
2358 1075 1.0331596422931446
2359 1075 1.284532012141033
2360 2081 5.74820922591751
2361 2765 2.5548047628943222
2362 2765 1.8526580335330165
2363 2765 3.7565774040614306
2363 1083 5.13151699462823
2363 1067 9.438475620839522
2364 139 7.495594759303965
2364 1079 5.498802973902485
2364 1058 21.24375464279962
2365 435 6.687904528895623
2366 435 1.5980419316633827
2367 2275 0.7856146289541365
2368 359 0.9671773069452302
2369 338 4.232091884958809
2370 364 0.8709051849238053
2371 292 3.5503856843573307
2371 2442 8.183888464882195
2371 291 4.002659613877555
2372 2072 2.839172899901522
2373 1820 0.39184323211181643
2373 1821 7.015113295898779
2373 1822 19.161392403774105
2374 96 0.721212562538187
2374 238 18.776732029953102
2374 268 6.45304098724697
2375 690 9.74149123671907
2376 2201 3.748236407254561
2377 1817 0.9365771092483388
2378 1811 5.339370973360878
2379 205 12.57216490712245
2380 241 23.146047158101634
2381 267 9.211615873902517
2381 2382 8.855887822676241
2381 704 44.891986006541956
2382 540 2.3476503052794158
2382 2381 8.855887822676241
2382 541 2.6496079430930606
2383 2686 4.162332712420665
2383 2687 12.309719076941828
2383 2843 5.858755709563313
2384 2770 0.3963313746649611
2384 2689 11.649578412663109
2384 2771 15.237404908039466
2385 695 5.07017696302793
2385 2554 15.89143600989344
2385 694 4.191923547985504
2386 2550 25.138981855751346
2387 59 0.7904838577215867
2387 836 13.824248146264338
2388 1801 29.233683265611358
2389 2393 8.924650020529791
2389 801 1.4644403276437103
2390 2391 9.277715666723394
2390 2392 15.481922683218375
2390 2149 16.292293501155836
2391 2390 9.277715666723394
2391 2392 5.597961318992475
2391 2393 3.892704574942435
2392 2390 15.481922683218375
2392 2391 5.597961318992475
2392 187 4.5750741545143265
2393 2391 3.892704574942435
2393 802 4.88011942543512
2394 257 1.7566097922396908
2394 2149 16.451018647297154
2394 187 16.155461182059316
2395 786 12.717677278013923
2395 763 6.061578504851812
2395 2152 6.615906991918822
2396 805 2.3168898225085615
2396 2656 10.886197660645879
2396 2397 20.2127557702188
2397 2396 20.2127557702188
2397 2129 33.85588883123379
2397 98 22.2024806719262
2398 2399 5.439768249859303
2399 2108 20.379278622376223
2399 781 10.895825183732248
2399 2398 5.439768249859302
2400 2402 4.794531251641129
2400 808 10.790196706488803
2400 99 1.1958825987492325
2401 2402 0.7123068855193737
2401 229 6.027348142946837
2402 2400 4.794531251641129
2402 2401 0.7123068855193737
2403 2026 7.489289604203955
2403 813 13.156943746474289
2403 2404 7.224475480144044
2404 225 7.478529265817139
2404 229 5.8860340799583355
2404 2403 7.224475480144044
2405 775 10.583628766951003
2406 781 13.458917909147562
2407 768 3.2264570132268555
2407 2408 3.0213995491544785
2407 3303 2.031656002125957
2408 2180 22.866342576815402
2409 2410 0.2731727857942044
2409 2142 1.6644933186642752
2410 2409 0.2731727857942044
2410 2877 1.1674091112786487
2411 3139 3.4449539122240025
2411 2020 13.720004042087112
2411 2876 1.9734163816709855
2412 763 8.52610972685486
2412 769 15.946757136106054
2412 766 18.29523543205577
2413 2418 5.068402227025622
2413 2927 10.763569209974369
2413 1260 4.437719469591299
2414 2927 19.420205833950362
2414 1260 5.398343612373203
2414 1259 4.821674155450061
2415 2418 9.09104514366001
2416 2144 1.6718105863784232
2416 2417 3.700464239522208
2416 1019 6.724494841448774
2417 2416 3.700464239522208
2418 2413 5.068402227025622
2418 2415 9.09104514366001
2418 1261 26.045151983455643
2419 1224 14.467842612964468
2420 2571 5.255973578198789
2421 275 2.0107057923237908
2422 2265 3.262771020489204
2423 791 3.4132870642449733
2424 1910 15.309516967521969
2424 1908 18.12188332391643
2424 2425 13.381348056872383
2424 2427 9.599711607745405
2425 247 18.43887848410527
2425 2653 7.3627719095240804
2425 2429 17.34187263341182
2425 2424 13.381348056872381
2426 2427 3.5295267478422745
2426 208 7.700034251291399
2426 1909 15.31985758972845
2427 2426 3.5295267478422745
2427 944 31.39881602899675
2427 2424 9.599711607745405
2428 844 19.072572786820352
2428 2430 9.050416957472173
2428 2429 11.187388581888973
2429 1833 13.267908377525082
2429 2428 11.187388581888973
2429 2425 17.34187263341182
2430 2522 5.246111456009624
2430 1834 7.132801606889657
2430 2428 9.050416957472173
2431 2435 1.4523551588844488
2431 2960 0.4668465464466452
2431 2438 7.924330457203526
2431 2218 27.667696443855725
2432 2963 0.5504379147430508
2432 2437 4.445448858324226
2432 1906 30.339867483138626
2432 2436 4.827251261623218
2433 2434 3.6743329898942587
2433 1836 4.8897198261555275
2433 1835 26.997023136570203
2434 2433 3.6743329898942587
2434 2978 32.304315694907324
2434 2437 4.176418864640657
2435 2964 0.5345969291908089
2435 2431 1.4523551588844488
2435 1911 5.773369912293346
2435 2436 8.049453905445835
2436 2967 0.571218510077602
2436 843 29.010502989590506
2436 2435 8.049453905445835
2436 2432 4.827251261623218
2437 2962 0.5734929757764226
2437 2432 4.445448858324226
2437 844 31.70220221235599
2437 2434 4.176418864640657
2438 2965 0.48978024197455383
2438 214 12.639420231140196
2438 1912 7.654613745539785
2438 2431 7.924330457203526
2439 1968 18.272825650758385
2440 322 1.231133448463502
2441 335 4.551495650124075
2442 294 3.49472701787339
2442 293 5.620671750292329
2443 454 0.29175608543426274
2443 1877 8.757659239596151
2443 1876 2.530249044193796
2444 2253 4.682760180377239
2444 2892 3.0933497046496785
2445 2513 7.985825019259444
2445 14 9.994393294808138
2445 955 15.737955222155428
2446 1002 2.5113410515750076
2446 1037 32.381462597559434
2446 990 8.236134913274334
2447 2450 8.232546395990088
2447 2448 8.747714732181413
2448 20 10.151994888373162
2449 1797 0.9652733547578779
2449 2447 2.5085718273277893
2449 1801 14.128858479687363
2450 21 0.4095798891936007
2450 2448 0.951657673256112
2451 2452 0.4706416826984331
2451 1743 5.870612066660405
2451 1739 11.216978015373515
2452 2451 0.4706416826984331
2452 1758 21.8911367818851
2452 1740 11.573347654129547
2453 154 2.6116658145027203
2454 2457 8.813001230920607
2454 1081 13.077365214480869
2454 2455 3.1070150889761896
2455 2454 3.1070150889761896
2456 2457 4.5396992003123735
2457 2456 4.5396992003123735
2457 2459 7.122069979462148
2457 2454 8.813001230920607
2458 2211 1.7837891876072922
2459 2457 7.122069979462146
2460 3098 0.589872724163769
2461 154 3.562330777040193
2462 1888 12.860044052534318
2463 1806 2.3657174549818003
2463 80 1.8329577881456927
2464 2465 0.535656374726131
2464 3016 3.1690293451007143
2465 2470 0.45842202948470806
2465 80 0.5709487685137908
2466 869 10.386074790598217
2467 2465 0.5233862225953991
2467 2470 0.7716541944985663
2468 1806 6.955085535234884
2469 2467 2.9758819690812537
2470 2463 1.9878594949956372
2471 1639 1.2871455364379527
2472 1639 1.9788753264291334
2473 3259 0.7642874734222408
2473 1612 1.06308274519194
2473 1613 34.25203455400399
2474 1600 6.579211282487787
2475 2115 3.8088629959186506
2475 2116 7.170561312762351
2475 730 6.153862335877188
2476 2500 1.0332473853875834
2476 3169 0.5309870970071646
2476 2502 3.400000055687861
2477 2503 1.339439527090457
2478 2479 1.2187641894464996
2478 2480 1.5439799548573199
2478 560 11.87852659344632
2479 2478 1.2187641894464996
2480 2478 1.5439799548573199
2481 2482 1.2075301129146834
2481 954 4.225256432645484
2481 965 4.661730585084741
2482 2481 1.2075301129146834
2483 2063 1.3911135199164297
2484 2063 2.7139344866420276
2485 2845 5.645485333380199
2485 3019 6.434060917208065
2486 2075 1.6034655517165048
2487 2031 15.958901409161658
2488 962 28.44825583018236
2489 962 4.598073563304227
2490 1225 20.06732276893656
2490 2024 2.396404699601386
2491 753 1.5578895277197136
2491 742 16.176135886876555
2491 2314 9.147176957540978
2492 1397 15.284179374094322
2492 1372 6.8891192731027395
2492 1373 6.4475884616452666
2493 2493 6.823416151035486
2493 1383 7.055366371527064
2494 1385 3.9388734011393898
2494 2494 6.605199662765444
2495 1389 2.6009706798946337
2495 2495 4.926456891118907
2496 1384 2.3245767696020097
2496 2496 5.158800919116305
2497 1446 1.0172312593226769
2498 27 7.235144731583059
2498 2501 7.782796879464846
2498 2642 12.434102277297404
2499 2642 1.5742818880596077
2500 2476 1.0332473853875834
2501 2502 1.7202111873301236
2501 2498 7.782796879464846
2501 2503 7.735372993039903
2502 2501 1.7202111873301236
2502 2504 4.87185166411733
2502 2476 3.400000055687861
2503 2477 1.339439527090457
2503 2707 0.704548853178668
2503 2501 7.735372993039903
2504 2507 6.638569491505017
2504 2502 4.87185166411733
2504 2700 5.134960591579941
2505 28 6.316353163084532
2505 2506 2.910106812626319
2505 30 8.262041582668664
2506 2505 2.910106812626319
2506 29 7.929487496730483
2506 3176 2.877570552403024
2507 2508 2.9802911447442373
2507 2504 6.638569491505016
2507 3174 2.0770837432349496
2508 2507 2.9802911447442373
2508 3172 5.600359662054613
2508 2509 6.207401885078608
2509 29 4.157260781418618
2509 2508 6.207401885078609
2509 2702 3.4508744313346473
2510 2300 0.6093091696636893
2511 2512 0.5570642245560491
2511 78 13.106958914326611
2512 2511 0.5570642245560491
2512 2469 2.5698606107154536
2513 2445 7.985825019259446
2513 2167 2.2308867467095763
2514 639 7.05858202735367
2515 2516 0.986559453882474
2515 281 2.416574388038301
2516 2517 1.5235272407001754
2517 221 1.633864903436035
2517 2122 0.8627481231919065
2518 2519 3.165477502619776
2518 8 24.903169529202945
2518 2521 5.984840983619043
2519 2518 3.165477502619776
2520 835 13.778100939207727
2521 2518 5.984840983619043
2522 2430 5.246111456009624
2522 1832 9.454949194188867
2522 845 18.952012085427583
2523 816 2.233228404305024
2524 2068 24.881714853663677
2525 3248 8.664061474809287
2525 2526 9.256232948606877
2525 87 16.0757861263408
2526 2000 4.961954237182309
2526 2530 12.596283199096343
2526 2525 9.256232948606877
2527 2528 6.591601570752728
2528 2530 2.2225657612632608
2528 2529 7.732388157860866
2528 2527 6.591601570752728
2528 88 4.528400928202984
2529 2528 7.732388157860866
2530 2528 2.2225657612632608
2530 2533 14.09350583856348
2530 2526 12.59628319909634
2531 1994 10.792059092779905
2532 1994 6.768947882778765
2533 1994 2.4343860753662048
2533 2534 6.339300123107094
2533 2530 14.09350583856348
2534 2533 6.339300123107094
2534 1873 6.877716493365538
2534 1975 14.974502820791876
2535 2536 2.2386781689982174
2536 2537 2.380458012972197
2536 475 15.703283103718919
2536 2535 2.2386781689982174
2537 2536 2.380458012972197
2537 2538 2.0092889840036223
2537 475 19.322587245751027
2538 2537 2.0092889840036223
2539 188 24.478664433374046
2539 1822 9.926196634410482
2539 3181 9.064931340088034
2540 3181 0.39043016373377576
2540 1819 14.555665517011077
2540 2541 7.848962338040083
2541 2540 7.8489623380400815
2541 2542 7.307529562344112
2542 1816 14.993670914660584
2542 2545 5.740438431149239
2542 2541 7.307529562344112
2542 2543 7.068868238845897
2543 2544 1.9410620797470142
2543 2542 7.068868238845897
2543 2548 4.764012907174541
2544 2543 1.9410620797470142
2544 2546 6.9996133725151255
2545 2542 5.740438431149239
2545 679 16.651949491639783
2546 2547 0.7179109294343919
2546 2544 6.9996133725151255
2547 2546 0.7179109294343919
2547 2549 1.761174911305931
2547 2553 20.05554496961205
2548 2543 4.76401290717454
2549 2547 1.761174911305931
2549 1814 6.352744728588663
2549 2550 6.775184821952923
2550 2386 25.13898185575135
2550 1812 2.7207146632189945
2550 2549 6.775184821952923
2551 2552 7.870250338903628
2551 2162 1.8263282137332195
2552 687 2.4060918132917064
2552 677 36.218642645753526
2553 2159 1.710171403443894
2553 2554 10.246336140113138
2553 2547 20.05554496961205
2554 693 13.191554864002182
2554 2385 15.89143600989344
2554 2553 10.246336140113138
2555 1342 6.152218992781619
2555 1324 12.42985636992385
2555 2556 5.557924737102373
2556 2328 8.090519185029356
2556 2680 4.5541629155242225
2556 2558 5.782563851453907
2556 2555 5.557924737102373
2557 2559 4.860439678813157
2558 2331 7.404425630560624
2558 2330 3.218662127424253
2558 2559 4.033617091436903
2558 2556 5.782563851453907
2559 2558 4.033617091436903
2559 2560 10.602674262027215
2559 2557 4.860439678813157
2560 2559 10.602674262027215
2561 2562 7.97178854088669
2561 282 6.145822356182978
2561 2566 18.351325435317122
2562 190 8.687362656552553
2562 2561 7.97178854088669
2562 2566 12.836542222034856
2563 2564 1.015526278582763
2564 2567 3.6133003310032725
2564 2565 1.626109059285882
2564 2563 1.015526278582763
2565 2564 1.626109059285882
2566 2667 0.5064853218146873
2566 2561 18.351325435317122
2566 2562 12.836542222034856
2567 2568 1.1407650017047681
2567 2569 4.354425885467379
2567 2564 3.6133003310032725
2568 2567 1.1407650017047681
2569 758 2.7853037668977585
2569 2567 4.354425885467379
2569 2640 13.515203390442718
2570 277 8.066661998560695
2570 549 4.813083640725063
2570 2573 18.561382321843364
2571 2572 1.2506293823406114
2571 2420 5.255973578198788
2571 3256 7.9309309819008105
2572 2573 7.727509842442568
2572 2571 1.2506293823406114
2572 2574 10.209429700034972
2573 2572 7.727509842442568
2573 2575 11.45233374510801
2573 2570 18.561382321843364
2574 2572 10.209429700034972
2574 2575 7.47802202409508
2574 99 14.89532770715236
2575 2576 0.32250332310400764
2575 2574 7.47802202409508
2575 2573 11.45233374510801
2576 2577 7.333287139142436
2576 2575 0.32250332310400764
2576 227 6.493002989324147
2577 2576 7.333287139142436
2577 226 6.498799175605886
2577 2401 7.0704362052062155
2578 803 2.941062687337799
2578 804 3.721622334127285
2578 2579 1.8274698705167527
2579 2580 2.236976731603902
2579 2578 1.8274698705167527
2579 804 7.504834051731591
2580 2579 2.236976731603902
2581 2582 5.82646373599751
2582 2581 5.82646373599751
2582 872 2.5140191975847985
2582 545 4.579742143083102
2583 2638 10.98477241063783
2583 240 1.2408002781037009
2584 2190 5.7045533967221225
2585 2586 12.265450091245365
2585 750 11.017037077544293
2585 250 15.010402303208444
2586 750 15.873241794109905
2586 2588 6.346694849533817
2586 2585 12.265450091245363
2587 745 15.637332920121807
2587 746 4.935022890816117
2587 742 4.40019760527034
2588 2586 6.346694849533818
2588 754 9.777621839010406
2588 2070 17.948207830639323
2589 833 17.79432448703145
2590 1795 45.760077187152056
2591 971 42.84777365226442
2592 1630 7.8770723338155095
2593 189 7.645630670730753
2594 2670 42.84125611137685
2594 2879 12.727847086901328
2595 1767 3.052651827011544
2595 234 2.6149126371733584
2596 233 22.80237742247353
2597 1741 5.958550138041441
2598 2229 2.676093904566195
2598 2692 4.319175328869755
2599 2600 6.029178066936985
2599 2743 10.835134100034583
2599 2893 2.8934486528129946
2600 2959 17.55572068024652
2600 2599 6.029178066936984
2600 2789 17.661065245998113
2601 2805 10.226473708393033
2601 2810 0.7793666112483446
2601 2806 7.634952495690077
2602 2603 1.352057200997172
2602 3149 1.009084453826394
2602 2712 1.1067324548380613
2603 2035 5.690910029106622
2604 1874 2.700841073883528
2605 2606 7.423442539701896
2605 1570 8.02699484588634
2605 542 7.289248623056017
2606 2605 7.423442539701898
2606 2610 8.612711467261024
2607 1709 3.075839223768815
2607 1708 4.0882435866495115
2608 2612 8.524474201450383
2609 2610 0.8915230879031169
2609 2606 8.57896400648997
2610 2611 1.7810133521841631
2610 2609 0.8915230879031169
2610 2612 5.813231090556052
2611 2609 1.7673727398383567
2611 2989 10.995819725108964
2612 2608 8.524474201450383
2612 2610 5.813231090556052
2612 2763 7.904445955113981
2613 2271 2.011387220682805
2614 1489 3.710478327889176
2615 1017 17.419804252450884
2616 1259 10.327262210328122
2617 2169 26.31629861336508
2617 1798 40.80198860868646
2617 2706 28.14566523913983
2618 21 1.0072866970312322
2618 3270 1.5117344180601338
2619 2136 1.2660868954132993
2620 393 2.3353970944693834
2621 496 1.1262184334173573
2621 497 16.38472827064661
2621 3127 10.162295612130086
2622 243 16.852964336444092
2623 551 11.583324376008441
2624 552 9.968632137941462
2625 577 6.7995875769116765
2625 575 19.32069244079036
2625 2626 10.182848824806282
2626 586 8.960835739931028
2626 2625 10.18284882480628
2626 575 10.97029622833139
2627 1295 3.6264637265715804
2627 1232 14.26382497963179
2627 2628 11.276825517014958
2628 2627 11.276825517014958
2629 489 13.996770194422874
2630 3031 0.4033317197670278
2630 599 7.530209725577133
2630 2631 5.910818388252454
2631 2630 5.910818388252454
2632 461 6.769478110830838
2633 1860 8.224005568886241
2634 1861 8.774932311222909
2635 2193 3.32999220157839
2636 608 19.399130726977784
2636 2111 5.478677223361339
2636 2193 8.37423823296495
2637 1977 4.086465625431504
2638 215 26.273489650281277
2638 2583 10.984772410637829
2638 850 13.582522661332469
2639 2128 1.8010349753177681
2639 459 5.142089152625811
2640 738 6.518139148638334
2640 190 0.7484060248504173
2640 2569 13.515203390442718
2641 91 3.4045620353653057
2642 2499 1.5742818880596077
2642 3170 0.6385847762372078
2642 2498 12.4341022772974
2643 2644 4.432816807417534
2644 2643 4.432816807417534
2644 854 2.7356738728780945
2644 851 7.163963965488079
2645 1879 5.277131049875621
2646 1635 6.444278232123178
2646 884 8.92322248002636
2646 1577 15.38246971746815
2646 126 12.81885445708467
2647 452 30.850919714467448
2647 136 33.46831545502686
2647 2648 14.422402638208318
2648 2647 14.422402638208318
2649 1712 0.937180070783483
2650 116 0.4077336877823831
2651 3295 1.3268606386300954
2652 2653 5.49222073694915
2653 2652 5.49222073694915
2653 2425 7.3627719095240804
2653 2907 15.327486541328392
2654 213 1.0884350787376484
2654 239 37.74938943758017
2654 2655 8.591885052145303
2655 3231 1.4399214949641583
2655 3232 3.2144922233590316
2655 2654 8.591885052145303
2656 2396 10.886197660645877
2657 657 8.09584319534737
2658 896 1.6283013022969093
2659 2071 2.5026071305418602
2660 2244 2.5175389732409506
2661 332 3.6865762852342954
2662 295 13.12410981123838
2663 1699 6.915324246248936
2664 534 8.874670810683694
2665 366 7.436730370463219
2666 2242 59.40039432811311
2666 2141 8.214334503207452
2666 2157 32.617727664990454
2667 2566 0.5064853218146873
2668 1044 0.9300833182793394
2669 541 2.045412408741588
2669 221 21.527454404348568
2669 3267 51.16739090716079
2670 3050 62.83949101315172
2670 2961 43.62474640984577
2670 2594 42.84125611137685
2671 1923 9.22075347192082
2672 1911 13.152174183969269
2673 854 1.5822022436936163
2674 640 1.023858862016485
2674 645 10.10085368426816
2674 641 28.026547101530642
2675 2676 3.0453242512637093
2675 2722 0.9789116463061095
2675 2721 5.120693553667339
2676 1770 3.5614492852900077
2676 2675 3.0453242512637093
2676 1766 7.449343633977599
2677 2733 2.971786992680475
2677 3266 10.573014056866901
2677 2719 7.833833588096618
2678 157 6.155011021022921
2678 2679 1.4885639144396197
2678 159 4.601435371776682
2679 2678 1.4885639144396197
2680 2556 4.5541629155242225
2681 2682 1.8276668359841652
2682 2211 2.050153525238577
2682 2681 1.8276668359841652
2682 2054 7.772515179202696
2683 2175 6.666865201126068
2683 189 4.253731589571243
2683 3101 12.386967141794777
2684 760 3.2313071482733027
2684 761 3.740795305879694
2684 2685 6.079115765941752
2685 2684 6.079115765941751
2686 2383 4.162332712420666
2686 2689 3.3494313475289927
2686 2687 7.474449406016266
2687 2717 3.293745158666946
2687 2686 7.474449406016266
2687 2383 12.309719076941828
2688 2689 1.6539047465505148
2688 3130 3.435202498735143
2688 2719 6.87029707661912
2689 2688 1.6539047465505148
2689 2384 11.649578412663113
2689 2686 3.3494313475289927
2690 264 5.812840590983406
2690 1764 16.249970664277
2690 2691 2.0148995480054728
2691 2118 11.419981986473656
2691 3130 4.735742990812682
2691 2690 2.0148995480054728
2692 2694 6.20027018029014
2692 2743 5.654021280001609
2692 2598 4.319175328869755
2693 2881 2.443136986738274
2693 2695 18.271115705600092
2694 2881 2.475264601407932
2694 2692 6.20027018029014
2694 2791 18.346771378250086
2695 2791 4.789961272254892
2695 2693 18.271115705600092
2696 481 2.7924320401321725
2696 2376 1.9561992279258817
2697 1977 3.4284326924010045
2698 1198 1.250771563026639
2698 2699 0.9264743936951477
2698 1197 8.967650426894282
2699 2698 0.9264743936951477
2700 2701 0.8328328036284431
2700 2504 5.134960591579941
2701 2700 0.8328328036284431
2702 568 1.014542661765573
2702 2703 0.9685005574413967
2702 2509 3.450874431334647
2703 2702 0.9685005574413967
2704 499 10.146457855701643
2704 498 0.9066909882666407
2704 2705 0.910400129089988
2705 2704 0.910400129089988
2706 2617 28.145665239139838
2707 2503 0.704548853178668
2708 389 1.0247097811892651
2709 389 1.070690094337859
2710 422 0.986048415657813
2711 422 0.9971636446975901
2712 2602 1.1067324548380613
2712 2033 1.0391596723488847
2712 3149 1.7274126992673082
2713 2714 0.9282532310182259
2714 2713 0.9282532310182259
2714 554 0.7569255841288716
2714 553 7.491255301142187
2715 2716 0.8328784509010092
2716 2715 0.8328784509010092
2716 2351 1.249952603070755
2716 1191 4.830596924607383
2717 2687 3.293745158666946
2718 2733 0.6464250657061312
2718 3130 5.238514780128504
2718 2719 7.6917684292890245
2719 2677 7.833833588096618
2719 2688 6.87029707661912
2719 2718 7.6917684292890245
2720 2896 39.716800827330715
2721 2675 5.120693553667339
2722 2675 0.9789116463061095
2723 2786 6.433167140517225
2723 2880 8.041222657810792
2723 2725 16.2503113119881
2723 2726 8.005994308150214
2724 2752 8.79621404536771
2724 2787 3.5525308283992216
2724 2932 4.9579672824174645
2725 2726 7.970820993397955
2725 2752 5.971488412264741
2725 2723 16.250311311988096
2726 2932 2.139653474711512
2726 2725 7.970820993397955
2726 2723 8.005994308150214
2727 2741 5.371159273883027
2727 2729 10.62505977332766
2727 2730 8.397058842055865
2728 2745 1.8933231617991344
2728 2751 2.4002018509701624
2728 2741 6.5265457933198485
2729 2730 2.183450393523388
2729 2727 10.62505977332766
2729 2795 19.090723527986217
2730 2727 8.397058842055865
2730 3036 4.346976543478883
2730 2729 2.183450393523388
2731 2732 11.722020648737448
2731 683 20.335882816761103
2732 718 23.657839172907554
2732 2731 11.72202064873745
2733 2718 0.6464250657061312
2733 2677 2.971786992680475
2733 2841 3.5318693364988887
2734 2735 4.528400280555503
2735 2736 3.465267095124451
2735 206 9.2759049406499
2735 2734 4.528400280555503
2736 2735 3.465267095124451
2737 2815 5.792787750998353
2737 2031 14.610126949722293
2737 540 11.710509525776471
2738 2740 7.151578169219485
2738 2756 2.6178720877002752
2738 2747 4.0799744681550685
2739 2740 3.302565102232363
2740 2738 7.151578169219485
2740 2739 3.302565102232363
2740 2754 7.90158645528997
2741 2727 5.371159273883027
2741 2755 5.030863611865413
2741 2728 6.5265457933198485
2742 2753 4.000372839145131
2742 2744 7.843897015561531
2742 2772 4.858579735367341
2742 2825 9.558624302526576
2743 2894 6.605362746833977
2743 2692 5.654021280001608
2743 2599 10.835134100034585
2744 2742 7.843897015561531
2744 2754 5.317095487204948
2744 2753 12.208436954444661
2745 2728 1.8933231617991344
2746 2748 6.302052445259864
2746 2759 1.049635536600045
2746 2758 3.6649979884050827
2747 2754 5.493527702256517
2747 2738 4.0799744681550685
2747 2772 2.31425808255783
2748 2746 6.302052445259864
2748 2749 1.8675594589050872
2748 2758 13.337440202815127
2749 2748 1.8675594589050872
2750 3237 5.600677641097188
2750 2759 3.9402789828876417
2750 2783 1.6179962247724105
2751 2728 2.4002018509701624
2752 2725 5.971488412264741
2752 2894 6.647255552008167
2752 2724 8.79621404536771
2752 2774 5.753336819071706
2753 2742 4.000372839145131
2753 2773 8.60219484600944
2753 2744 12.208436954444663
2754 2747 5.493527702256517
2754 2744 5.317095487204948
2754 2740 7.90158645528997
2755 2741 5.030863611865413
2756 2758 0.5505724493264167
2756 2761 3.057607640002865
2756 2738 2.6178720877002752
2757 3237 1.132933803160832
2757 3235 6.698906767172836
2758 2756 0.5505724493264167
2758 2748 13.337440202815127
2758 2746 3.6649979884050827
2759 2750 3.940278982887642
2759 2746 1.049635536600045
2759 2762 6.049027577220024
2760 2761 5.322035529827081
2760 2762 4.430642394374473
2760 2778 8.282897097639939
2761 2760 5.322035529827081
2761 2756 3.057607640002865
2761 2782 8.48076523595285
2762 2760 4.430642394374473
2762 2759 6.049027577220024
2762 2780 4.2206593776276735
2763 2612 7.9044459551139825
2764 2773 2.246580578347482
2765 2363 3.7565774040614306
2765 2361 2.5548047628943222
2765 2362 1.8526580335330165
2766 3176 1.0830455777447783
2767 2868 3.443784451759002
2767 2842 6.115564473837373
2767 2769 4.128821671788211
2768 2868 0.9155906662169283
2768 2104 9.464131925788976
2768 2770 5.836868697767077
2769 2981 5.730634252180299
2769 2771 6.0776620590992785
2769 2767 4.128821671788211
2770 2384 0.3963313746649611
2770 2768 5.836868697767077
2770 2099 7.170119110341453
2771 2384 15.237404908039466
2771 2769 6.0776620590992785
2772 2742 4.858579735367341
2772 2747 2.31425808255783
2772 2782 3.1840313564644864
2773 2764 2.246580578347482
2773 2778 9.05622687996009
2773 2753 8.602194846009441
2774 3001 3.1052178452117474
2774 2752 5.753336819071706
2774 2786 31.523123151913715
2775 2893 4.683342752516113
2775 2787 2.035401820723913
2775 2894 9.84958567196167
2776 2777 3.5631273547318787
2776 2895 28.869307908409233
2776 2833 6.260813721278576
2777 2776 3.5631273547318787
2777 2807 4.513927306425836
2777 2879 9.910418939560408
2777 2834 7.032807971551146
2778 2773 9.05622687996009
2778 2825 3.5126604175633203
2778 2760 8.282897097639939
2779 2871 1.3487814566192435
2779 2785 5.527995737645165
2779 2784 8.575347648478509
2780 2784 5.42868686284574
2780 2783 5.812383284019293
2780 2762 4.2206593776276735
2781 2839 2.542836751772665
2781 2785 4.295079223796636
2781 2871 8.36640537400795
2782 2825 0.40254786315896457
2782 2761 8.48076523595285
2782 2772 3.1840313564644864
2783 2785 5.4660853646914385
2783 2780 5.812383284019293
2783 2832 2.987391770608149
2783 2750 1.6179962247724105
2784 2780 5.42868686284574
2784 2785 4.424872415174519
2784 2779 8.575347648478509
2785 2783 5.4660853646914385
2785 2784 4.424872415174519
2785 2781 4.295079223796636
2785 2779 5.527995737645166
2786 2723 6.433167140517225
2786 2790 18.559516132166923
2786 2774 31.523123151913715
2786 2231 3.2242715543473524
2787 2775 2.035401820723913
2787 2724 3.5525308283992216
2787 2788 13.968301845009272
2788 2787 13.968301845009272
2788 2790 19.403822468326204
2788 2789 6.668325311644104
2789 2788 6.668325311644104
2789 2600 17.661065245998117
2789 2893 13.774882432523876
2790 2880 5.354766680076139
2790 2786 18.559516132166927
2790 2788 19.403822468326208
2791 2695 4.789961272254892
2791 2694 18.346771378250086
2791 2824 7.8828523359182014
2792 2793 7.6166348872427605
2792 2794 14.785511265868609
2792 2863 7.8798237983234385
2793 2230 3.6312550219025788
2793 3036 12.774314215834504
2793 2792 7.6166348872427605
2794 2792 14.785511265868609
2795 2729 19.090723527986214
2796 2803 4.326885598302064
2797 2803 3.087806528796167
2798 2800 7.939871975058691
2798 2799 6.24068286841197
2798 2945 11.417178834901291
2799 2801 7.955156529087666
2799 2798 6.24068286841197
2799 2802 11.694074844753018
2800 2798 7.939871975058691
2800 2945 3.5567034003597233
2800 2801 6.173543677989814
2801 2799 7.955156529087666
2801 2800 6.173543677989814
2801 2802 3.6440567608870076
2802 2801 3.6440567608870076
2802 2805 10.173315745078565
2802 2799 11.694074844753018
2803 2796 4.326885598302064
2803 2797 3.087806528796167
2803 2945 10.447910868426028
2804 2805 7.608066813406964
2804 2823 7.719396897970853
2804 2806 10.270398323135037
2805 2601 10.226473708393033
2805 2804 7.608066813406964
2805 2802 10.173315745078563
2806 2834 7.766629924525095
2806 2601 7.634952495690077
2806 2804 10.270398323135037
2807 2777 4.513927306425836
2807 2808 4.819847932937761
2807 2809 4.994618680382506
2808 2807 4.819847932937761
2809 2807 4.994618680382506
2810 2812 4.351938313420048
2810 2601 0.7793666112483446
2810 2934 4.296030541383923
2811 2834 2.9037992510412347
2811 3013 19.848627633293244
2811 2812 28.259047808731694
2812 2810 4.351938313420048
2812 2813 12.173703890274021
2812 2811 28.259047808731687
2813 2812 12.173703890274021
2814 76 9.210885485570264
2814 2915 11.70554871646729
2815 2737 5.792787750998353
2815 2815 17.666164590384135
2816 1060 18.412335568831278
2817 2929 7.803485201275044
2818 930 9.200323682089927
2818 2822 2.374555607490293
2818 931 7.237026057223986
2819 2896 12.990093492955143
2820 936 14.889055448860384
2821 928 9.349068409630515
2822 2818 2.374555607490293
2823 2895 2.958314460827247
2823 2834 10.199565039714038
2823 2804 7.719396897970853
2824 2791 7.8828523359182
2825 2782 0.40254786315896457
2825 2778 3.5126604175633203
2825 2742 9.558624302526576
2826 2827 5.581580129070351
2827 141 1.3930321065108155
2827 142 3.7533725877340616
2827 2826 5.581580129070351
2828 3101 0.6548827888805813
2829 2127 0.8501391570168101
2829 3137 1.7445002111133705
2830 2639 1.9142324853582195
2830 2128 0.7828082087517485
2831 408 5.9105949675865705
2831 432 8.439209263575648
2831 441 15.32956437371033
2832 2783 2.987391770608149
2833 2776 6.260813721278576
2834 2811 2.9037992510412347
2834 2806 7.766629924525095
2834 2823 10.199565039714038
2834 2777 7.032807971551146
2835 1119 7.65017387596991
2835 1315 8.824879011784514
2835 2946 14.517871886840624
2836 2157 1.1007667408604278
2837 1414 4.440527871143453
2838 106 0.45258503835288294
2838 3206 5.556645910400837
2839 2781 2.542836751772665
2840 2099 17.902773184751318
2840 2104 10.469442108109005
2840 2860 7.504510477200765
2841 2733 3.5318693364988887
2842 2767 6.115564473837373
2843 2383 5.858755709563313
2844 2099 6.8112068192156245
2845 3018 1.687270060078632
2845 3019 1.453408157117471
2846 2238 4.198825343633105
2847 2846 3.928991920711238
2848 2847 0.5802051330567447
2848 3109 0.09655739351285031
2849 2106 10.437577267228944
2849 3074 6.081393210126971
2850 864 15.711449913690277
2851 1721 2.194968043103126
2851 1642 11.74681002444404
2851 1579 13.915162516620548
2852 1506 20.520690342748253
2853 1796 7.76772859995604
2854 3271 2.0699184397138826
2854 1796 33.67936669706067
2855 190 10.197617036368385
2856 759 10.971319877453709
2857 502 5.785931838872916
2857 510 8.102213607753441
2857 2858 6.299174260680459
2858 2857 6.299174260680459
2859 2867 0.8611650026169049
2859 2860 9.149227982473962
2859 2864 5.995774367978231
2860 2859 9.149227982473962
2860 2840 7.504510477200765
2860 2864 11.763891370245824
2861 2155 1.6502328247549019
2861 896 2.917102533335321
2862 1897 2.372800237430982
2862 3250 18.856732676397503
2862 185 11.17288611663222
2863 2792 7.879823798323438
2864 2859 5.995774367978231
2864 2860 11.763891370245824
2864 2865 13.635915395231095
2865 2867 5.410146288737314
2865 2866 5.5273914185843935
2865 2864 13.635915395231095
2866 2869 0.9770938330093365
2866 2191 14.918730459529248
2866 2865 5.527391418584395
2867 2104 5.313725269911582
2867 2859 0.8611650026169049
2867 2865 5.410146288737314
2868 2768 0.9155906662169283
2868 2767 3.443784451759002
2868 2869 5.467177316453807
2869 2866 0.9770938330093365
2869 2868 5.467177316453807
2869 2870 11.378139533663427
2870 2981 0.36485827079908373
2870 2191 5.533208688605821
2870 2869 11.378139533663429
2871 2779 1.3487814566192435
2871 2781 8.36640537400795
2871 2943 24.748329994961257
2872 2889 3.8898636165168416
2872 3010 6.700820637938854
2872 33 13.465187925776716
2873 2181 9.39499096795624
2874 184 10.959537887668182
2874 183 5.420332002452518
2874 3256 6.451747391436125
2875 1823 5.676839282818133
2875 238 52.54500133948688
2875 237 17.255346044089794
2876 2409 1.0521868051063865
2876 2411 1.8665457914576362
2877 2876 0.8586511338730365
2877 3139 0.8689476612036824
2878 2879 1.1447461403237316
2878 1233 7.285725665262247
2879 2878 1.1447461403237316
2879 2777 9.910418939560408
2879 1295 13.170998228012614
2880 2790 5.354766680076139
2880 2723 8.041222657810792
2880 2932 19.368770868814927
2881 2693 2.443136986738274
2881 2694 2.475264601407932
2881 2930 18.445639589590645
2882 2883 0.5770355640627638
2883 1043 1.204923392664493
2883 2882 0.5770355640627638
2883 1030 9.751773369387266
2884 953 0.830215545098424
2885 953 0.752064437414504
2886 2887 0.7698340596870067
2887 999 0.8298394590211756
2887 2886 0.7698340596870067
2887 977 3.6510766201456457
2888 2889 8.41850139017699
2889 2872 3.8898636165168416
2889 2888 8.418501390176989
2889 2899 14.904754154040626
2890 698 2.636112844768164
2890 697 1.7509501308093993
2891 2444 3.4009621047427543
2891 2619 2.1721687383010035
2892 2619 0.408366073542082
2893 2775 4.683342752516113
2893 2789 13.774882432523876
2893 2599 2.8934486528129946
2894 2752 6.647255552008167
2894 3001 9.861074330146504
2894 2743 6.605362746833977
2894 2775 9.84958567196167
2895 2823 2.958314460827247
2895 2776 28.869307908409226
2895 2945 5.393846021377207
2896 2819 12.990093492955143
2896 2720 39.716800827330715
2896 2999 5.825863344811705
2897 402 3.144781724344443
2898 3302 18.33971162016316
2899 2889 14.904754154040626
2899 3010 3.2447798487700963
2899 3302 30.695112757892627
2900 3103 5.700274938559965
2900 2906 11.001886492798686
2900 3106 11.200537804717321
2901 3106 6.662297220920428
2902 3103 0.40179301793515804
2902 2977 5.437020682623819
2902 3105 5.375377515355918
2903 2977 5.348865748690845
2903 3104 0.12689365314956583
2903 3105 5.381297411332323
2904 3104 6.142059779994883
2904 3062 8.77671739469357
2904 2905 5.790116754774251
2905 3038 2.1408316353347843
2905 2976 6.049280118217109
2905 2904 5.790116754774251
2906 2948 5.837704927770417
2906 3103 5.4869330205808415
2906 2900 11.001886492798686
2907 2653 15.327486541328392
2907 844 7.23403854028937
2907 2908 3.826080076563937
2908 2907 3.826080076563937
2909 608 8.078911704744796
2909 607 3.777894229530683
2909 3160 5.989375605757771
2910 3160 0.7331200619115581
2911 1719 1.319208911375105
2912 1719 0.9240280027510714
2913 584 30.071307630184553
2913 3140 5.573402208023852
2913 2914 5.13399155630005
2914 2950 1.0797892890845833
2914 2949 1.0384280639632804
2914 2913 5.13399155630005
2915 3008 0.6752274492812088
2915 2933 11.692259213100737
2916 2933 8.27829611048214
2916 2917 10.408843918266012
2917 2918 10.961403439871466
2917 2916 10.094447486715623
2918 2920 8.487204881187486
2918 2917 10.961403439871466
2918 2921 12.20833320293123
2919 2923 16.506031198672627
2920 2925 38.015941254942184
2920 2918 8.487204881187486
2920 2923 19.622607440093127
2921 2922 8.734368182500658
2921 2918 12.208333202931232
2921 2924 12.030063950707396
2922 2921 8.734368182500658
2923 2919 16.506031198672627
2923 2920 19.622607440093123
2923 2925 5.974810262818054
2924 2921 12.030063950707394
2924 2926 2.9260199327209206
2925 2923 5.974810262818053
2925 2920 38.015941254942184
2927 2414 19.420205833950362
2927 2928 3.718625889726653
2927 2413 10.763569209974369
2928 1266 7.633819228063914
2928 1226 20.142258933222273
2928 2927 3.718625889726652
2929 2817 7.803485201275045
2929 2931 8.503847386697677
2929 2958 9.054667053723445
2929 2959 4.9334787277240535
2930 2881 18.445639589590645
2931 2929 8.503847386697677
2932 2726 2.139653474711512
2932 2724 4.9579672824174645
2932 2880 19.368770868814927
2933 3008 10.845156526451118
2933 2916 8.27829611048214
2934 2810 4.296030541383923
2934 2937 13.81866531434032
2934 2935 3.7680642865695066
2935 2938 6.641171362006933
2935 2936 23.611258647619106
2935 2934 3.7680642865695075
2936 2939 5.981503499148851
2936 2935 23.611258647619106
2936 3135 25.834834601894322
2937 2934 13.818665314340317
2937 3088 17.051785779964195
2937 2939 4.063924948437394
2938 2935 6.641171362006933
2938 2940 2.6985653796319755
2938 2939 7.166933847141157
2939 2936 5.981503499148851
2939 2937 4.063924948437394
2939 2938 7.166933847141158
2939 3135 7.163294226056142
2940 2938 2.6985653796319755
2941 2957 1.063314248925341
2942 2943 5.06882994139719
2943 2942 5.06882994139719
2943 2944 1.2348271167245572
2943 2871 24.748329994961253
2944 2943 1.2348271167245572
2945 2800 3.5567034003597233
2945 2803 10.447910868426028
2945 2895 5.393846021377207
2945 2798 11.417178834901291
2946 2835 14.517871886840625
2947 205 22.28305668690872
2947 204 22.583502400315616
2947 550 9.629567445565627
2948 2906 5.837704927770417
2948 2976 5.328736068200529
2948 3038 8.923475092462862
2949 2914 1.0384280639632804
2950 2914 1.0797892890845833
2951 689 6.353186161632376
2952 1113 3.572839032647747
2953 2132 6.545928731932984
2953 2956 2.619520946085986
2953 300 13.30172185262095
2953 302 5.064968101662328
2954 2956 1.0315307674754055
2955 2956 1.031446061297562
2956 2953 2.619520946085986
2956 2955 1.031446061297562
2956 2954 1.0315307674754055
2957 2941 1.063314248925341
2957 2958 6.178547005857578
2957 2974 3.551948187137468
2958 2957 6.178547005857578
2958 3062 20.252033336181512
2958 2929 9.054667053723445
2959 3063 11.249844377729444
2959 2929 4.9334787277240535
2959 2600 17.555720680246516
2960 2431 0.4668465464466452
2961 2670 43.62474640984576
2961 2209 18.189153028228308
2961 3033 8.63313972802577
2961 42 13.135605894728155
2962 2437 0.5734929757764226
2963 2432 0.5504379147430508
2964 2435 0.5345969291908089
2965 2438 0.48978024197455383
2966 214 0.6680950768587022
2967 2436 0.571218510077602
2968 2044 6.05361072934042
2968 260 6.369289782899464
2968 2045 15.342410393242545
2969 3129 6.094095632726718
2970 3129 11.42220898758577
2970 1300 6.027103654231007
2970 2972 1.7496947387284592
2971 2972 1.9895318603028607
2972 2971 1.9895318603028607
2972 2970 1.7496947387284592
2972 2973 6.877146143913826
2973 2972 6.877146143913826
2974 2957 3.551948187137468
2975 3073 7.97131696826794
2975 2848 7.935745259879935
2976 2977 0.3880086518117932
2976 2948 5.328736068200529
2976 2905 6.049280118217109
2977 2903 5.348865748690845
2977 2976 0.3880086518117932
2977 2902 5.437020682623819
2978 2979 0.7002517054692817
2978 3128 1.3195617828387676
2978 2434 32.304315694907324
2979 2978 0.7002517054692817
2980 2069 31.66001582306548
2981 2870 0.36485827079908373
2981 2769 5.730634252180299
2982 1355 8.700512985418845
2983 591 4.19849385068173
2984 3300 2.4487561435417313
2985 3075 5.95398860325097
2985 3300 15.066951835068597
2985 2993 6.795183713478114
2986 2987 13.152913575572828
2986 3004 5.265727779746575
2986 3077 4.533494985929115
2987 3078 4.326409061751296
2987 2986 13.152913575572828
2987 3198 11.971265702874284
2988 3078 4.671777780570779
2988 2996 6.045525231792124
2988 2993 17.460010809740545
2989 2990 24.841446333965422
2989 2996 13.569323237870965
2989 2611 10.995819725108964
2990 2989 24.84144633396542
2990 2995 6.267429883314225
2990 2994 5.260693454215045
2991 2994 1.6709771872947712
2992 2994 5.15770347644842
2993 2985 6.795183713478114
2993 2995 16.098222172633594
2993 2988 17.460010809740545
2994 2991 1.6709771872947712
2994 2992 5.15770347644842
2994 2990 5.260693454215045
2995 2996 4.189313034663979
2995 2990 6.267429883314225
2995 2993 16.09822217263359
2996 2995 4.189313034663979
2996 2988 6.045525231792124
2996 2989 13.569323237870965
2997 1422 1.9577321256621119
2998 329 0.6474051864473904
2999 3000 11.887824801292115
2999 2896 5.825863344811704
2999 2226 10.31390205095466
3000 2999 11.887824801292115
3000 3214 9.885415378071553
3000 3143 11.628835198470426
3001 2774 3.1052178452117474
3001 3002 2.327779341416649
3001 2894 9.861074330146504
3002 3001 2.327779341416649
3003 2137 21.474677615986128
3004 3202 5.188599193323832
3004 2986 5.265727779746576
3004 3297 26.57698555658759
3005 3006 4.058416593851612
3005 3042 11.965751191156224
3005 3043 3.23454833674087
3006 375 6.050189010032719
3006 474 44.38108650050592
3006 3005 4.058416593851612
3007 280 0.6830711160210129
3007 2170 8.723443040858152
3008 3007 1.1416643208847783
3008 2173 6.05434875206816
3009 1190 0.7363747379833812
3010 2872 6.700820637938854
3010 2899 3.2447798487700963
3010 3302 34.62150916825937
3011 2924 3.32440754258667
3012 3013 1.7032140455511637
3013 3196 0.7740377190075493
3013 3012 1.7032140455511637
3013 2811 19.848627633293237
3014 3015 4.023803399794603
3015 1109 6.5002522994639325
3015 1112 6.106933559434938
3015 3014 4.023803399794603
3016 3079 3.856091421080151
3016 79 0.9840717285061414
3017 481 15.462976667802161
3018 2845 1.687270060078632
3019 2486 1.8815037067688687
3020 1850 0.5947278405915949
3020 93 24.897897103870083
3020 3021 7.346054714544251
3021 3023 2.767605607547315
3021 3022 2.1981105542604653
3021 3020 7.346054714544251
3022 3021 2.1981105542604653
3023 3021 2.767605607547315
3024 3060 13.582406012496717
3024 3254 9.931050050348501
3025 1580 15.04773053159931
3026 1095 8.287014458612996
3026 2650 1.7286274347308825
3027 3251 1.264041593418249
3027 1589 24.44104485891661
3028 63 11.379044451172886
3028 2079 2.4430649167114433
3029 117 1.7274418301613415
3029 1593 7.33167164197235
3030 1570 23.954771728451647
3031 2630 0.4033317197670278
3031 596 5.087528143464662
3031 3032 5.6608297803808485
3032 3031 5.6608297803808485
3033 3048 26.65853150206633
3033 2961 8.633139728025768
3033 3034 6.123440448668707
3034 3035 0.9326804808217731
3034 3211 0.9253117371951676
3034 3033 6.123440448668707
3035 3034 0.9326804808217731
3036 2793 12.774314215834506
3036 2231 7.405723423576498
3036 2730 4.346976543478883
3037 3039 2.128778171712129
3038 2905 2.1408316353347843
3038 2948 8.923475092462862
3038 3039 12.503871618045046
3039 3107 2.722220129100314
3039 3037 2.128778171712129
3039 3038 12.503871618045046
3040 3119 0.5149764361136004
3040 1744 1.9571528370296798
3040 1743 15.606516215014825
3041 3042 4.919223844852962
3042 3041 4.919223844852962
3042 3043 6.326898064887093
3042 3005 11.965751191156222
3043 3042 6.326898064887093
3043 3044 4.653763817943996
3043 3005 3.23454833674087
3044 3043 4.653763817943996
3045 1924 20.938023163082374
3045 3048 1.2298345385632468
3046 1920 11.497992109583453
3046 3047 1.3631661684805678
3047 3045 3.1682903735703682
3047 1955 15.087131934076906
3048 3046 2.735050035184487
3048 3033 26.658531502066335
3049 3104 6.105962433816081
3050 2670 62.83949101315172
3051 2218 1.295447705449849
3052 1251 3.7335508408835816
3053 179 1.102692534354255
3054 1218 3.6088875644626626
3055 1253 3.3726681220386308
3056 172 15.668890972781979
3057 890 4.21865024636034
3058 1929 24.129265209555367
3059 1113 8.304144089885005
3060 3024 13.582406012496717
3060 3061 2.96232813923043
3061 3060 2.96232813923043
3062 3088 5.063837053677428
3062 2904 8.77671739469357
3062 2958 20.252033336181515
3063 2959 11.249844377729444
3064 231 4.850707639153248
3064 1757 3.2201540396690316
3064 3066 2.481257492227671
3065 2598 3.338687901641727
3065 2229 1.6964280108960645
3066 2119 2.739552309935229
3067 234 0.6553453873367349
3067 2595 2.648976006966432
3068 3067 0.8041975097394195
3068 2232 18.262760225477944
3069 3070 5.165017628987786
3069 724 4.566103750180075
3069 482 9.426538390373333
3070 3069 5.165017628987786
3070 3072 2.8219949097531623
3070 3071 5.47985191579067
3071 3070 5.47985191579067
3072 3070 2.8219949097531623
3073 2848 0.5741220802974893
3073 2241 0.8250748386971121
3074 2106 5.716388499667363
3074 3073 0.44158897165337996
3075 2985 5.95398860325097
3075 3168 4.690861597987342
3075 3320 10.630451227847232
3076 3077 1.9512184415845502
3077 3076 1.9512184415845502
3077 2986 4.533494985929115
3077 3131 4.95076333360627
3078 2987 4.326409061751296
3078 3163 8.048386204013358
3078 2988 4.671777780570779
3079 3281 26.289419910807396
3079 79 3.112350421577118
3080 3086 4.927520360567115
3081 3082 6.930382664013646
3082 3085 1.8645763021087443
3082 3081 6.930382664013646
3082 3086 5.5979581574803765
3083 3085 2.270016247373447
3084 3085 2.245275964890913
3085 3084 2.245275964890913
3085 3082 1.8645763021087443
3085 3083 2.270016247373447
3086 3087 20.156435765230256
3086 3082 5.5979581574803765
3086 3080 4.927520360567115
3086 3194 9.271450450713987
3087 2139 8.427462168810086
3087 3086 20.15643576523026
3087 3193 5.17744392493009
3088 2937 17.051785779964195
3088 3062 5.063837053677428
3088 3089 7.510108395862963
3088 3182 11.762792701692163
3089 3088 7.510108395862963
3090 1859 10.104298906426093
3091 3092 2.696176371213565
3092 1407 1.3035397259632104
3092 3091 2.696176371213565
3092 1354 8.593859735744331
3093 3094 0.655181331338381
3094 1329 0.8043151756176168
3094 3093 0.655181331338381
3094 1304 4.689909063988985
3095 382 3.4549015577043987
3095 433 2.9723507317348634
3095 3096 5.175592152432938
3096 3095 5.175592152432938
3097 3098 0.6941677641654218
3098 2460 0.589872724163769
3098 3097 0.6941677641654218
3098 164 4.255033454399228
3099 161 0.7894380531700309
3099 160 14.94485242822348
3099 162 10.836846923749096
3100 1423 0.9554419704256815
3101 2828 0.6548827888805813
3101 2683 12.386967141794777
3101 3102 10.312270384423995
3102 3101 10.312270384423995
3103 2902 0.40179301793515804
3103 2900 5.700274938559965
3103 2906 5.4869330205808415
3104 2903 0.12689365314956583
3104 2904 6.142059779994883
3104 3049 6.105962433816081
3105 3106 0.13507339481479294
3105 2903 5.381297411332323
3105 2902 5.375377515355918
3106 3105 0.13507339481479294
3106 2901 6.662297220920428
3106 2900 11.200537804717321
3107 3039 2.722220129100314
3108 2244 0.7491935770221388
3108 2049 47.850463015141074
3108 1729 18.525261572584828
3109 2847 0.6156484468371332
3109 2238 0.5223242981577583
3110 1098 1.3347067442678096
3111 3112 0.6480016540336452
3112 1128 1.776765768031755
3112 3111 0.6480016540336452
3112 1125 7.846235610348937
3113 1126 6.209667223671354
3114 1088 11.532182760277207
3115 3116 0.6597815384764426
3116 1514 0.4115314433452751
3116 3115 0.6597815384764426
3116 1548 9.876319612561575
3117 3118 0.8742958263778191
3118 1498 0.9996875359049059
3118 1548 4.002283128384119
3118 3117 0.8742958263778191
3119 3040 0.5149764361136004
3120 2407 2.6802780518478038
3120 222 1.503892433079669
3121 1237 4.030063500241938
3122 1236 3.6196537349786104
3123 283 1.094772851726593
3123 738 11.170351204039822
3123 740 2.2726986616518685
3124 2410 2.3504783502720983
3124 2265 2.1755504296214103
3124 2877 1.3228405448360596
3125 3126 1.183621025724912
3126 1436 4.641501010356096
3126 3125 1.183621025724912
3126 1437 10.609542596676173
3127 509 8.404700553397182
3127 2621 10.162295612130086
3127 2091 4.889331709387122
3128 2978 1.3195617828387676
3129 1339 14.003499607029665
3129 2970 11.42220898758577
3129 2969 6.094095632726719
3130 2688 3.435202498735143
3130 2691 4.735742990812682
3130 2718 5.238514780128504
3131 3077 4.95076333360627
3132 1964 1.5373540906167265
3133 1964 1.3670088675783028
3134 1804 7.270113618633147
3135 3136 3.607846522324475
3135 2939 7.163294226056142
3135 2936 25.834834601894325
3136 3135 3.607846522324475
3137 462 21.43335301115167
3137 2127 1.7740124536155821
3138 795 4.754579490575907
3139 3124 0.6233726275567264
3140 2913 5.573402208023852
3140 2120 3.85670963756849
3141 1078 16.47050139119736
3142 3179 7.004431251264453
3142 1567 1.61215748953179
3142 85 13.22623333466178
3143 3000 11.628835198470426
3144 1715 0.48563808024525823
3145 2318 0.7280643698037509
3146 2318 0.7100308329298815
3147 3148 0.6266039069391336
3148 3147 0.6266039069391336
3148 1712 4.898654155483867
3148 1713 0.7000888136855797
3149 286 5.34897602608659
3150 2357 0.7674726641295447
3151 2357 0.7371317880533621
3152 581 0.8180981915573938
3153 587 0.5120972005151734
3154 587 0.5909501688889124
3155 588 0.5130514950089891
3156 588 0.5488533264750427
3157 3158 0.7454450998876946
3158 420 2.4888767873887243
3158 396 2.629945686095226
3158 3157 0.7454450998876946
3159 3160 0.6990955152916006
3160 2910 0.7331200619115581
3160 3159 0.6990955152916006
3160 2909 5.989375605757772
3161 3162 0.7578381040678449
3162 2112 0.5132626652373607
3162 3161 0.7578381040678449
3162 2111 6.683695941311139
3163 3078 8.048386204013358
3164 2067 31.826337863524923
3165 1997 11.487006728512156
3166 2241 0.5284414951724251
3166 3109 1.4829819185431374
3167 2121 1.4873962872201363
3167 2091 3.2952164112578513
3168 3075 4.690861597987342
3169 2476 0.5309870970071646
3170 2642 0.6385847762372078
3171 3172 0.6233953138673697
3172 2508 5.600359662054613
3172 31 0.9204473378534535
3172 3171 0.6233953138673697
3173 3174 0.7151324695844267
3174 3173 0.7151324695844267
3174 2507 2.0770837432349496
3175 3176 0.793053699539358
3176 2766 1.0830455777447783
3176 3175 0.793053699539358
3176 2506 2.877570552403024
3177 3178 0.7391724077183788
3178 32 1.1769832634431157
3178 3177 0.7391724077183788
3178 29 2.71047956959768
3179 3142 7.004431251264453
3179 3180 8.446042478245117
3179 1700 4.526461265719914
3180 3179 8.446042478245117
3181 2540 0.39043016373377576
3181 2539 9.064931340088034
3181 2551 22.74176442270458
3182 3088 11.762792701692163
3183 452 3.20463225951157
3183 73 4.918327429900847
3183 3184 14.070800217936997
3184 3183 14.070800217936993
3185 1718 1.597150364294244
3186 2188 0.4328739084288243
3187 3188 3.6407427221968924
3188 3187 3.6407427221968924
3188 3216 2.4866181032870007
3188 2047 6.236629583766226
3189 2047 3.577606698072257
3190 1055 1.4822447033253403
3191 3193 7.098593539336279
3192 3194 1.0010857735768597
3192 3193 20.212507214620338
3193 3191 7.098593539336279
3193 3192 20.212507214620338
3193 3087 5.17744392493009
3194 3086 9.271450450713989
3195 536 17.566602554010977
3196 3013 0.7740377190075493
3197 917 9.664513533252318
3198 3201 4.091148070046214
3198 3291 7.225875882069014
3198 2987 11.971265702874284
3199 3202 1.4801705881973746
3199 3200 4.170731787150747
3199 3204 12.85070274251539
3200 3199 4.170731787150747
3200 3201 4.970806593494732
3201 3198 4.091148070046214
3201 3200 4.970806593494732
3202 3004 5.188599193323832
3202 3199 1.4801705881973746
3202 3203 9.41596176600824
3203 3202 9.41596176600824
3203 3204 4.281564939515906
3203 3292 3.6647749343113913
3204 3205 1.0390374475514736
3204 3203 4.281564939515906
3204 3199 12.85070274251539
3205 3204 1.0390374475514736
3206 106 4.630302370213716
3206 107 15.221578577949204
3207 1619 0.6103765302828672
3208 1619 1.4392921924410513
3209 1618 0.37950828134475934
3210 1618 0.3404122824209738
3211 3034 0.9253117371951676
3212 1728 0.5989858131704364
3213 1728 0.794205213378606
3214 3000 9.885415378071553
3215 1840 0.8228905336687028
3216 3188 2.4866181032870007
3217 2346 0.8056961971354129
3218 2346 0.8502351133870258
3219 991 0.6475952966068761
3220 982 0.8232029927623957
3221 982 0.598130145420699
3222 1044 0.5722181860504565
3223 2347 0.6222833056184905
3224 2347 0.4655213892857294
3225 960 1.2867108713198134
3226 1833 0.5153855760313838
3227 1833 0.5567188741154768
3228 1984 0.6600990434012574
3229 1984 0.672868424795568
3230 1978 0.6484636194939282
3231 2655 1.4399214949641583
3232 2655 3.2144922233590316
3233 2135 0.667984544522679
3234 2135 0.4743617185620344
3235 3237 6.088266988138767
3235 2237 6.528738574343213
3236 334 2.21169949891784
3237 2757 1.132933803160832
3237 3238 5.727556895806645
3237 2750 5.600677641097188
3238 2757 5.201427820014261
3238 2239 7.941213727604633
3239 2271 0.5462253351715466
3240 334 2.2587241003433327
3241 335 0.8480657948831579
3242 3243 0.7885639319518676
3242 328 0.8202466795604221
3242 327 11.081460916600335
3243 3242 0.7885639319518676
3244 3245 0.6816251932895369
3244 319 0.6442569643081923
3244 290 14.215656930759714
3245 3244 0.6816251932895369
3246 325 0.7962996339432531
3247 325 0.6821370733177093
3248 2525 8.664061474809287
3249 451 8.209645097503527
3250 2862 18.856732676397506
3251 2076 0.7674080532392169
3252 841 9.275826922508937
3252 2892 2.169227474606239
3253 251 0.6433686062774939
3253 3254 1.8336437944709183
3254 3253 1.8197797384222454
3254 3024 9.931050050348501
3255 1609 12.158665505713985
3256 2874 6.451747391436125
3256 2571 7.9309309819008105
3257 1480 0.46595628744937584
3258 1480 0.4279594137596321
3259 2473 0.7642874734222408
3260 3262 0.5964828988211545
3261 3262 0.5949666131977827
3262 3260 0.5964828988211545
3262 3261 0.5949666131977827
3262 1611 10.628945112763303
3263 3264 0.37284618153328475
3264 3263 0.37284618153328475
3264 3265 0.18385029196795494
3264 1511 5.134432853445655
3265 3264 0.18385029196795494
3266 2677 10.573014056866901
3267 2669 51.16739090716079
3268 1390 2.7419949861730095
3268 3268 4.278603883255641
3269 379 6.9980244195946355
3270 2854 4.549426618266658
3271 2171 3.452048205645221
3271 3272 2.8831855570703553
3272 2450 0.439957590354888
3272 2171 1.2654661437369368
3273 477 8.321331801647833
3274 3275 2.1008838868894686
3275 1099 0.40014402449344283
3275 1094 13.948144632071912
3275 3274 2.1008838868894686
3276 3278 1.5875761955538759
3277 3278 0.43336187691041633
3278 3276 1.5875761955538759
3278 3277 0.43336187691041633
3278 643 5.194399820343272
3279 1978 0.7635387722207765
3280 1979 7.451055236769584
3280 2014 1.7083339498706833
3280 1980 9.837934422697
3281 10 7.523146157979565
3281 3079 26.289419910807382
3281 546 3.4408431484556745
3282 1194 0.734497492598645
3283 1194 0.8336009315277535
3284 1177 1.6597366152752007
3285 1435 0.8005482823867717
3285 1361 5.081360366221864
3285 3286 0.9836129993303482
3286 3285 0.9836129993303482
3287 3288 1.1953396922979618
3288 3287 1.1953396922979618
3288 1192 6.802505400481899
3288 1191 6.731649780766495
3289 1157 0.7798479601644376
3290 1157 0.9509107048436514
3291 3198 7.225875882069014
3292 3203 3.6647749343113913
3293 1429 1.9093589396280641
3294 1314 1.145167350603177
3295 2651 1.3268606386300954
3295 3296 1.0673701856379143
3295 1314 2.9369394399697946
3296 3295 1.0673701856379143
3297 3004 26.57698555658759
3298 976 10.603791585456733
3299 1675 11.104330161201956
3300 2984 2.4487561435417313
3300 2985 15.066951835068597
3300 3320 10.059376926887348
3301 860 0.2525617086734978
3301 2087 3.624236627735906
3302 2899 30.695112757892634
3302 3010 34.62150916825937
3302 2898 18.339711620163165
3303 2408 1.713784179815754
3303 3304 0.4261912648508238
3304 222 0.4370485936783691
3304 3305 1.0290149737684438
3305 137 1.75407490945198
3306 2181 1.4462632409519975
3307 135 1.7493301659985183
3307 1740 19.981095594154887
3308 1232 3.170003424094196
3308 135 1.9312289857342015
3308 3307 2.9363510760332057
3309 1836 10.975806288838548
3310 3313 1.158689011350334
3310 3319 5.606745245237382
3310 3315 5.718346119495789
3311 856 22.92961919198236
3311 1925 20.79239449938627
3311 3313 4.835199391263567
3312 3313 8.525649219288784
3313 3310 1.158689011350334
3313 3311 4.835199391263566
3313 3312 8.525649219288784
3314 3315 7.687421653619248
3315 3317 13.438409751153396
3315 3310 5.718346119495789
3315 3314 7.687421653619248
3316 3318 4.355271416877396
3317 3318 5.2146960160364415
3317 3315 13.438409751153396
3318 3317 5.2146960160364415
3318 3316 4.355271416877396
3319 3310 5.606745245237382
3320 3321 5.813566069955173
3320 3075 10.630451227847232
3320 3300 10.059376926887348
3321 3320 5.813566069955173