0 3238 2.437947055448546
0 3369 1.7171214075233194
0 3210 5.470401778935665
1 3215 4.919714790206853
1 3214 8.851445362930356
1 3359 2.998167579362453
2 120 2.3574028105917595
2 4504 0.31776933197450263
2 4503 1.054705475284715
3 407 9.511098777185722
3 5 7.824481654568163
3 4 4.912675598572535
3 4238 10.535471951652381
4 3 4.912675598572535
4 3491 4.694847637241603
4 3505 4.568196211189606
5 859 29.927328559987647
5 3483 5.509908733453368
5 3491 5.325672143137207
5 3 7.824481654568161
6 4213 8.78365424804193
6 406 3.435391785968333
6 142 2.424966272335762
7 3076 0.2751384473892679
7 408 9.479212972211483
7 142 14.695042749672927
8 392 7.072190377348046
8 393 8.263330719319802
8 216 5.358810797000194
9 426 5.092975351276081
9 389 5.708252272437717
9 217 11.299004974180288
10 4205 2.869444195194243
10 4473 3.787607472756621
10 4475 4.6865945736766905
10 12 4.265543998161868
11 12 2.690093830945318
11 13 14.435080525889287
11 4205 1.5204600446954235
12 10 4.265543998161869
12 3226 3.8213194877201864
13 429 7.4703783124991325
13 3538 14.057924845609215
13 11 14.435080525889289
14 417 4.163937534124014
14 410 5.830958284012691
14 215 8.440823522362853
15 3100 1.650895622927808
15 3124 10.294828941228866
15 221 14.286065751775556
16 4760 0.2123695678048014
16 3017 2.573735655797272
17 3020 2.6323269562658247
17 108 3.255049739983199
17 18 3.23988695463737
18 17 3.23988695463737
18 19 21.395895912601166
19 18 21.395895912601173
19 20 3.6791563994544214
20 365 7.779806555186466
20 21 70.79266737249938
20 19 3.7324149903467023
20 3158 29.987956596269115
21 4556 2.939862584848558
21 20 70.79266737249938
22 4555 0.5215446652097934
23 4553 0.46802013665252173
24 4223 1.099102966041208
24 563 8.52046492301241
24 4134 9.079143987191276
25 781 2.867440856342829
25 529 10.964928124869902
25 4223 7.7127117636422025
26 30 1.816762615084615
26 3602 5.4532003604156944
26 793 7.115326369267156
27 2136 1.7696386780205544
27 4131 9.40678228137484
27 28 6.126167336302738
28 4235 7.417837961329211
28 27 6.126167336302738
28 564 1.999283416624841
29 3968 0.7930801872085588
29 4235 9.068349919895681
29 4221 4.615326323604581
30 26 1.816762615084615
30 787 10.397972904103096
30 785 12.590821962405034
31 35 0.40545356455509424
32 4539 1.091353756143631
33 560 8.845196809875137
33 467 16.64460589617083
33 4154 17.31678729587735
34 455 8.909351147526532
34 1298 6.548953919529918
34 1310 9.856755500726079
35 3966 2.7064313350348916
35 32 1.6366598292624794
36 3967 4.464344354129788
36 31 1.3888294740320486
37 201 2.327020400344142
37 38 1.3172635612084602
38 36 0.48935930533495625
39 4237 1.4134750942893843
39 454 7.966550123698914
39 447 5.709246614537316
40 4561 0.18175809096783097
40 653 27.108381474330034
40 210 9.87313416373362
41 1231 23.74270362817736
41 1109 5.313261785992563
41 1111 7.224205711939283
42 3963 1.4715641204979206
42 1253 4.64758294283912
43 4672 3.3489792063489925
43 3963 4.5180284647963935
44 3000 9.58367747179043
44 2989 8.572271021537578
44 2990 7.929803060466944
45 3442 4.433820923317206
45 49 2.3888503781895665
46 3056 3.660805224388469
46 48 10.281787379528197
47 3065 4.470681666252132
47 3067 6.833884220309021
47 157 17.04259357259796
48 2763 8.192610338503188
48 46 10.281787379528197
48 4722 4.16365862305311
49 3441 0.24252988247464063
50 2965 2.637247026069838
51 50 7.37040413080625
52 4499 0.5739244057046169
52 4454 4.304822943900273
53 1494 1.4315812248337039
53 4501 4.751448545216298
54 4455 2.87509063265686
54 2294 21.68790738424389
55 1101 0.6390493168961224
56 2665 0.45023330160691494
57 4454 2.826649104372331
57 2293 1.24937361788494
57 1505 5.812020443434137
58 1556 2.150989302666322
58 1102 18.807822138833803
58 2257 7.273889345355199
59 4481 4.757399764789739
59 4755 16.333831637465707
60 2457 0.8158850339245453
60 2456 1.6072996189982338
61 62 5.532396445239775
62 642 2.150873224193035
62 63 12.746758783457441
63 3617 3.0946065150378765
63 62 12.746758783457443
63 641 6.216008932561101
64 640 0.48681872183336494
65 651 1.598586777485064
66 65 4.57277215051793
66 2964 13.088099095682445
67 4605 0.473684367217925
67 2964 10.263437439534162
67 68 8.08241358409956
68 69 9.222557388155371
68 67 8.08241358409956
68 2777 31.933342517581867
68 4585 3.2113497504264625
69 68 9.222557388155373
69 2782 1.2170920287838982
69 2778 1.5907504185533037
70 2887 0.29161105911185675
70 2787 16.432129800593792
70 71 14.299961857499556
71 70 14.299961857499556
71 2893 3.953999689235671
72 71 1.6022464161132295
73 72 3.848279580092131
73 2883 2.980992766605635
73 74 7.865999720682016
74 75 13.946103068062675
74 73 7.865999720682016
74 721 3.042191806462322
75 74 13.946103068062678
75 2966 1.8081656012969218
76 3623 3.3529651535509855
77 185 7.133334795814953
77 3627 12.477301377083922
77 3642 5.599047325320078
77 3958 7.326263321481046
78 3646 11.667258940520938
78 848 2.7436082583022445
79 3632 3.7392375193812444
80 3634 5.1870066080811155
80 3685 8.212182157695542
80 3663 13.60174801893764
81 3685 0.5065377859712971
81 3032 17.98415041184213
81 3031 3.141410187790055
82 3034 3.837405904522455
82 3031 4.6732909629015955
83 4497 3.4879412619163426
83 102 71.73328410145764
83 4496 2.4286193529367153
84 4099 0.3261892539529107
84 3394 11.73377503987313
84 3400 11.638037897832058
85 4483 0.6173976705724346
86 4116 4.532066934495168
86 87 5.101952284667657
87 4097 0.6349266895733392
87 3370 10.62960765101922
87 86 5.101952284667657
88 560 13.826493595316606
88 3607 2.1675833551595005
89 88 1.3537971162865048
89 4243 3.6268986511972585
90 273 14.580474045964685
90 89 1.1297832602197855
91 1996 9.652614191630207
91 1979 47.22454869759294
91 1079 27.87124174310356
92 3669 4.26055902611451
92 885 4.285449500587369
92 3670 8.895059232949903
93 3759 4.740424385133786
93 2958 2.015564037256841
94 249 2.9339618685326
94 4550 2.002268708580867
95 316 14.552975696099532
95 4128 1.7220067655554918
96 3740 28.93641426664495
96 3763 1.9008130209008036
96 3760 4.94369739463457
97 3759 2.57164853054855
97 583 1.8519333956640995
97 4470 11.586206771582322
98 101 1.2889535668769974
99 2823 21.835242900513908
99 98 1.9949052951402053
100 3713 3.3615780337458725
100 832 1.7349095317935326
101 3453 1.5127093344593328
101 881 2.5224838015684874
102 873 31.01356075878594
102 3836 33.38657591808235
102 83 71.73328410145764
103 3979 1.2576362267532888
103 3922 9.725594937840208
104 4545 0.15340870745154775
105 209 1.9485388664586076
105 104 1.7333086969418547
106 837 3.3146966949702152
106 4233 28.677253166774737
107 3610 3.936194363466805
108 3020 4.677474535547275
108 17 3.2550497399831984
108 4462 12.737991721261661
109 4674 5.75721119864768
109 3054 3.7818974261145133
109 3050 3.900502321012031
110 336 3.9086341205786166
110 2742 10.957035776120174
110 2737 3.284917981413833
111 4467 1.3678287431935046
111 4345 1.7894931178760045
112 4164 4.7647635524141085
112 4163 3.9602326314726364
113 579 0.9789604208810545
114 115 1.1502747876088424
115 112 24.239920641997696
115 191 2.583965880333207
116 1464 4.97377744730141
116 577 1.8545083928019241
117 3965 2.466985314794454
118 2488 20.48473431943817
118 2487 9.679728288374259
118 1466 2.05682639750992
119 120 5.639165715123073
119 283 6.975461549092831
120 2 2.3574028105917595
120 119 5.639165715123073
121 123 9.865487781372094
121 3076 4.0609126171120815
121 3075 2.6402171850854215
122 361 5.6607970266490435
122 441 17.53246223553161
122 3083 5.834144151122572
123 3077 2.473037429876959
123 350 7.699745630173259
123 121 9.865487781372094
124 46 6.971992862155421
124 128 2.4043900074701816
125 124 3.8710937583256366
126 3044 3.7133068987713798
127 2951 11.539823056549912
127 126 1.6438625835977274
128 127 1.2617430098416487
129 134 24.401784766572334
129 135 16.751076148895905
129 2866 6.0749124656103035
129 3971 6.0491339596691205
130 2487 2.0228511504212254
130 4127 1.5701297869966078
131 4466 6.771604456422766
131 132 1.828843860189718
132 130 0.9259860337572943
133 131 1.0087484080008278
134 2681 7.251192258355475
134 129 24.401784766572327
134 2687 6.225532610755422
135 129 16.75107614889591
136 268 14.695240036532926
136 2328 3.6201608780281584
136 4161 14.539134153503921
137 2681 0.6569356162096359
137 134 7.1256490946688755
138 515 1.4152194019601532
139 835 1.0868438948202717
139 2667 6.027910150575634
139 3971 6.740621268246714
140 2701 3.556026157830492
140 2697 4.919084933984438
140 716 5.058926456914531
140 718 6.959356773550306
141 233 0.8343599303324117
141 111 16.28553679421397
142 143 12.156187983840294
142 6 2.424966272335762
142 7 14.695042749672925
143 142 12.156187983840297
143 4633 11.274347002882289
143 144 1.3028942684419547
144 143 1.3028942684419547
144 419 4.585430301832758
144 3506 5.372472970471839
145 146 11.941698111529117
146 147 12.120800193459921
146 4504 4.489346855576507
146 145 11.941698111529119
147 146 12.120800193459921
147 4699 2.4492457931293403
147 4700 2.194092603797552
148 528 23.845916316795012
148 527 5.879354530573607
148 529 4.565664399317907
149 2311 6.928323149596467
149 263 4.214576543982577
149 443 15.844110592747441
150 2940 7.702251788612492
151 2937 1.9626084117374252
151 232 3.7897213772826124
152 155 22.724167203179853
152 2802 6.72901522196305
152 2965 10.305811418586707
153 4308 16.75687158772154
153 573 5.093991177826547
153 2772 14.262267273273588
154 2820 0.34610343393182147
154 2809 1.5016834577886977
154 2772 5.380586688731801
155 403 7.836684230916096
155 2820 5.837924668456041
156 858 10.761588074358265
157 4177 1.0211757384234177
157 47 17.042593572597962
157 3481 1.4708050404562045
158 2331 0.9480913862377457
158 2332 11.066039394926293
159 819 16.942046033459828
159 163 2.4328989488985453
160 1977 5.35689728342929
160 4542 2.0132097393833264
161 4543 0.17865121473092854
162 1581 17.41849038616291
162 161 2.401836782316278
163 162 0.30909280899009434
164 3358 0.391041410624309
164 3356 1.7752813244124963
165 3539 2.204526126312353
165 3333 4.872245126604921
165 166 8.063953241607576
166 3342 12.835550566134083
166 167 14.26343667622072
166 165 8.063953241607576
167 3339 1.5748670730345338
167 3548 6.928695478966952
167 166 14.26343667622072
168 2995 5.908471746185855
168 2996 5.171854596403667
168 3003 11.370301321919978
169 2983 6.809796737979372
169 170 10.954920337906717
169 4184 9.577806361131938
169 2981 13.50480041244354
170 486 3.7402602718671445
170 2311 1.8803864554238694
170 169 10.954920337906717
171 4549 0.241752120241428
172 3734 2.923296868634443
172 174 22.215517473553174
172 3735 8.535121024260485
173 3735 3.1812915287064785
173 3264 9.639746828874149
173 3268 5.524755121236498
174 3732 21.103548980364806
174 175 7.500656260865127
174 172 22.215517473553174
175 4584 0.843042802537668
175 174 7.500656260865127
176 3332 1.2413965653964745
176 3262 6.533305926993679
176 4584 4.885240605605093
177 4198 5.380148514334647
177 3460 2.4602934281068998
177 3459 4.645437882935485
178 4179 17.059979772613705
178 876 17.564828411422454
178 3717 6.3495882079157795
179 4626 0.670191028628223
179 4586 2.1790822322339785
180 2862 2.2500607919111206
180 2864 5.011962011014315
180 2859 3.378924971524312
181 2877 0.7489890950982163
181 2775 4.60473974230736
182 227 6.3761961015518365
182 4161 6.177371281050175
182 2947 12.061759005891851
183 182 3.548434145961935
183 436 14.568692213384072
184 265 14.51779938553834
184 847 12.522453785270127
184 4644 4.4070212675138905
185 77 7.133334795814953
185 2908 16.522047600238235
185 4729 8.566308432347096
186 2785 7.996561474439045
186 187 5.596975210128527
187 2883 2.5229565798642515
187 186 5.5969752101285275
188 189 4.5593541938012505
188 2786 9.668706611496388
189 188 4.630854786558641
189 2787 9.959749343947776
190 4309 17.968589882166558
190 2661 3.2158423777112204
190 2912 5.666482334343388
191 192 0.6927726149539493
192 193 2.8632262029485633
192 2928 1.0122943355059277
193 2326 0.779605855175182
194 4353 11.085122939963785
194 4627 48.36561389602068
195 790 15.36618395876866
195 526 16.528477112454098
195 794 5.507439502252972
195 792 5.3736449989549575
196 2139 9.83535134307331
196 3968 4.18415697995281
196 528 30.633713165745775
197 4123 3.009767705625954
197 1506 1.9998955297037906
198 578 1.4231079668971522
198 1337 2.8844562832185323
198 2327 2.0585374613279113
199 2312 0.5456211493054913
199 1347 8.667808676898682
199 4476 2.9384916336113065
200 2145 7.12883983534314
200 1978 23.43719916008675
200 658 5.210527991789944
201 38 2.424926145756213
201 1978 7.973896771127979
202 203 14.943213913557893
202 576 4.018961034252184
202 2840 4.796922780682957
203 204 11.107198805569388
203 2838 8.272060118913044
203 202 14.943213913557893
204 205 23.34223317099197
204 2837 1.948903317046166
204 203 11.107198805569388
205 2768 21.64461348752658
205 204 23.34223317099197
206 573 11.400770106251054
206 4560 7.5116770861164674
207 2840 5.0994143991978405
207 2842 4.747597375578053
207 888 42.585625210359375
208 3438 15.857069040641235
208 3712 3.451768358033013
208 3437 6.879125444291734
209 104 1.9175155103577999
210 652 15.47608255690207
210 4666 3.934268939375542
210 40 9.87313416373362
210 1212 11.141763898912652
211 754 6.183785093001722
211 1413 8.39636993999068
211 1418 7.0634042832209625
212 1481 4.758415232375563
212 1340 0.9994188792540826
212 4452 7.304139868476194
213 1429 25.58053828761414
213 480 3.0441458765847726
213 1345 6.297834940448281
214 1336 0.18055541841897266
214 578 1.9257411732623235
214 114 6.910527687151274
215 14 8.440823522362852
215 3538 8.746698646443578
215 218 9.844513171723348
216 217 0.3097877251562711
216 8 5.358810797000194
216 418 11.224825501018948
217 216 0.3097877251562711
217 3231 3.085551744972642
217 9 11.299004974180285
218 418 5.322258970615931
218 215 9.84451317172335
219 3228 1.6675521945767908
219 3231 4.175566058072435
219 3200 11.917086905431285
220 3230 7.972533572354796
220 3233 2.537813859225236
220 3227 24.89139045237218
221 222 6.0741984868112935
221 3185 4.088526808742873
221 15 14.286065751775556
222 3233 5.008513309968006
222 380 11.320150494876641
222 3131 6.572419017058528
222 221 6.074198486811295
223 3179 20.955310605230753
223 3100 6.997501617880107
223 3020 22.8212953032549
224 2931 2.919673447991171
224 229 5.837820141018779
224 574 3.9881238567110215
225 226 5.519612669853599
225 2948 4.346165656051977
226 882 21.95331337591151
227 228 11.29341759802169
228 574 6.578630459416128
228 224 5.202135054837961
229 3974 4.357630922264579
229 405 11.832954250979625
230 613 23.404891826340958
230 4535 6.054580844651216
230 2959 7.894948084381734
231 4344 0.9683417916153948
232 2963 6.5873494932649335
232 2950 10.88667912272677
233 2960 0.6983976573243358
233 150 6.525527627392753
234 3015 4.141054126307866
234 2747 0.8421685893070557
234 2746 7.948052528928411
235 3157 4.0053880988516015
235 3148 3.54900478153803
235 3152 36.67028255050521
235 3153 7.4581104677447865
236 2364 3.353260113888108
236 2334 5.291758911569433
237 4285 0.49815101675316337
237 240 7.564864537523752
237 3281 20.218165282474637
238 3263 2.181002066613319
238 343 5.925210494289059
238 4285 5.499313259049771
239 3263 13.13435533204801
239 175 4.4512178700666825
240 3275 4.9049577560832365
240 237 7.564864537523752
240 3272 7.13647880051965
241 3276 4.778456984619792
241 3275 2.569591712214054
241 3280 11.58643295454103
242 3296 15.178990077119877
242 3300 18.045518614916343
242 4286 15.84025474626742
243 4141 0.5150445823200095
244 4234 0.3504054106291437
245 253 1.5772093746429579
245 244 1.243470476900952
246 3550 9.444500026601673
246 3375 10.961958357262187
246 3539 31.899471854141474
247 3550 1.8835036481628387
247 3392 11.839312514509635
247 4490 7.516840728759344
248 4286 30.35762176574429
248 3564 21.153746272349093
248 3412 8.050703959519227
249 3757 7.4874339962349445
249 4550 2.4172185868133247
250 3765 5.010327182091837
250 251 16.525635148115324
250 3757 13.69652518983717
251 319 6.939052488192937
251 250 16.525635148115324
251 4351 7.030336325782743
252 3641 1.3903949283892814
252 3767 4.095060580486786
252 328 9.016710518789765
253 244 1.675215746439356
253 3892 14.688587238364898
254 3738 0.705599862054094
254 3737 5.531433190120292
254 3735 15.988327933797931
255 3734 18.43953225439323
255 256 6.510472432657974
255 3738 7.412593363238414
256 3736 6.608075960890999
256 3733 18.796042515502357
256 255 6.510472432657974
257 875 26.077852756950627
257 3727 8.311373012280724
257 3728 8.866671259767623
257 874 7.087046474170493
258 3277 12.553910264688444
258 3279 3.6478858675968997
258 3278 2.73085838015305
259 4639 1.8039850797487835
259 869 7.069985589612381
260 4184 12.121745512864383
260 2700 1.2420765803851812
260 2701 6.192399325919276
261 3005 5.543177997000517
261 2991 8.567945450703121
261 3003 6.19255951349344
261 3006 8.920810212555452
262 2991 9.213664038004255
262 4382 11.012035257633617
262 2975 14.015694407734122
262 2990 16.414821828249266
263 149 4.214576543982577
263 440 2.7908214362341695
263 669 13.024294052824219
264 181 2.7704847895008298
264 2865 4.400327010794841
265 4427 35.2913359310585
265 846 8.569279352430948
265 184 14.51779938553834
266 2934 2.1777996293342934
266 846 13.078335120927099
266 267 7.789493305779431
267 266 7.789493305779431
268 2894 6.605337105978004
268 136 14.695240036532926
268 857 8.781560021640084
269 3643 16.415504983910406
269 3652 14.070892870085846
269 884 4.382161200637878
270 564 9.07979828041553
270 563 18.429485560074177
270 565 14.241856477529218
271 566 8.95575816361179
271 4450 0.9352715854192609
272 2138 3.5967509313840273
272 590 9.400575257499312
272 4221 4.590181333976126
273 682 7.7181064295378645
273 90 14.580474045964685
273 277 14.290824052309652
274 1989 7.092767800879866
274 315 6.6493356820427625
275 2054 1.1391526249093884
275 1990 7.36712788446514
276 1990 2.8418435865346137
277 273 14.290824052309652
277 531 13.45566624626368
277 278 11.41639630308999
278 499 0.33704722510540963
278 2083 2.0584288623502562
278 277 11.416396303089991
279 280 1.5423196130387882
279 283 3.662534352705971
279 4664 1.8698093395546291
280 281 0.990174642727204
280 279 1.5423196130387882
280 282 2.8399875759165094
281 280 0.990174642727204
282 280 2.8399875759165094
283 3075 2.7013844856936258
283 279 3.662534352705971
283 119 6.975461549092831
284 4541 3.124847773290591
284 285 6.093330213670526
285 1514 6.216641651495505
285 284 6.093330213670526
285 1512 9.49853071890142
286 894 2.532874718490323
286 1527 3.188859246227936
286 1518 11.154959029513478
287 296 1.6923216460999189
287 310 2.3240940930968366
287 1594 3.198107364042402
288 311 8.323111465257824
288 298 2.7802971575107405
288 1909 2.670753026161343
289 290 3.4055965613571155
289 297 6.104242352007319
289 1913 1.8885208563002558
290 291 2.382744128310474
290 289 3.4055965613571155
290 1887 2.9891036184752595
291 1901 2.432044845547202
291 292 6.699310976635368
291 290 2.382744128310474
292 1588 1.5314794093817439
292 291 6.699310976635367
292 1930 2.9778886309721573
293 1589 3.250788261097614
293 1969 1.07797514940036
293 1586 0.9838814815215807
294 1578 5.744462863765902
294 1593 9.606993756202574
294 307 14.73749696395766
295 1578 3.034198711426124
295 296 6.615453511261287
295 1880 6.049058988787927
296 287 1.6923216460999189
296 295 6.615453511261287
296 1959 10.550686953398316
297 289 6.10424235200732
297 298 6.07080072751058
297 4520 4.311053150682677
298 1885 6.130350168455164
298 297 6.070800727510581
298 288 2.7802971575107405
299 1581 0.8440647281057122
299 1974 1.518680309915334
300 1580 11.275407698872954
300 301 7.613002561042234
301 645 4.095002609582298
301 300 7.613002561042233
301 302 5.504035489312919
302 1953 2.731622097553385
302 303 5.690408310345105
302 301 5.504035489312919
303 1963 9.016227735123026
303 304 6.347786069157381
303 302 5.690408310345105
304 1961 3.5069797360567687
304 305 9.113142306041674
304 303 6.347786069157382
305 1873 4.048233496923016
305 306 11.025536723550108
305 304 9.113142306041675
306 374 5.180689199858772
306 1579 7.560503876414094
306 305 11.025536723550108
307 1954 2.971732686172403
307 294 14.737496963957662
307 1579 11.477273771073891
308 309 4.446698367355443
308 1587 6.0359222425645545
309 1593 6.53880655548372
309 294 15.819553632357033
310 287 2.3240940930968366
310 1577 2.359884636701981
310 1962 2.6357739280276413
311 1946 0.9909448657013179
311 1931 1.8579564686218892
311 288 8.323111465257824
312 2042 4.241988157961366
312 2017 5.224820426155782
312 2015 10.99147386512922
313 2031 8.20787632607395
313 1987 14.861219188309452
313 634 8.107042336084183
314 2014 1.6853693804387333
314 525 8.607890954763393
314 2015 9.657475805438715
315 2148 1.1565621013217555
315 631 14.691189038558221
315 274 6.649335682042764
316 3670 5.301858559586986
316 317 6.826695894823199
316 95 14.552975696099532
317 3674 2.200291460424899
317 318 12.248290966538917
317 316 6.826695894823199
318 3672 1.1019527286034787
318 3682 14.509111954883002
318 317 12.248290966538917
319 3684 8.8081058214999
319 3677 5.065636046236025
319 3679 5.72762243679887
319 251 6.939052488192937
320 4391 9.904962042693965
320 326 7.426085343747677
320 4350 13.719116590908566
321 322 10.68730027001397
321 4388 3.7462328279579773
321 4387 6.180597557100249
322 3654 2.7881151978745766
322 321 10.68730027001397
322 4385 3.303891466397799
323 4392 1.5341458271829678
323 4388 2.11743694300512
323 4390 4.282542928685693
324 4394 5.469076631782003
324 3655 1.2580580775435062
324 3672 11.379748148716336
325 3671 10.519932421940968
325 326 0.8779591236831323
325 4394 7.528888213687449
326 3677 10.447661558743663
326 320 7.426085343747676
326 325 0.8779591236831323
327 3696 0.1250547571178634
327 844 4.905352078868214
327 328 13.373791172118544
328 252 9.016710518789765
328 327 13.373791172118544
328 3680 4.681161273999778
329 330 4.049243837497101
329 369 11.28270824700047
329 645 3.1193184036342188
330 1582 2.5423471837998406
330 329 4.049243837497101
330 1854 4.329342862679831
331 1583 2.333205373283945
331 1582 2.254085029859259
331 1826 4.735934883417698
332 830 3.1470548099390796
333 4270 13.314388702857443
333 3042 8.404853450626822
333 3037 10.880465261817493
334 2749 0.14195066844711118
334 2757 9.522223986393765
334 3037 4.449667320314714
335 3043 12.310418076806133
335 3042 9.617232228965593
335 336 7.88606929142034
336 335 7.88606929142034
336 110 3.908634120578616
336 4611 6.015555288700796
337 156 3.5870732845131825
337 4619 5.889199074470203
338 3462 1.1493114007080993
338 3492 17.134423140525683
338 3533 6.74241394513756
339 3262 24.126086630655664
339 340 7.127570773477876
339 3484 7.440746552028853
340 3502 6.588553984049591
340 341 4.876474782898094
340 339 7.127570773477876
341 3487 16.56268021181377
341 3489 9.831084413021966
341 340 4.876474782898094
342 3498 3.647216077050848
342 343 6.552378104609292
342 3489 3.823571342352333
343 3480 7.0074244715874325
343 238 5.925210494289059
343 342 6.552378104609291
344 3519 18.812623374616468
344 3521 7.430998290722507
344 3514 13.194731306462678
345 3569 22.51942224153085
345 3514 8.906109525511262
345 3495 11.300713241778716
346 3427 6.0794578860032855
346 3420 6.412196481886524
346 3418 6.586525988316922
347 4719 0.9315797108454618
347 3387 14.520548712156339
347 3411 9.657473729541989
348 349 2.719623949354529
349 830 3.3190592040286035
349 348 2.719623949354529
349 3077 12.513568795185641
350 3083 0.35244363347131064
350 352 3.5369879577611556
350 123 7.699745630173259
351 352 4.753339601230364
352 351 4.753339601230364
352 350 3.536987957761156
352 353 3.462620687804791
353 3079 0.739412838168281
353 3080 0.6418626494098195
353 352 3.4626206878047916
354 355 0.9368901509457417
354 356 0.9660940889049524
354 362 12.318932745697003
355 354 0.9368901509457417
356 354 0.9660940889049524
357 358 0.877978271688276
357 4323 7.094130809568138
357 3144 6.407627199428458
358 357 0.877978271688276
358 361 12.670825887819811
358 3136 10.78533898155372
359 4322 0.9063692045705313
359 3146 2.835320950372896
359 3137 4.504934108486685
360 4322 11.12807866927285
360 3127 15.557498413915813
360 3132 9.195065891281352
361 122 5.660797026649043
361 4138 3.408906847934417
361 358 12.670825887819811
362 3111 4.1238834149794865
362 363 9.636909669843456
362 354 12.318932745697003
363 3115 1.7662489867442146
363 362 9.636909669843456
363 364 8.598799931528179
364 363 8.598799931528179
364 3122 4.177738591101877
364 4263 9.00962294454295
365 3113 20.009540737101915
365 368 6.2967944772302396
365 20 7.779806555186468
366 3101 3.1177209260190635
366 3104 6.585322440853879
366 368 8.909051969996108
367 3111 5.4316153165796335
367 3108 2.87433002090802
367 3104 5.713298404054397
368 3094 34.15134545762135
368 366 8.909051969996106
368 365 6.296794477230239
369 329 11.28270824700047
369 1909 10.304821467018435
369 370 4.885873977249223
370 371 2.787520616263529
370 369 4.885873977249224
371 372 2.201002066577419
371 370 2.787520616263529
371 1866 8.938168826561487
372 371 2.201002066577419
372 370 10.914440972671695
372 373 10.015849983601285
373 1869 2.5252138050008943
373 374 2.7341139836692046
373 372 10.015849983601283
374 1864 6.946790644365082
374 306 5.180689199858772
374 373 2.7341139836692046
375 1591 1.4855244447719589
375 1592 36.51603162846341
376 377 1.968594839258512
376 1590 1.3161221920875883
377 376 1.968594839258512
377 378 7.698305649114132
378 379 0.4860109893368397
378 538 6.851330901298627
379 378 0.4860109893368397
379 377 7.845834419588872
380 381 6.159550643261429
380 222 11.320150494876641
380 3200 21.24723366326795
380 3187 6.654655742150719
381 382 21.530266702046347
381 380 6.159550643261429
381 3205 3.792578603045207
382 381 21.530266702046347
382 4506 14.382725887282792
382 3196 7.687475132232268
383 384 1.3612672254743354
383 391 12.596672070306514
384 3202 1.3968933571969429
384 389 13.174647216801572
385 383 1.1936007870243979
385 3201 0.7003254293757267
386 3223 1.6006532344073174
387 3223 5.536454240666937
387 3235 6.577502131922972
387 3219 4.302985882854926
387 3221 7.1716167541112625
388 3192 3.2798870340285533
388 4510 14.83601704385469
388 3196 7.509995323622216
389 384 13.174647216801572
389 3226 7.819194069891187
389 9 5.708252272437717
390 4472 0.5335753496679082
390 3206 0.7205876068594079
390 391 13.071961136749435
391 390 13.071961136749437
391 3211 5.231730428878772
391 383 12.596672070306512
392 8 7.072190377348047
392 392 5.002732956394148
393 394 4.091477465786457
393 3236 6.12829741489471
393 8 8.263330719319802
394 393 4.091477465786457
395 128 6.155892153990793
396 395 2.6188763171558067
396 2807 5.092062338544147
397 398 5.060231197238636
397 2803 4.6932038746759375
397 2807 3.858833319488206
398 397 5.060231197238636
398 575 3.8064944502016393
398 2789 11.02515150227544
399 2790 3.095251369977942
399 400 7.163873246417612
399 2800 6.795769265113651
400 402 1.0028198545083853
400 399 7.163873246417611
400 401 8.325180870325442
401 400 8.325180870325442
402 400 1.0028198545083853
403 152 15.302018590924096
404 2918 1.3079905573266795
404 405 12.110505030708955
405 229 11.832954250979625
405 2918 8.300390604151707
406 411 5.2863807104480225
406 3086 3.338030770885842
406 6 3.435391785968333
407 3068 8.902697015413985
407 3 9.511098777185722
408 409 0.26467577987198226
408 7 9.479212972211483
408 415 9.668109697839103
409 408 0.26467577987198226
409 422 5.274759129723387
409 3089 7.701839678304636
410 3565 0.24989966650185166
410 3089 7.394650738014526
410 14 5.8309582840126915
411 406 5.2863807104480225
412 414 1.5071935119439084
412 413 1.8753991204971276
412 4238 5.340462352989941
413 412 1.8753991204971276
414 412 1.5071935119439084
415 408 9.668109697839103
416 4633 2.2657286970353088
417 422 4.570226643027233
417 423 2.324658848147205
417 14 4.163937534124014
418 216 11.22482550101895
418 218 5.322258970615931
419 425 52.43472986553763
419 3565 8.89838748432411
419 144 4.585430301832757
420 421 7.687692732017037
420 3088 2.379015895611022
420 3087 2.260513358060757
421 420 7.687692732017037
421 424 6.803390188207903
421 422 5.467464956014741
422 417 4.570226643027233
422 409 5.274759129723387
422 421 5.467464956014741
423 417 2.324658848147205
424 421 6.803390188207904
424 424 3.2795758021280412
425 419 52.43472986553764
425 3565 10.355193203685268
425 3540 13.351668107747656
426 427 3.12932484456206
426 428 4.969571319407567
426 9 5.092975351276081
427 426 3.12932484456206
428 426 4.969571319407567
429 429 24.62762733133505
429 13 7.470378312499133
430 3620 0.3482098815268823
431 2307 15.593925566412393
431 2773 7.4155627108661
431 2780 20.909830660644953
432 2923 2.1909213478766696
432 2896 0.5677758574099443
432 2325 11.915662512543848
433 4400 3.3221878565516914
433 4398 1.168365509180201
433 2901 5.53315728973245
434 4405 0.45140470342189404
435 436 5.47154280325929
436 183 14.568692213384072
436 435 5.471542803259289
436 4612 3.181154469519788
437 2914 13.385446008468364
438 1143 16.213414945240704
438 1144 14.749560604855631
438 3964 16.78680886428699
439 464 1.3692679900999118
439 440 17.110459609756806
439 442 4.539502688871699
440 791 2.743692131054802
440 439 17.110459609756806
440 263 2.790821436234169
441 3145 19.309254992834845
441 4328 8.80589900460274
441 122 17.53246223553161
442 492 1.975662592051566
442 439 4.539502688871699
442 463 11.212979128749199
443 496 5.661025039211503
443 491 6.152385670428068
443 464 6.60682976414713
443 149 15.844110592747441
444 689 13.114007815429234
444 506 4.737046061848758
444 445 4.404913959415822
444 638 4.614253814291772
445 718 10.077724496910221
445 4267 17.65216237205132
445 444 4.404913959415822
446 448 38.898068810953575
446 493 27.84081609192751
446 460 64.93721503929264
447 39 5.709246614537317
447 4236 0.5614004152196144
447 1259 2.6688890780902295
448 449 45.49187666734436
448 446 38.89806881095358
448 728 7.79397414394342
449 448 45.49187666734436
449 697 10.034614110855848
449 727 29.09204685423661
450 756 9.843513588126502
450 502 6.238442708579243
450 755 22.070853151259833
451 1331 0.5081542314814023
451 695 9.523970373436697
451 457 16.8739171622322
452 655 13.425333782066886
452 759 5.5097867127640745
452 811 9.122624029486616
453 828 10.968021474755414
453 771 24.467403896097206
453 1151 28.712746871633485
454 4773 0.5965467014252405
454 4772 0.25571677667012155
454 39 7.966550123698914
455 739 6.066987628031037
455 737 6.467276351207472
455 34 8.909351147526532
455 456 8.700455161558306
456 610 12.444026441437543
456 461 7.933177573775607
456 455 8.700455161558304
456 1304 6.483216183004431
457 1312 2.3274289500710506
457 656 32.14465131116093
457 451 16.873917162232196
457 465 41.55642496296953
458 1313 0.5730154657635507
458 459 43.628072481069665
458 724 6.503276678597395
458 726 17.104561414970476
459 465 7.898762800330811
459 462 10.413065996070877
459 458 43.62807248106967
460 702 25.632170766388217
460 1266 23.441426029742818
460 446 64.93721503929265
461 476 6.560716233898467
461 475 25.833422235891174
461 456 7.933177573775607
461 656 19.872751610072314
462 4266 0.5195058039541208
462 459 10.413065996070877
462 692 24.115634277946228
463 495 3.4134347358061135
463 442 11.212979128749199
463 464 11.993436418379131
464 439 1.3692679900999118
464 443 6.60682976414713
464 463 11.993436418379131
465 459 7.898762800330811
465 457 41.55642496296953
465 1317 6.0977343988488935
466 736 10.350675799709094
466 1309 6.174395360288514
466 702 45.205657128749266
466 701 23.521517514263746
467 33 16.64460589617083
467 1302 5.573075715605921
467 1293 18.204944786067244
468 1298 6.372044631445988
468 3967 6.365536472397894
468 474 12.45418307501941
468 1301 8.434814487206733
469 473 2.281922324163562
469 758 6.476089500463676
469 4365 12.484594124753494
470 738 10.721376410757427
470 4236 8.07685912917182
470 501 10.9675977617213
471 757 1.3854678642785967
471 4166 5.948750785081605
471 473 11.233368997354619
472 1304 3.921917294314083
472 757 3.955489842296887
473 469 2.281922324163562
473 4168 8.006463074291885
473 471 11.233368997354617
474 1315 2.705575345396711
474 468 12.454183075019413
474 479 7.937743651547952
475 1315 3.160131521052046
475 461 25.83342223589117
475 1314 4.821532568821855
476 758 12.50483655329428
476 461 6.560716233898467
476 1304 8.918144495531982
477 479 4.166362583713358
478 479 3.288463521778307
479 477 4.166362583713358
479 478 3.288463521778307
479 474 7.93774365154795
480 481 16.69820571454359
480 4452 4.990947448989519
480 213 3.0441458765847726
481 1338 1.3914212028916229
481 505 3.783885393632097
481 480 16.698205714543587
482 483 2.096568562461924
482 691 9.953433375658264
482 747 20.741249880765313
483 484 4.989821672988099
483 639 6.1540920656268225
483 482 2.096568562461924
484 483 4.989821672988099
484 487 6.165765487027997
484 485 10.545481657655186
485 491 5.599712217847128
485 638 4.134092161312443
485 486 13.828261909979853
485 484 10.545481657655186
486 170 3.7402602718671445
486 637 4.204665374170873
486 485 13.828261909979854
487 484 6.165765487027997
487 490 6.071611808873185
487 488 5.672437047216778
488 496 6.468429403565256
488 489 8.303982505378624
488 487 5.672437047216778
489 488 8.303982505378624
489 495 0.8315713597512214
489 4266 9.269613789666026
490 491 5.270985841075991
490 496 5.9301922685722115
490 487 6.071611808873184
491 2311 14.656797123655997
491 490 5.270985841075991
491 485 5.599712217847128
491 443 6.152385670428068
492 442 1.975662592051566
493 764 66.48004004706026
493 808 10.36562838179451
493 446 27.84081609192751
494 495 4.378119265898741
495 463 3.4134347358061135
495 489 0.8315713597512214
495 494 4.378119265898741
496 443 5.661025039211503
496 488 6.468429403565256
496 490 5.9301922685722115
497 498 34.51367767640393
498 497 34.51367767640392
498 4450 2.7381791755472924
498 4152 1.6395856939252125
499 278 0.33704722510540963
499 4227 11.947261099770163
499 566 12.227560743107512
500 4227 1.0300541953662836
501 1265 3.332836253503173
501 470 10.9675977617213
501 701 12.589294243869187
502 724 37.388194076695285
502 503 7.444644075172528
502 450 6.238442708579243
503 1338 0.8953591324533247
503 753 11.120138092625151
503 502 7.444644075172528
504 4267 0.46074452772330626
504 689 6.410911388511069
504 505 55.03052002470892
505 751 5.692689440512815
505 481 3.7838853936320977
505 504 55.030520024708935
506 444 4.737046061848758
507 4774 0.9432542102391714
507 2082 4.154411056649615
507 1993 6.8406644644238845
508 1993 6.906932754375685
508 2072 3.5769113095877545
508 4256 4.762774559195712
509 2069 10.279811023447794
509 4256 18.84620419162987
509 510 15.238954067308699
510 509 15.238954067308699
510 2131 8.469253760766863
510 601 24.439067647114204
511 4219 5.184459657449605
511 628 14.924165271603401
511 630 9.361111810460205
512 2083 0.5491016744023279
513 3408 16.371353296744697
514 2328 15.250060811041113
515 2898 7.499507572926141
515 3959 8.956668620499553
515 138 1.4152194019601532
517 644 2.811285275830633
517 3612 4.381763601439342
518 4451 35.13014549947616
518 519 9.67859029008205
518 522 1.940654313729933
519 633 10.925442439905833
519 518 9.67859029008205
519 2066 12.539206321144592
520 629 12.41560669686394
520 2335 3.8215586839843723
520 633 2.7636548932307807
521 4318 8.309121440657236
521 523 4.879724605023176
521 1986 10.995416664871515
522 2148 19.732010217509924
522 518 1.940654313729933
522 4318 4.255608425179194
523 524 4.8366147915024795
523 521 4.879724605023176
523 2044 8.690430180678744
524 2047 4.301298651795469
524 523 4.8366147915024795
524 2045 6.5560900247387845
525 2013 5.298525842007513
525 314 8.607890954763393
525 2010 12.241712732012733
525 2045 16.723330688862607
526 528 5.055232882938942
526 195 16.5284771124541
526 527 17.78661360578956
527 526 17.786613605789565
527 792 7.286268950302765
527 148 5.879354530573607
528 196 30.63371316574578
528 526 5.055232882938942
528 148 23.84591631679501
529 4183 6.282733044320239
529 25 10.964928124869903
529 148 4.565664399317907
530 4256 16.026456290755704
530 4451 12.368787865493099
530 2067 28.14285864796372
531 4451 0.3166655077599104
531 709 4.729506898984582
531 277 13.455666246263679
532 2305 9.745845037100649
532 707 3.5779522482042836
533 534 3.6955885684181857
533 603 9.840344656564309
534 2109 5.593105844069094
534 535 5.953970029696945
534 533 3.6955885684181857
535 608 13.853144839235256
535 536 6.015958006305691
535 534 5.953970029696945
535 605 5.649231881985564
536 2114 4.822728093448442
536 609 7.4198526645186424
536 535 6.015958006305691
537 4491 3.565565362487264
537 2009 8.658538954106662
537 1994 9.442152972386548
537 609 2.0010320222699285
538 379 6.947644808496828
538 539 9.128690755983913
539 540 6.771978693427578
539 538 9.128690755983913
539 1821 3.2286261447222193
540 1621 20.79553338407686
540 539 6.771978693427578
540 1734 2.6806239010116104
541 4302 0.7821481883013804
541 1595 0.5510345951690417
541 584 4.458260267254611
542 1593 5.0353042806121024
543 1621 15.297226857553243
543 4301 2.699461481663613
544 1604 2.63811553551846
544 4258 10.091947108125296
544 4257 14.490893947708072
545 1094 1.7280026107431685
545 546 17.65946590153624
546 545 17.65946590153624
546 551 2.241128759970736
547 4301 1.3082997105242902
547 543 2.7105493658390793
548 549 0.2976128024417405
549 551 1.1893054832936678
549 546 2.1565869853461446
550 548 0.9799994485278242
550 1092 1.926840868087077
551 547 1.4719087859205118
552 1094 0.9850812287765632
552 545 1.7679827231510787
553 1609 1.3793162376572063
553 4546 0.8450645157357423
554 1093 0.649750476161502
555 1572 0.2393649454442163
556 4448 1.1460167905783138
557 558 7.402894051694454
558 559 4.772662286808074
558 557 7.402894051694454
558 561 7.742711091431807
558 4162 10.062450765223934
559 562 4.3971261979018585
559 560 6.528404584419092
559 558 4.772662286808073
560 559 6.528404584419093
560 88 13.826493595316606
560 33 8.845196809875137
561 4448 9.962240373480343
561 4243 3.3179666241198533
561 558 7.742711091431807
562 559 4.3971261979018585
562 562 8.249141804879535
563 565 6.649344995978796
563 270 18.429485560074177
563 24 8.52046492301241
564 28 1.999283416624841
564 270 9.079798280415531
564 565 26.66946705646418
565 563 6.649344995978796
565 564 26.669467056464175
565 270 14.241856477529218
566 599 9.200230178675689
566 499 12.227560743107512
566 271 8.955758163611788
567 4482 11.004442957791124
567 4628 3.703773133262741
568 194 31.771255943246523
568 569 13.72254071025326
569 4417 4.461145914966257
569 571 5.156623849898612
570 2972 0.6916816087113087
570 2929 4.139538865674657
570 2969 3.3542462103251727
571 4172 5.744985800304146
571 569 5.156623849898612
571 2969 2.3700067234147535
572 2949 8.462326127183081
573 153 5.093991177826547
573 206 11.40077010625105
573 2832 16.02528938244173
574 224 3.9881238567110215
574 2898 28.094157606405215
575 398 3.8064944502016393
575 2802 8.908607581052735
575 2955 9.718378297426131
576 2846 11.301194917911289
576 4558 17.574802056699305
576 202 4.018961034252184
577 2680 0.5749103844805716
578 198 1.4231079668971522
578 214 1.9257411732623237
579 578 7.662230843337292
579 114 2.237486073369188
580 1335 2.750997575149222
580 1336 1.8738591567548761
580 2327 0.5342623225437971
581 2636 1.1711890612330453
581 1484 2.454313729181941
582 2877 0.3331081604650666
582 2626 5.729118935309064
582 2636 7.521836910697942
583 4538 5.215006669394243
583 97 1.8519333956640995
583 2855 4.300078829037515
584 541 4.458260267254611
584 1575 3.0953066981224953
584 4521 62.76462268241553
585 1836 19.31033214798046
585 586 11.029834900687133
585 1574 29.679611275573283
586 1973 9.399642376668165
586 585 11.029834900687131
587 2380 2.695690278599535
588 589 15.098161919400077
589 4484 8.273271476576749
589 590 9.312355667881745
589 588 15.098161919400077
590 589 9.312355667881745
590 636 9.242285085666136
590 272 9.400575257499312
591 592 5.088806222508815
591 4484 6.459801070712268
592 591 5.088806222508815
592 4484 13.286766719571684
593 4191 1.9136714933373191
593 4484 9.421145745783045
593 4714 4.611548753070594
594 4255 6.731036368459438
594 4256 14.45822076691944
594 596 9.646482839061122
594 2081 18.407890158105154
595 4255 1.0036538227595313
595 601 23.28361124030416
595 4449 5.409369467965185
596 598 10.59104504478971
596 601 10.058383797688192
596 594 9.646482839061122
597 598 4.591117202605626
598 4447 4.460181738189574
598 597 4.591117202605626
598 596 10.59104504478971
599 2081 1.1175183804237663
599 600 8.985811229388188
599 566 9.200230178675689
600 4255 22.992888760246213
600 599 8.98581122938819
600 4272 5.332050947417972
601 510 24.439067647114207
601 595 23.283611240304165
601 596 10.058383797688192
602 4598 0.8464180778104841
602 4597 0.8873113257909476
602 2081 13.936480330307393
603 532 4.325709078835737
603 604 11.04871510546028
604 606 7.751376513848078
604 603 11.048715105460278
604 2129 7.991890583818901
605 606 4.651515131834202
605 535 5.649231881985564
605 2118 6.608284933371847
606 605 4.651515131834202
606 604 7.751376513848078
606 2123 6.7095028787989115
607 608 4.3353184136381255
607 712 4.787379463627092
607 1982 22.86902902246587
608 607 4.3353184136381255
608 535 13.853144839235256
608 609 7.6888829654588315
609 537 2.0010320222699285
609 536 7.4198526645186424
609 608 7.6888829654588315
610 611 3.5583563029936403
610 4167 8.795258967656924
610 456 12.444026441437542
611 4241 0.7355274385070334
611 610 3.5583563029936403
611 4240 0.9889678365003166
612 2846 1.3513846405985006
613 4317 0.630599219087552
613 230 23.404891826340958
613 206 15.353325122791045
614 4558 1.8789929290967076
615 4663 14.091204039123589
615 625 5.947834836962871
615 618 10.971933078790839
616 4264 3.0880152987174267
616 4663 1.4801881116116475
616 618 4.454322438478575
617 4299 0.9837671894211365
617 4297 0.6366479853270508
617 621 8.351749201838567
618 621 5.470694732975151
618 616 4.454322438478575
618 615 10.971933078790839
619 4663 0.6739477785425746
619 4232 3.932447710192254
620 621 8.795749159669134
621 618 5.470694732975151
621 620 8.795749159669136
621 617 8.351749201838569
622 623 1.1271581030642779
623 4298 1.1451879673473044
623 622 1.1271581030642779
623 624 6.278115176619724
624 4592 4.303213451181997
624 623 6.278115176619724
624 625 12.77106244618208
625 628 8.030363790478777
625 615 5.947834836962871
625 624 12.77106244618208
626 4592 0.6170495781560836
627 2133 0.40211344053733383
627 2134 0.372562586608241
627 628 6.272262112439789
628 627 6.272262112439789
628 625 8.030363790478777
628 511 14.924165271603401
629 2066 21.021044201617727
629 630 37.6840972669534
629 520 12.41560669686394
630 2131 1.6163548023580045
630 629 37.6840972669534
630 511 9.361111810460203
631 4366 6.333148821360008
631 315 14.691189038558221
631 1992 14.928388209515502
631 2062 16.227663351276576
632 633 13.439118067950742
632 2061 16.684502742319328
632 1991 5.956417609708924
633 519 10.925442439905833
633 520 2.7636548932307803
633 632 13.439118067950742
634 1987 10.693214078218041
634 2025 4.233521407790981
634 313 8.107042336084183
634 2021 5.347601784821906
635 4596 1.4289152528158133
636 4596 11.17001281534114
636 4152 4.7298554462821025
636 590 9.242285085666134
637 638 13.200324337783169
637 3013 10.36034916299168
637 716 5.415431732740422
637 486 4.204665374170873
638 637 13.200324337783169
638 485 4.134092161312443
638 639 14.29448311563166
638 444 4.614253814291772
639 483 6.1540920656268225
639 689 6.214724968565216
639 638 14.29448311563166
640 3618 1.526093296505584
640 641 3.189789464794309
641 3618 2.77643806118031
641 63 6.216008932561101
642 516 4.93678663719046
642 643 3.702451534889281
643 644 0.5853756253097064
643 516 2.585455844680564
644 3612 2.904282674617165
644 3613 0.5335980387789722
645 329 3.1193184036342188
645 301 4.095002609582298
645 646 2.090161348402616
646 1862 1.7919534488746505
646 648 0.675104473089533
646 645 2.090161348402616
647 1862 0.4216641506045828
648 646 0.675104473089533
649 4652 3.0176121677944363
649 3015 3.663891712115757
649 3005 6.262391637072838
650 2651 4.622717123139279
650 2657 2.565057569408528
650 2656 4.012398127878619
651 430 3.948865582751122
651 64 1.8346413544898463
652 1360 12.049980414958418
652 210 15.47608255690207
652 653 13.867696739838502
652 680 9.541145874726197
653 662 22.126652663651665
653 40 27.108381474330034
653 659 6.259491897583845
653 652 13.867696739838502
654 663 16.10235824307624
654 696 33.648005025297955
654 660 12.650957445630816
654 659 6.52002757032351
655 660 16.876562853094004
655 1331 25.220835772993045
655 656 24.629036880634498
655 452 13.425333782066886
656 657 20.217719454469314
656 655 24.629036880634494
656 457 32.14465131116093
656 461 19.872751610072317
657 666 13.732006616218888
657 658 16.401325918525036
657 656 20.217719454469314
658 200 5.210527991789944
658 657 16.40132591852504
658 1317 15.47367079877037
659 662 16.12353286817433
659 664 30.268597424078678
659 654 6.52002757032351
659 653 6.259491897583845
660 1328 6.322172838105391
660 655 16.876562853094008
660 654 12.650957445630816
661 663 3.2653954104143756
661 4530 0.41121138740511626
661 4529 0.4028073249315485
662 663 6.545674710607875
662 653 22.126652663651665
662 659 16.12353286817433
663 662 6.545674710607875
663 661 3.2653954104143756
663 654 16.10235824307624
664 659 30.268597424078678
664 4457 2.971542044921777
664 696 5.334210797705095
665 666 10.116142558988772
666 667 7.271068557764259
666 665 10.116142558988772
666 657 13.732006616218888
667 666 7.271068557764259
668 896 14.798603178430598
668 762 16.812940134614195
668 760 9.826475882951986
669 2981 2.920443321787919
669 263 13.024294052824219
669 2974 11.062435420903592
670 673 2.706109044651395
671 2313 6.830780685806393
672 720 5.097848593734551
672 2705 8.572079439047636
672 2697 6.620532702528817
673 674 7.176882873789634
673 720 4.469733279548662
673 670 2.706109044651395
674 673 7.176882873789635
675 2537 26.203420320689787
675 1499 10.714852857876876
675 1501 4.874947015505113
676 4613 0.9584192320939531
676 1485 7.57596051309447
676 679 8.191695459806633
677 1490 13.80444957912471
677 678 38.28518728541817
677 1485 9.659617567479936
678 1498 2.2961878037015797
678 677 38.285187285418154
678 1496 7.50081628116746
679 680 49.07539717737096
679 3962 10.768741601692376
679 3960 5.307821625742356
679 676 8.191695459806633
680 1359 11.573474862175058
680 652 9.5411458747262
680 679 49.075397177370945
681 682 1.952007293874912
681 1995 2.7435064395072564
681 2112 6.381084769612406
682 681 1.952007293874912
682 273 7.7181064295378645
682 1984 16.73781340781353
683 1360 2.2623908745077776
683 775 6.111676914752502
683 684 19.638596688576396
684 683 19.638596688576396
684 1334 20.697575450197363
684 1332 8.879719925226718
685 1983 5.245205426349858
685 1984 8.154090665671582
685 686 4.292419115015286
686 687 2.682421381958351
686 685 4.292419115015285
687 688 4.582733327097956
687 686 2.682421381958351
688 1995 8.669097803821792
688 2094 4.749162632961786
688 687 4.582733327097956
688 710 5.315734163005962
689 639 6.214724968565216
689 504 6.410911388511069
689 444 13.11400781542923
690 694 2.6073535962368846
690 691 25.32601593827261
690 750 5.757830686471127
691 741 8.109305247781556
691 482 9.953433375658264
691 690 25.32601593827261
692 725 7.4930689244897755
692 462 24.115634277946228
693 694 24.29211135935758
693 753 7.4158686549249
693 726 6.1864743898837125
694 690 2.6073535962368846
694 740 6.135678135916018
694 693 24.29211135935758
695 777 7.435739767090374
695 451 9.523970373436697
695 724 6.712494676937951
695 1333 4.88828141838086
696 654 33.648005025297955
696 664 5.334210797705095
696 4667 4.262875148050711
697 700 3.2124848931376144
697 449 10.034614110855852
697 727 34.81201385222575
698 703 12.758835530637771
699 1567 1.9200769058955134
699 1569 4.520289368592223
699 1571 5.2469924324959205
700 697 3.2124848931376144
700 1569 22.15661868603285
700 701 6.862837088800729
701 501 12.589294243869185
701 466 23.52151751426375
701 735 13.814818376854415
701 700 6.862837088800729
702 460 25.632170766388217
702 466 45.20565712874926
702 733 9.227960761616135
703 704 8.771852084345642
703 1567 18.355829976043637
703 698 12.758835530637771
704 734 7.753484242783102
704 703 8.771852084345642
704 733 7.685588948468011
705 706 30.640227919208165
705 1337 5.439835047967735
705 4568 4.467253283995195
706 4569 22.453840731000177
706 705 30.640227919208158
706 4568 21.2669943578961
707 708 11.54191148388295
707 532 3.5779522482042836
707 709 10.144679685293632
708 709 6.205132297380208
708 707 11.541911483882952
708 4590 4.254888766257056
709 707 10.144679685293632
709 531 4.729506898984582
709 708 6.205132297380208
710 2110 5.339757297720753
710 711 8.979121215682776
710 688 5.315734163005962
711 2109 6.935582722543649
711 2305 4.57292775241777
711 710 8.979121215682776
712 713 1.5668311469397531
712 607 4.787379463627093
712 1980 8.209315820715629
713 1981 2.270766255456127
713 712 1.5668311469397531
714 2098 1.6555783959948855
714 2094 4.1608354384501824
714 2105 4.342902363692803
715 716 3.6634479978904237
716 715 3.6634479978904237
716 637 5.415431732740422
716 140 5.058926456914531
717 718 9.673717989759833
718 717 9.673717989759833
718 140 6.959356773550304
718 445 10.077724496910223
719 720 3.2449001655022065
720 673 4.469733279548662
720 672 5.097848593734551
720 719 3.2449001655022065
721 2891 0.432319089474191
721 2967 3.472534872263945
721 74 3.042191806462322
722 2973 16.349375665156934
722 2891 3.4418392580355324
722 2889 5.971080419219961
723 725 12.34204642485639
723 692 17.904795428200536
723 726 10.13453126404062
724 502 37.388194076695285
724 458 6.503276678597395
724 695 6.712494676937951
725 740 0.931499573635762
725 692 7.4930689244897755
725 723 12.34204642485639
726 723 10.13453126404062
726 693 6.1864743898837125
726 458 17.104561414970476
727 697 34.812013852225746
727 1260 7.711572207141679
727 449 29.09204685423661
728 734 21.296622295129897
728 448 7.793974143943422
728 729 20.250586788736573
728 731 12.267400909997153
729 734 8.290751764132654
729 728 20.250586788736573
729 730 6.325071280186799
730 729 6.325071280186799
730 731 23.97921016634005
730 733 29.671305499423507
731 732 11.682834609468687
731 730 23.97921016634005
731 728 12.267400909997153
732 731 11.682834609468687
733 730 29.671305499423507
733 702 9.227960761616135
733 704 7.685588948468011
734 704 7.753484242783102
734 729 8.290751764132654
734 728 21.296622295129897
735 736 13.553236433578425
735 738 8.96395296050406
735 701 13.814818376854415
736 466 10.350675799709094
736 739 3.889339842216276
736 735 13.553236433578425
736 1310 12.021060702391631
737 738 2.7293842610327643
737 739 14.352014730037125
737 455 6.467276351207472
738 737 2.7293842610327643
738 470 10.721376410757427
738 735 8.963952960504061
739 737 14.352014730037125
739 736 3.889339842216276
739 455 6.066987628031037
740 694 6.135678135916018
740 725 0.931499573635762
740 741 24.80041247069421
741 4266 7.821526864004474
741 691 8.109305247781556
741 740 24.80041247069421
742 4477 0.7089473151208564
742 2381 13.559496348410764
743 1585 3.4760251873035104
743 744 2.469321358709621
743 1877 6.5090885869570405
744 1841 0.7019538454786529
744 1970 0.6332718686478056
744 743 2.469321358709621
745 746 13.85547457458757
745 3604 11.177909886667848
746 745 13.855474574587568
746 2336 26.478293871580856
747 482 20.741249880765313
747 752 13.075950086255515
747 750 3.7668770804286917
748 749 5.544655743948548
748 753 7.335855969980213
748 751 10.287906300771787
749 748 5.544655743948548
749 750 13.84410851576287
749 752 8.225685888110288
750 749 13.84410851576287
750 747 3.7668770804286917
750 690 5.757830686471127
751 748 10.287906300771786
751 752 5.967853000584464
751 505 5.692689440512815
752 749 8.22568588811029
752 747 13.075950086255515
752 751 5.967853000584464
753 748 7.335855969980213
753 503 11.120138092625151
753 693 7.4158686549249
754 1412 8.595428826808579
754 211 6.183785093001722
754 755 4.684745247435326
754 1411 5.081615304595975
755 450 22.070853151259833
755 756 26.152900744147615
755 754 4.684745247435326
756 778 9.001017398199146
756 450 9.843513588126502
756 755 26.152900744147615
757 472 3.955489842296887
757 471 1.3854678642785967
758 469 6.476089500463676
758 476 12.50483655329428
758 759 13.19823118205718
759 758 13.198231182057183
759 452 5.5097867127640745
759 1320 12.885968249200973
760 668 9.826475882951987
760 2306 13.09779474753348
760 905 10.013058821858966
761 827 1.5414539635394862
761 1243 7.141228826700808
761 762 10.975389486300204
762 4775 5.275119683175109
762 668 16.81294013461419
762 761 10.975389486300202
763 1114 3.702038667603115
763 827 24.988150844192454
764 765 6.654666772731724
764 493 66.48004004706026
764 1151 11.179299806502824
765 770 18.89914545069074
765 764 6.654666772731724
765 766 5.66463322891962
766 1135 6.756650280227258
766 825 23.908451356881745
766 765 5.66463322891962
767 1122 8.32622110129558
767 4253 8.147457646935887
767 1126 5.888946885084474
768 806 6.625383720287125
768 1114 14.330554254874674
768 797 10.29059815397361
769 773 8.17773121317585
769 982 8.880776460120497
769 975 48.32469261753267
770 765 18.89914545069074
770 828 52.793784079245874
770 1152 4.756020758614762
771 1263 11.406541800713757
771 4771 5.500702853312914
771 453 24.467403896097206
772 773 10.96418207908872
773 769 8.17773121317585
773 772 10.96418207908872
773 774 3.1990199858966353
774 965 3.968666017744036
774 773 3.1990199858966353
774 905 9.79619736404508
775 776 5.002395046645465
775 683 6.111676914752502
775 1332 18.769801193584772
776 1371 1.95270018314022
776 775 5.002395046645465
776 777 40.784493844020645
777 695 7.435739767090374
777 778 7.161610935745344
777 776 40.78449384402065
778 777 7.161610935745344
778 756 9.001017398199144
778 4189 36.75208946215489
779 783 0.5093939365035733
780 782 6.217649274946386
780 781 4.6267387810611496
781 793 31.571760533643566
781 25 2.8674408563428284
781 780 4.6267387810611496
782 780 6.217649274946386
782 783 3.8901466196419356
783 3603 0.6823590616461789
783 779 0.5093939365035733
783 782 3.8901466196419356
784 4382 2.2213999630286483
784 785 9.350843908145148
784 786 7.7311720455113395
785 784 9.350843908145148
785 2989 6.812283655829838
785 30 12.590821962405034
786 2984 0.7451348223167479
786 784 7.7311720455113395
786 2985 0.9009495997549519
787 795 10.942018577206166
787 30 10.397972904103096
787 4580 8.834785828815582
788 789 7.308753042657822
788 791 18.666332811557833
788 2974 12.21740562625641
789 788 7.308753042657822
789 790 7.611713355003031
789 794 17.071978757356355
790 195 15.36618395876866
790 795 6.554564239332239
790 789 7.611713355003031
791 788 18.666332811557833
791 440 2.743692131054802
791 794 4.923129762688023
792 796 18.81108814862564
792 527 7.286268950302765
792 195 5.3736449989549575
793 796 18.788437814171484
793 26 7.115326369267156
793 781 31.571760533643555
794 791 4.923129762688023
794 789 17.071978757356355
794 195 5.507439502252972
795 796 8.028856740496549
795 790 6.554564239332239
795 787 10.942018577206166
796 795 8.028856740496549
796 793 18.788437814171484
796 792 18.81108814862564
797 802 14.908734675438296
797 798 21.02407818160336
797 768 10.290598153973606
798 800 7.492964012751238
798 1243 14.115656304759366
798 797 21.024078181603354
799 800 9.702794405712027
800 798 7.492964012751238
800 799 9.702794405712027
800 1107 1.6962314870260213
801 1107 1.5752478517209305
802 804 4.717787609163503
802 797 14.908734675438296
802 803 8.566928479920348
803 802 8.56692847992035
804 802 4.717787609163504
805 4252 0.9351424100550834
805 4254 0.9921314685056775
805 806 3.6472933745675644
806 768 6.625383720287125
806 4253 6.938560573275917
806 807 7.419149910356963
806 805 3.6472933745675644
807 1118 6.591625050454643
807 808 19.960919273812497
807 806 7.419149910356963
808 493 10.36562838179451
808 1241 10.537342710343204
808 807 19.960919273812504
809 1152 4.50103410200773
809 1159 8.954478708080481
809 1154 3.685276487197261
810 815 8.464863864585364
810 813 12.467181988026068
810 812 5.1959132025567945
811 452 9.122624029486616
811 815 8.913047847123238
811 813 18.19154662021367
812 1325 0.6160458819718617
812 810 5.1959132025567945
812 1324 2.949618005794286
813 811 18.191546620213675
813 810 12.467181988026068
813 1326 3.745868287487007
814 1323 1.300943471568972
814 1322 0.6903259240308066
814 815 9.990367932756355
815 811 8.913047847123238
815 810 8.464863864585364
815 814 9.990367932756355
816 1326 0.6328524067405876
817 818 3.175757363500599
817 4092 7.620127433206149
818 817 3.175757363500599
818 3023 9.579077450491084
820 2816 4.91955343471273
820 2819 6.430543596572582
820 2815 2.1638209476284387
821 4139 1.7827431016709854
821 822 1.121666835349538
822 4137 0.4365832758720924
823 3244 2.6817700890617453
823 3243 1.1213669999097615
824 3236 1.9250289405066807
824 3093 1.4211964069184888
825 1134 6.3377345988921565
825 766 23.908451356881745
825 1126 14.273797947843535
826 1137 4.82844805570512
826 1136 10.338632089602955
826 1141 8.344092695151298
827 761 1.5414539635394862
827 763 24.988150844192454
828 453 10.968021474755414
828 829 8.498787801188017
828 770 52.79378407924587
829 1159 8.875448702104562
829 828 8.498787801188017
829 1164 3.757305986340129
829 1167 3.8290325892359194
830 3078 1.5877631145923963
830 349 3.3190592040286035
830 332 3.1470548099390796
831 4287 0.3747862543654396
831 1566 3.6641100531369575
832 2962 0.3562090176818677
833 4347 1.4161408470242376
833 3722 6.308954362003694
834 3713 1.7467140115622384
834 3714 4.20880038882908
835 2494 1.6254671033213284
835 2493 0.6462484523071601
836 3485 4.686573206301231
836 2766 10.58565057322523
837 838 8.834391745924966
837 106 3.3146966949702152
837 3708 6.050376360404232
838 837 8.834391745924966
838 841 25.863617288411525
838 3709 6.992555520541844
839 840 11.87824252767217
840 839 11.87824252767217
840 842 2.1747084322222596
840 3709 11.396907689627255
841 3695 5.020056409265958
841 838 25.863617288411525
842 840 2.17470843222226
843 3694 3.0448138191509084
843 3695 1.5109465425038873
843 844 14.671475096500123
844 3689 4.640531377019355
844 843 14.671475096500123
844 327 4.905352078868214
845 3749 1.6235609292015345
845 3641 13.35128799414523
845 4684 7.611063665065661
846 266 13.078335120927099
846 2922 7.853488355122674
846 265 8.569279352430948
847 4130 5.931998539243057
848 79 3.2864246320164465
849 4352 3.932745909547161
850 851 3.4387633461698233
851 79 10.845295969128964
851 2897 2.3215562338012696
852 4770 0.5846875160215658
852 4458 6.884197804601924
852 2670 17.28252961859581
853 854 3.555603902978472
853 2673 3.1458580102475793
854 1099 0.5732927809909236
855 856 1.6390236365845714
856 2460 3.553715293996875
856 2296 1.4941529739565265
857 2882 4.692257500116831
857 268 8.781560021640084
857 2874 7.361514007535994
858 3449 4.415912211491402
858 3462 13.707459216720624
859 3484 1.1311367712787301
859 5 29.927328559987654
859 860 10.917065995478763
860 3491 34.396841273144055
860 859 10.917065995478763
860 861 4.0384781562958185
861 3502 6.951380573657534
861 862 15.012822095256471
861 860 4.0384781562958185
862 3477 24.625411111760016
862 3605 17.620199461960933
862 861 15.012822095256471
863 3605 0.7020412406306485
863 3520 18.472613135766665
863 864 10.324074327474456
864 3510 23.265261401734353
864 865 5.88415206538241
864 863 10.324074327474456
865 3510 15.258457689978863
865 866 16.15538347160926
865 864 5.884152065382411
866 3592 4.238031047707588
866 867 8.91180324593964
866 865 16.15538347160926
867 3517 5.899596485527027
867 3524 8.1384471400691
867 868 20.677016176962454
867 866 8.91180324593964
868 3555 0.2607102587017091
868 3554 9.060014113307801
868 867 20.677016176962454
869 259 7.069985589612381
869 3555 15.51360619340419
869 3590 27.520015242064552
870 1502 1.2563870766880578
870 1364 8.178561635026817
870 871 2.580557574698377
871 1373 15.755846549157372
871 1370 18.593525917866078
871 870 2.580557574698377
872 51 1.824443058881454
872 2815 7.076170181328255
873 3834 1.3147014816831153
873 102 31.01356075878594
873 3833 8.366076459852232
874 257 7.087046474170493
874 3834 43.98969743480925
874 3794 15.245980497767166
875 3721 3.7926675815646393
875 3459 24.350362819855352
875 257 26.07785275695063
875 878 6.996747945268406
876 3718 3.7279526504275564
876 178 17.564828411422454
876 3712 1.1457601654033773
877 3720 8.64135860566694
877 3718 4.280456628972642
877 3726 26.212122566266853
878 3731 7.0204057739412375
878 875 6.996747945268406
878 3728 23.32871408123498
878 3460 25.117526613702896
879 3568 0.8955132718687108
879 880 4.581155245399054
880 881 7.461264727199486
880 879 4.581155245399054
881 100 0.3305811488796328
882 2911 2.131305704107177
882 847 8.280662586870617
883 884 11.094479391585237
883 3643 3.4607095553974174
883 885 9.21690439839453
884 3651 1.0845684775070596
884 269 4.382161200637878
884 883 11.094479391585239
885 886 2.7877540591278933
885 883 9.21690439839453
885 92 4.285449500587369
886 885 2.7877540591278933
887 2856 1.2239042294648712
887 4673 3.7230244852994336
887 888 15.944640656142871
888 2845 12.734647336803192
888 207 42.585625210359396
888 887 15.944640656142871
889 890 2.51962416923289
889 2524 22.69739606609936
889 2667 6.035773542589033
890 889 2.51962416923289
890 2522 22.687742845539468
890 2953 6.9398588395606815
891 3664 12.495013268507241
891 3633 3.8384109848641237
892 3687 10.639637855548258
892 3667 16.62966197016469
892 893 16.910249415206625
893 3688 37.87803036332266
893 892 16.910249415206625
894 286 2.532874718490323
894 1535 6.733955916865976
894 895 5.70669663322605
895 1531 7.978972375269635
895 894 5.70669663322605
895 4511 5.0655592333155015
896 43 7.773989959903196
897 4125 2.265083688878412
897 4126 2.1149846652164475
898 899 17.41601369020704
898 4123 13.964029571029236
898 1110 7.4385134154993615
898 1219 6.400460110834536
899 1232 11.542841541619158
899 1249 17.38133617350187
899 898 17.416013690207038
900 1382 4.206544117901657
900 117 5.136156865917264
901 1461 8.789696492554498
901 113 5.09413411745707
902 90 0.9291744390202624
903 902 0.9790633681612811
903 1979 1.8114458783450949
904 226 6.324655437049725
904 225 5.99033745591307
904 2959 9.767056216301606
904 229 8.853932150170074
905 906 8.388224143441088
905 774 9.796197364045078
905 760 10.013058821858966
906 907 7.220386450481897
906 905 8.388224143441088
906 918 4.390416807103146
907 908 7.605672909079147
907 906 7.220386450481897
907 915 2.411150900851087
908 909 9.078304261379941
908 907 7.6056729090791455
908 913 5.280324596032704
909 911 0.7009725879450324
909 910 3.9040897904656795
909 908 9.078304261379941
910 909 3.9040897904656795
911 909 0.7009725879450324
912 913 0.6875755484355723
913 914 2.0010412144811145
913 912 0.6875755484355723
913 908 5.280324596032705
914 913 2.0010412144811145
915 916 0.64469687264762
915 917 0.568182440169169
915 907 2.411150900851087
916 915 0.64469687264762
917 915 0.568182440169169
918 919 2.8387260041971096
918 968 2.2852374172921395
918 906 4.390416807103146
919 967 1.0690609195813126
919 918 2.8387260041971096
919 920 1.135064368499347
920 919 1.135064368499347
921 965 0.6695456274331235
922 957 9.116387396925186
922 923 12.182279575025289
922 982 10.992857875672824
923 924 11.215194158554851
923 922 12.182279575025287
924 923 11.215194158554851
924 984 9.22530617538586
925 984 2.2471025499095734
925 958 19.19259089248472
925 969 5.42040821108639
926 971 4.581702119576608
926 927 13.467703176069014
926 969 7.767309426440638
927 928 2.0069374066368995
927 961 6.379718323045347
927 926 13.467703176069016
928 927 2.0069374066368995
928 951 6.44768467261443
928 929 6.637317724221716
929 930 2.3423377571337967
929 948 6.564104833518605
929 928 6.637317724221716
930 931 4.30790439159808
930 929 2.3423377571337967
930 934 3.8257443438509062
931 930 4.30790439159808
931 945 6.5487878999811056
931 932 5.893716148892466
932 936 2.9678729068568783
932 4513 11.780870171025107
932 931 5.893716148892467
933 934 0.8608206465904596
934 933 0.8608206465904596
934 935 0.9149702792709699
934 930 3.8257443438509062
935 934 0.9149702792709699
936 937 8.531858285972929
936 932 2.9678729068568783
936 942 8.503793571756958
937 936 8.531858285972929
937 938 4.629757943932362
937 940 21.445255405432064
938 937 4.629757943932362
939 940 1.0392742536248787
940 941 0.9038555437922186
940 939 1.0392742536248787
940 937 21.445255405432064
941 940 0.9038555437922186
942 943 0.9002829779120023
942 944 0.792615694256459
942 936 8.503793571756958
943 942 0.9002829779120023
944 942 0.792615694256459
945 947 0.8366870170072436
945 946 2.809431850395614
945 931 6.5487878999811056
946 945 2.809431850395614
947 945 0.8366870170072436
948 949 2.713050269310461
948 950 0.8975330297321652
948 929 6.564104833518605
949 948 2.713050269310461
950 948 0.8975330297321652
951 953 5.160470440871809
951 928 6.44768467261443
951 955 5.287708853414234
952 953 0.9164316868905699
953 952 0.9164316868905699
953 954 0.45402904154600354
953 951 5.1604704408718085
954 953 0.45402904154600354
955 970 0.6956156031498638
955 951 5.287708853414234
955 956 1.0756928778834571
956 955 1.0756928778834571
957 922 9.116387396925186
958 959 0.9508099475272195
958 960 0.3365387973185895
958 925 19.192590892484716
959 958 0.9508099475272195
960 958 0.3365387973185895
961 4421 12.69056533327811
961 927 6.3797183230453465
961 962 9.904539117226784
962 963 3.444629364702793
962 961 9.904539117226784
962 964 4.085538518589636
963 962 3.444629364702793
964 962 4.085538518589636
965 921 0.6695456274331235
965 966 1.9026414636781428
965 774 3.968666017744036
966 965 1.9026414636781428
967 919 1.0690609195813126
968 918 2.2852374172921395
969 974 0.9311300158586593
969 926 7.767309426440638
969 925 5.42040821108639
970 955 0.6956156031498638
971 972 0.9682488859668593
971 973 1.1410753431030087
971 926 4.581702119576608
972 971 0.9682488859668593
973 971 1.1410753431030087
974 969 0.9311300158586593
975 1037 8.88171529155587
975 1543 10.654908444611555
975 769 48.32469261753268
976 979 4.800337659301973
976 1053 5.401288158779561
976 977 1.4564434349406863
977 1051 2.9820534600420103
977 978 3.0655343497279133
977 976 1.4564434349406863
978 977 3.0655343497279133
979 1070 4.408761365438725
979 976 4.800337659301973
979 3611 4.026939330460723
980 1074 7.614457528980979
980 4726 3.1321037826832825
980 1072 5.470027431287203
981 1046 16.040792991774822
981 1035 11.419585381784776
981 1060 3.389891173183234
982 769 8.880776460120497
982 985 23.191615570950134
982 922 10.992857875672824
983 1031 3.434669368578648
983 988 9.831042943669157
983 984 10.905027919697465
984 925 2.2471025499095734
984 983 10.905027919697465
984 924 9.22530617538586
985 986 9.503459028666109
985 982 23.19161557095013
985 988 15.264371453608979
986 985 9.503459028666109
986 1011 3.599847295997638
986 989 12.39061721823662
987 1031 5.47070666398558
987 989 9.768760798466015
987 1023 5.701890276864769
988 989 8.886881619415128
988 983 9.831042943669157
988 985 15.264371453608979
989 988 8.886881619415128
989 986 12.390617218236622
989 987 9.768760798466015
990 991 1.2841861420994969
991 990 1.2841861420994969
991 993 4.724760748198072
991 995 11.9396417906643
992 993 0.4392759872261523
993 992 0.4392759872261523
993 994 0.6809213799813476
993 991 4.724760748198072
994 993 0.6809213799813476
995 996 11.815848160168118
995 991 11.9396417906643
995 999 11.445531090288123
996 997 0.9393046571131749
996 998 0.888281960947083
996 995 11.81584816016812
997 996 0.9393046571131749
998 996 0.888281960947083
999 1007 3.145709378900592
999 1000 11.129906878761721
999 995 11.445531090288123
1000 1002 3.821370938992722
1000 999 11.129906878761721
1000 1005 14.891302436687349
1001 1002 0.5874850956804546
1002 1001 0.5874850956804546
1002 1000 3.821370938992722
1002 1003 0.9068586345582216
1003 1002 0.9068586345582216
1004 1005 0.6173272844790688
1005 1004 0.6173272844790688
1005 1006 1.0649669167627578
1005 1000 14.891302436687349
1006 1005 1.0649669167627578
1007 999 3.145709378900592
1007 1008 10.594230933822702
1007 1011 7.385175755107984
1008 1009 1.0887520960210946
1008 1010 0.899873234555618
1008 1007 10.5942309338227
1009 1008 1.0887520960210946
1010 1008 0.899873234555618
1011 986 3.599847295997638
1011 1012 6.365084714664396
1011 1007 7.385175755107984
1012 1013 3.9330149147989744
1012 1011 6.365084714664396
1012 1076 3.0814135990641143
1013 1014 1.6670125142083718
1013 1015 1.4041084489755717
1013 1012 3.9330149147989744
1014 1013 1.6670125142083718
1015 1013 1.4041084489755717
1016 1076 1.5933769773463207
1017 1021 4.195727531110628
1017 1067 1.9571892804259245
1017 1068 5.038915404481008
1018 1019 1.453466889598169
1018 4145 0.9491032305787447
1018 1067 3.196878790456769
1019 1018 1.453466889598169
1020 1021 0.9519847002077922
1021 1020 0.9519847002077922
1021 1017 4.195727531110628
1021 1022 0.9897790169984975
1022 1021 0.9897790169984975
1023 1027 4.41161572831935
1023 1068 9.669862950125538
1023 987 5.701890276864768
1024 1025 1.02931068627985
1025 1024 1.02931068627985
1025 1026 1.1115912468321836
1025 1027 7.043768503574061
1026 1025 1.1115912468321836
1027 1023 4.41161572831935
1027 1025 7.043768503574061
1027 1028 9.24258124189287
1028 1029 0.9416405341093299
1028 1030 1.2874680347861533
1028 1027 9.24258124189287
1029 1028 0.9416405341093299
1030 1028 1.2874680347861533
1031 987 5.47070666398558
1031 983 3.434669368578648
1031 1033 11.561891383878939
1032 1033 0.8317892056928021
1033 1032 0.8317892056928021
1033 1034 0.753740855565983
1033 1031 11.561891383878937
1034 1033 0.753740855565983
1035 1036 6.463732475492484
1035 981 11.419585381784776
1035 1037 20.241376131594176
1036 1035 6.463732475492485
1037 1039 6.253300151278077
1037 1035 20.241376131594173
1037 975 8.88171529155587
1038 1039 0.6508463977179191
1039 1038 0.6508463977179191
1039 1040 0.7826717247063586
1039 1037 6.253300151278077
1040 1039 0.7826717247063586
1041 1042 1.0377063181279198
1042 1041 1.0377063181279198
1042 1072 1.3434701577353731
1042 1509 0.6002317244514138
1043 1044 0.5304848307139247
1044 1043 0.5304848307139247
1044 1045 0.5540874246013483
1044 4726 3.9857737127512327
1045 1044 0.5540874246013483
1046 1074 2.4943981996531814
1046 981 16.04079299177482
1046 1048 6.138957818869349
1047 1048 0.74757570342909
1048 1047 0.74757570342909
1048 1049 0.9712499604859033
1048 1046 6.138957818869349
1049 1048 0.9712499604859033
1050 1051 2.548815402456219
1051 1050 2.548815402456219
1051 977 2.9820534600420103
1051 1052 0.41916457139607916
1052 1051 0.41916457139607916
1053 1054 3.6168165897200515
1053 976 5.401288158779561
1053 1056 6.606139548614176
1054 4669 0.41671900030563874
1054 1053 3.6168165897200515
1054 1055 0.6947968920751219
1055 1054 0.6947968920751219
1056 1058 3.5579977879020346
1056 1053 6.606139548614176
1056 1060 5.373581675220518
1057 1058 0.5531284963514317
1058 1057 0.5531284963514317
1058 1056 3.5579977879020346
1058 1059 0.7798519805595772
1059 1058 0.7798519805595772
1060 1097 6.59740613035227
1060 1056 5.373581675220518
1060 981 3.389891173183234
1061 1097 0.8359179498105803
1062 1063 5.75933203267296
1063 1065 2.464800851597615
1063 1067 5.045863721001167
1063 1062 5.75933203267296
1064 1065 1.0232842181577488
1065 1066 1.2561404112298722
1065 1064 1.0232842181577488
1065 1063 2.464800851597615
1066 1065 1.2561404112298722
1067 1018 3.196878790456769
1067 1017 1.9571892804259245
1067 1063 5.045863721001167
1068 1069 5.860679202624217
1068 1017 5.038915404481008
1068 1023 9.669862950125538
1069 1068 5.860679202624217
1070 4726 2.5134726694627907
1070 979 4.408761365438725
1070 1071 4.367693372519496
1071 1070 4.367693372519496
1072 1042 1.3434701577353731
1072 980 5.470027431287203
1072 1073 4.6767338104095915
1073 1072 4.6767338104095915
1074 1046 2.4943981996531814
1074 1075 3.777523098655916
1074 980 7.614457528980977
1075 1074 3.777523098655916
1076 1016 1.5933769773463207
1076 1077 0.8051761110888259
1076 1078 1.0134785657853713
1076 1012 3.0814135990641143
1077 1076 0.8051761110888259
1078 1076 1.0134785657853713
1079 91 27.87124174310356
1080 1081 2.3788815680080933
1080 1633 3.995460160468474
1080 1618 12.896448770890473
1081 1080 2.3788815680080933
1081 1082 2.05791816248772
1082 1083 0.3793242347229185
1083 1084 1.0928327278045005
1083 1087 1.8658149783925695
1084 1085 1.1157522510277857
1085 1086 1.7090933006059645
1085 4521 25.732119349969217
1086 1081 1.8189476579655328
1086 1082 1.5854246800487166
1087 1084 1.9647198817087987
1087 1088 7.717778550140804
1088 1089 2.0148596721843437
1088 1696 5.250891679390364
1088 1087 7.717778550140804
1089 1088 2.0148596721843437
1089 1640 7.6659321321377
1089 1659 3.9863554324351194
1090 1091 2.7983069549470385
1090 1640 3.2230451189272507
1090 1689 2.762631128574617
1091 1090 2.7983069549470385
1091 1615 3.9103080548853284
1091 1644 5.957709858064289
1092 548 1.9540423068179724
1092 1646 2.922241384100821
1093 4257 2.1278002283156043
1093 555 1.356293644360413
1094 553 0.4407294369823103
1095 552 1.838352704127441
1096 4258 2.3398863124163025
1096 1095 1.1705507383629554
1097 1061 0.8359179498105803
1097 1060 6.59740613035227
1097 1098 0.798129435530805
1098 1097 0.798129435530805
1099 3175 3.120152729594601
1099 855 1.2827472756338179
1100 853 3.97069379242069
1100 854 0.9752846897884416
1101 243 1.2282668504496899
1101 2592 4.09253369885706
1102 1544 2.182939128291535
1102 2218 16.17371076140765
1102 58 18.807822138833803
1103 1552 10.243528082772432
1103 1551 28.236341325630484
1103 1562 11.313457705012103
1104 1105 11.196920022660022
1104 1557 28.256724793288576
1104 1556 35.009471889085184
1105 1104 11.196920022660022
1105 1505 5.357989398321103
1105 1249 45.645873072597766
1106 2678 7.1151272345574075
1106 4289 4.8471514198725085
1106 2218 25.55306744722739
1107 800 1.6962314870260213
1107 801 1.5752478517209305
1107 1108 1.134302976521338
1108 1107 1.134302976521338
1109 1206 11.809398336300742
1109 1110 1.8116030814027249
1109 41 5.313261785992563
1110 1232 22.594938162548548
1110 898 7.4385134154993615
1110 1109 1.8116030814027249
1111 1233 25.32351145200395
1111 41 7.224205711939283
1111 1112 11.23478998537554
1112 1170 9.986980877049694
1112 1113 4.7243430400378665
1112 1111 11.23478998537554
1113 4250 5.940332709036912
1113 1112 4.7243430400378665
1113 1253 42.856052875178506
1114 763 3.702038667603115
1114 1116 13.40570850350882
1114 768 14.330554254874674
1115 1116 1.0144833906621256
1116 1115 1.0144833906621256
1116 1117 0.7429411680091929
1116 1114 13.40570850350882
1117 1116 0.7429411680091929
1118 1122 6.710520058285771
1118 807 6.591625050454643
1118 1120 7.826865413018916
1119 1120 0.8602150817606616
1120 1119 0.8602150817606616
1120 1121 0.9087714835192497
1120 1118 7.826865413018916
1121 1120 0.9087714835192497
1122 1118 6.710520058285771
1122 767 8.32622110129558
1122 1123 6.804224434206238
1123 1124 0.9417524656129183
1123 1125 0.9213445000236631
1123 1122 6.804224434206238
1124 1123 0.9417524656129183
1125 1123 0.9213445000236631
1126 1128 14.696579162190831
1126 767 5.888946885084474
1126 825 14.273797947843532
1127 1128 0.7850281530382138
1128 1127 0.7850281530382138
1128 1129 0.6855734677638097
1128 1126 14.696579162190835
1129 1128 0.6855734677638097
1130 1134 3.3300800766144776
1130 1132 6.076281725103154
1130 1136 16.646268246052188
1131 1132 1.1220172887137922
1132 1131 1.1220172887137922
1132 1130 6.076281725103154
1132 1133 1.0374188100456232
1133 1132 1.0374188100456232
1134 1130 3.3300800766144776
1134 1135 21.228495751076185
1134 825 6.3377345988921565
1135 766 6.756650280227258
1135 1134 21.228495751076185
1135 1138 6.787487736952759
1136 826 10.338632089602955
1136 1130 16.646268246052188
1136 1137 17.507738719100516
1137 1138 0.44890045889231367
1137 826 4.82844805570512
1137 1136 17.507738719100516
1138 1137 0.44890045889231367
1138 1135 6.787487736952759
1138 1139 11.146952225099318
1139 1138 11.146952225099318
1140 1141 0.559003169193753
1141 1140 0.559003169193753
1141 1142 0.4750110569917748
1141 826 8.344092695151298
1142 1141 0.4750110569917748
1143 4728 0.35799127739828324
1143 438 16.213414945240707
1143 4160 0.6721968031157385
1144 1145 6.920706400430707
1144 1169 23.275656577517267
1144 438 14.749560604855631
1145 1146 1.3667426807303238
1145 4261 0.422271359635341
1145 1144 6.920706400430707
1146 4247 1.5842053372733549
1146 1145 1.3667426807303238
1146 1147 8.482953757725076
1147 1146 8.482953757725076
1148 1149 4.298274256572086
1148 1245 7.741982046965104
1148 1169 2.099574285722285
1149 1150 1.062315728547983
1149 4262 0.5584259826347179
1149 1148 4.298274256572086
1150 1149 1.062315728547983
1151 1152 11.34971059732253
1151 453 28.712746871633477
1151 764 11.179299806502824
1152 809 4.50103410200773
1152 770 4.756020758614762
1152 1151 11.34971059732253
1153 1154 0.7616113031547008
1154 1153 0.7616113031547008
1154 809 3.685276487197261
1154 1155 0.7669194921515711
1155 1154 0.7669194921515711
1156 1157 0.7399508274988731
1156 1158 0.8807775965956971
1156 1159 3.7184063468622
1157 1156 0.7399508274988731
1158 1156 0.8807775965956971
1159 809 8.954478708080481
1159 829 8.875448702104562
1159 1156 3.7184063468622
1159 1160 3.7028347068484107
1160 1161 0.6952105677024325
1160 1162 0.6683429794645105
1160 1159 3.7028347068484107
1161 1160 0.6952105677024325
1162 1160 0.6683429794645105
1163 1164 0.7653578874921351
1164 1163 0.7653578874921351
1164 1165 0.815075904138874
1164 829 3.757305986340129
1165 1164 0.815075904138874
1166 1167 0.7473050703928525
1167 1166 0.7473050703928525
1167 1168 0.7212994260554311
1167 829 3.8290325892359194
1168 1167 0.7212994260554311
1169 4250 30.50163830237938
1169 1144 23.27565657751726
1169 1148 2.099574285722285
1170 1202 4.047790376138951
1170 1112 9.986980877049694
1170 1177 10.503577858304384
1171 1173 10.165911391990278
1171 1177 11.484788069125095
1171 4422 11.18275204559475
1172 1173 2.269658147487275
1173 1172 2.269658147487275
1173 1175 4.0771585474753635
1173 1171 10.165911391990278
1174 1175 1.06231331650386
1175 1174 1.06231331650386
1175 1173 4.0771585474753635
1175 1176 1.0050134065572427
1176 1175 1.0050134065572427
1177 1171 11.484788069125095
1177 1170 10.503577858304384
1177 1178 7.083389165874691
1178 1179 2.8212131140850727
1178 1177 7.083389165874691
1178 1180 3.527661081267781
1179 1178 2.8212131140850727
1180 1178 3.527661081267781
1181 1196 14.319656466200389
1181 1202 13.6427008659064
1181 1182 17.541179604766885
1182 1185 8.29427379826044
1182 1181 17.541179604766885
1182 1183 2.6395022713710032
1183 1182 2.6395022713710032
1184 1185 1.5250946713169302
1185 1184 1.5250946713169302
1185 1182 8.29427379826044
1185 1186 0.9456195458260224
1186 1185 0.9456195458260224
1187 4744 12.021914258493053
1187 1196 6.434625066253427
1187 1191 6.8736610640056846
1188 1189 1.6208062771862728
1189 1188 1.6208062771862728
1189 1190 1.1454961702565367
1189 1191 6.202483622537886
1190 1189 1.1454961702565367
1191 1189 6.202483622537886
1191 1187 6.8736610640056846
1191 1193 6.939791644275765
1192 1193 3.424360948196122
1193 1192 3.424360948196122
1193 1194 6.253216124435854
1193 1191 6.939791644275765
1194 1239 1.2900103579509454
1194 1193 6.253216124435854
1194 1195 1.0959113491456403
1195 1194 1.0959113491456403
1196 1187 6.434625066253427
1196 1181 14.319656466200389
1196 1198 3.4751845871760563
1197 1198 3.049197886308924
1198 1197 3.049197886308924
1198 1196 3.4751845871760563
1198 1200 11.155468537484763
1199 1200 0.8240003834369164
1200 1199 0.8240003834369164
1200 1198 11.155468537484763
1200 1201 1.4547383247143342
1201 1200 1.4547383247143342
1202 1181 13.642700865906399
1202 1170 4.047790376138951
1202 1204 5.068760725450093
1203 1204 0.9527362571141833
1204 1203 0.9527362571141833
1204 1205 0.8984772657752581
1204 1202 5.068760725450093
1205 1204 0.8984772657752581
1206 1207 9.776880584131854
1206 1109 11.809398336300742
1206 1230 29.97094351167841
1207 4150 0.8257002589933518
1207 1208 8.687995693173765
1207 1206 9.776880584131854
1208 1209 3.1243739034201807
1208 1207 8.687995693173765
1208 1215 9.826914434644836
1209 1211 6.271995491731249
1209 1208 3.1243739034201807
1209 1223 5.389071319960818
1210 1211 9.489815271564387
1210 1221 7.333867797488243
1210 1212 7.540707629804801
1211 1210 9.489815271564387
1211 1209 6.271995491731249
1211 1213 10.316015040756772
1212 1213 9.811250106058797
1212 210 11.141763898912652
1212 1210 7.540707629804801
1213 1211 10.316015040756772
1213 1215 9.32515508639284
1213 1212 9.811250106058798
1214 4665 0.4609375543050751
1214 1213 19.948962799994895
1214 1216 5.979806636421609
1215 1217 10.933501386196882
1215 1213 9.325155086392842
1215 1216 22.79414592458249
1215 1208 9.826914434644836
1216 1215 22.79414592458249
1216 1357 6.386573668829788
1216 1214 5.979806636421609
1217 1218 5.461803808424312
1217 1219 14.662463351879648
1217 1215 10.93350138619688
1218 1217 5.461803808424312
1219 4396 9.61538318470257
1219 898 6.400460110834536
1219 1217 14.662463351879651
1220 1223 4.942130789222244
1221 1222 7.997832565011161
1221 1210 7.333867797488243
1221 1245 11.21799718681755
1222 1221 7.997832565011161
1223 4171 2.839540013787
1223 1209 5.389071319960818
1223 1220 4.942130789222244
1224 4170 0.8989248635877986
1224 4169 0.7428042757625994
1224 1226 10.65657473053993
1225 1230 7.428035658751412
1225 1228 10.097189114078006
1225 1226 16.47935995687792
1226 1230 9.498467459698894
1226 1224 10.65657473053993
1226 1225 16.47935995687792
1227 1228 0.6047119777939882
1228 1227 0.6047119777939882
1228 1229 0.5625409676107754
1228 1225 10.097189114078006
1229 1228 0.5625409676107754
1230 1226 9.498467459698894
1230 1206 29.97094351167841
1230 1225 7.428035658751412
1231 1232 10.55976506699786
1231 1233 10.98828982256229
1231 41 23.74270362817736
1232 899 11.54284154161916
1232 1231 10.55976506699786
1232 1110 22.594938162548544
1233 1231 10.98828982256229
1233 1234 13.902249508144312
1233 1111 25.32351145200395
1234 1247 1.16214449229512
1234 1233 13.902249508144312
1234 1236 9.806899604182375
1235 4244 0.8287261097859837
1235 4245 0.7999108044368288
1235 1236 3.6254828528500997
1236 4705 5.341688151092662
1236 1235 3.6254828528500997
1236 1234 9.806899604182375
1237 4246 1.0109324329794165
1237 1247 4.086257005251183
1237 1238 18.489369349564104
1238 1237 18.489369349564104
1239 1194 1.2900103579509454
1240 1242 14.977603361398014
1240 1241 11.453649216477992
1240 4775 13.35128872195122
1241 1242 1.4623377925701613
1241 808 10.537342710343204
1241 1240 11.453649216477992
1242 4724 2.2682820358621307
1242 1240 14.977603361398018
1242 1241 1.4623377925701613
1243 1244 1.3075606882981912
1243 761 7.14122882670081
1243 798 14.115656304759366
1244 1243 1.3075606882981912
1245 1246 2.244149583669159
1245 1221 11.21799718681755
1245 1148 7.741982046965104
1246 1245 2.244149583669159
1247 1237 4.086257005251183
1247 1234 1.16214449229512
1247 1248 6.003404986377683
1248 1247 6.003404986377683
1249 1251 8.884986854987327
1249 1105 45.645873072597766
1249 899 17.38133617350187
1250 1251 1.3541640166026565
1251 1250 1.3541640166026565
1251 1252 1.2143723761296976
1251 1249 8.884986854987327
1252 1251 1.2143723761296976
1253 1257 2.7817645444011947
1253 1113 42.85605287517851
1253 42 4.64758294283912
1254 1255 1.1572136212463344
1254 1256 1.0119489245180735
1254 1257 20.2348507724032
1255 1254 1.1572136212463344
1256 1254 1.0119489245180735
1257 1254 20.234850772403195
1257 1253 2.7817645444011947
1257 1258 10.076325373296953
1258 1257 10.076325373296953
1259 1260 2.7211211102998436
1259 4237 6.075914214944128
1259 447 2.6688890780902295
1260 1259 2.7211211102998436
1260 1261 5.859464799621743
1260 727 7.711572207141681
1261 4593 0.4439898913660683
1261 4594 0.5299183249471107
1261 1260 5.859464799621743
1262 1263 0.5892443765635927
1263 1262 0.5892443765635927
1263 1264 0.5158680784307724
1263 771 11.406541800713761
1264 1263 0.5158680784307724
1265 501 3.332836253503173
1265 1265 7.103001733600703
1266 1267 14.972932611729986
1266 3607 21.90222164686252
1266 460 23.44142602974282
1267 1266 14.972932611729986
1267 1282 3.8713771086696074
1267 1268 15.89955298945502
1268 1269 2.557418845736581
1268 1270 2.6247210743755756
1268 1267 15.89955298945502
1269 1268 2.557418845736581
1270 1268 2.6247210743755756
1271 1273 3.5827671001422465
1271 1274 4.032166046229586
1271 1276 7.550693761726094
1272 1274 1.2386593671512738
1273 1271 3.5827671001422465
1274 1275 0.6259106659361411
1274 1271 4.032166046229586
1274 1272 1.2386593671512738
1275 1274 0.6259106659361411
1276 1271 7.550693761726094
1276 1278 8.62821304965465
1276 1282 8.828701076449095
1277 1278 4.122321126644157
1278 1277 4.122321126644157
1278 1279 7.253136486848874
1278 1276 8.628213049654653
1279 1280 0.7686597835265458
1279 1281 1.2324893952410567
1279 1278 7.253136486848872
1280 1279 0.7686597835265458
1281 1279 1.2324893952410567
1282 1267 3.8713771086696074
1282 1283 5.322582255272943
1282 1276 8.828701076449095
1283 1306 1.1820171437493119
1283 1282 5.322582255272944
1283 1285 13.083068102277016
1284 1285 3.4417695278504463
1285 1286 7.5110228007117215
1285 1283 13.083068102277016
1285 1284 3.4417695278504463
1286 1285 7.5110228007117215
1287 1288 7.865569294075652
1287 1306 5.62326116278305
1287 1305 3.2583879024928453
1288 1287 7.865569294075652
1288 1292 17.138201859383518
1288 1290 2.4852048823549198
1289 1290 0.5187478751017616
1290 1291 0.6190459010245059
1290 1289 0.5187478751017616
1290 1288 2.48520488235492
1291 1290 0.6190459010245059
1292 1288 17.138201859383514
1293 1297 7.978375604033732
1293 1300 3.882677977962557
1293 467 18.204944786067244
1294 1297 7.642937920736398
1294 1300 3.8184902800126475
1294 1296 5.701368222287618
1295 1298 5.093703834358259
1295 1296 7.6639919935685885
1296 1294 5.701368222287618
1296 1295 7.6639919935685885
1297 1293 7.978375604033732
1297 1294 7.642937920736398
1297 1308 8.821938695326333
1298 468 6.372044631445988
1298 1299 6.829949009735337
1298 34 6.548953919529919
1298 1295 5.093703834358259
1299 1298 6.829949009735337
1300 1294 3.8184902800126475
1300 1293 3.882677977962556
1300 1301 13.400534342313328
1301 1300 13.400534342313327
1301 1303 4.4291032550616105
1301 468 8.434814487206733
1302 467 5.573075715605921
1302 3966 7.228616365033817
1302 1303 7.6655728523692925
1303 1302 7.665572852369292
1303 1301 4.4291032550616105
1304 472 3.921917294314083
1304 476 8.918144495531982
1304 456 6.483216183004431
1305 1287 3.2583879024928453
1306 1283 1.1820171437493119
1306 1287 5.623261162783051
1306 1307 3.5139915026149255
1307 1306 3.5139915026149255
1308 1309 4.034896182289157
1308 1297 8.821938695326333
1309 1308 4.034896182289157
1309 466 6.174395360288514
1310 34 9.856755500726079
1310 736 12.021060702391631
1310 1311 3.7370910544831033
1311 1310 3.7370910544831033
1312 457 2.3274289500710506
1312 1313 5.5235593482277725
1313 458 0.5730154657635507
1313 1312 5.5704443774011665
1314 475 4.821532568821855
1315 475 3.160131521052046
1315 474 2.705575345396711
1315 1316 5.097641324447329
1316 1315 5.097641324447329
1317 1318 1.970967103270891
1317 658 15.47367079877037
1317 465 6.0977343988488935
1318 1319 2.0746116935022156
1318 4733 3.563571549000185
1318 1317 1.970967103270891
1319 1318 2.0746116935022156
1320 1321 2.840591752108793
1320 759 12.885968249200973
1320 4236 8.023119459556842
1321 1320 2.840591752108793
1322 814 0.6903259240308066
1323 814 1.300943471568972
1324 812 2.949618005794286
1325 812 0.6160458819718617
1326 816 0.6328524067405876
1326 1327 0.9880442507844386
1326 813 3.745868287487007
1327 1326 0.9880442507844386
1328 1329 0.9114377313662578
1328 660 6.322172838105391
1328 1330 0.8834103721912427
1329 1328 0.9114377313662578
1330 1328 0.8834103721912427
1331 451 0.5081542314814023
1331 1334 6.767209694487145
1331 655 25.220835772993045
1332 684 8.879719925226718
1332 1333 20.502979508801822
1332 775 18.769801193584772
1333 1334 9.219244897050144
1333 695 4.88828141838086
1333 1332 20.502979508801822
1334 684 20.697575450197363
1334 1331 6.767209694487145
1334 1333 9.219244897050144
1335 1336 2.360321089486739
1335 2314 16.908694303530382
1336 214 0.18055541841897266
1336 580 1.8738591567548757
1337 2327 3.1902537188472615
1337 705 5.439835047967735
1338 481 1.3914212028916229
1338 1339 5.501271885619301
1338 503 0.8953591324533247
1339 1338 5.501271885619301
1340 1341 4.2814262439040025
1340 212 0.9994188792540826
1340 1418 6.91517444110769
1341 1340 4.2814262439040025
1341 1342 7.414852889867531
1341 4378 7.944028778227798
1342 1344 0.9014978813263792
1342 1343 0.5194066251321728
1342 1341 7.414852889867531
1343 1342 0.5194066251321728
1344 1342 0.9014978813263792
1345 1346 6.5593462326886085
1345 1441 5.176964154598339
1345 213 6.29783494044828
1346 1345 6.5593462326886085
1347 1348 6.329872352509653
1347 199 8.667808676898682
1347 1349 6.509410052243909
1348 1347 6.329872352509653
1349 1351 4.0565737547770935
1349 1350 2.962537351727255
1349 1347 6.50941005224391
1350 1349 2.962537351727255
1351 1349 4.0565737547770935
1352 1353 15.77418172034539
1352 2312 7.483241381170316
1352 2314 4.348331284910095
1353 1354 1.2583758703564292
1353 1352 15.77418172034539
1353 1355 0.6433756770013932
1354 1353 1.2583758703564292
1355 1353 0.6433756770013932
1356 37 0.7946627531544229
1357 1358 6.346846582749046
1357 1216 6.386573668829788
1357 4125 13.24144592275863
1358 1357 6.346846582749046
1359 680 11.573474862175058
1360 683 2.2623908745077776
1360 652 12.049980414958418
1360 1362 8.557569811906884
1361 1362 5.666869616281351
1362 1361 5.666869616281351
1362 1360 8.557569811906884
1362 1363 4.9024962678851765
1363 1362 4.9024962678851765
1364 1365 19.205373448352844
1364 3960 10.021870996952245
1364 870 8.178561635026817
1365 1364 19.20537344835284
1365 1370 12.105986269245177
1365 1368 3.7580076855657647
1366 1367 1.3462809070467516
1366 1369 2.2192032465678513
1366 1368 7.095885342205532
1367 1366 1.3462809070467516
1368 1366 7.095885342205532
1368 1365 3.8780782336337336
1369 1366 2.2192032465678513
1370 1372 1.3152106802829677
1370 1365 12.105986269245177
1370 871 18.593525917866078
1371 4189 2.345862133207665
1371 776 1.95270018314022
1371 1410 30.068217993599895
1372 1410 3.193005295739783
1372 1370 1.3152106802829677
1372 1373 8.941046054894743
1373 1374 5.086745519277668
1373 1372 8.941046054894741
1373 871 15.755846549157376
1374 1373 5.086745519277668
1375 1376 10.438045803225533
1375 3961 4.049482607145532
1376 1378 9.451762413516235
1376 1380 3.0195081955548395
1376 1375 10.438045803225535
1377 1378 1.5219732923342126
1378 1377 1.5219732923342126
1378 1376 9.451762413516235
1378 1379 2.463296264607956
1379 1378 2.463296264607956
1380 1381 5.7164774611415075
1380 1382 15.741984382701729
1380 1376 3.0195081955548395
1381 1380 5.716477461141508
1382 1383 8.114014556096297
1382 900 4.206544117901657
1382 1380 15.741984382701732
1383 1397 7.635857690320179
1383 1389 3.788859330029687
1383 1382 8.114014556096297
1384 1388 1.6436216414664173
1384 1386 5.272367679780716
1384 4682 8.620158480487651
1385 1386 3.8089378197857786
1386 1387 0.7720480357476409
1386 1384 5.272367679780716
1386 1385 3.8089378197857786
1387 1386 0.7720480357476409
1388 1384 1.6436216414664173
1389 4682 6.926065695450094
1389 1383 3.788859330029687
1389 1391 6.03291085730285
1390 1391 8.179079563637906
1391 1390 8.179079563637906
1391 1401 1.9997857888160673
1391 1389 6.03291085730285
1392 4415 3.037865421301272
1392 1401 7.177653003272408
1392 1393 3.357385359296258
1393 1395 4.20073911008078
1393 1392 3.357385359296258
1393 4681 7.2979957780856
1394 1395 2.361421127255922
1395 1394 2.361421127255922
1395 1393 4.20073911008078
1395 1396 7.153264826409861
1396 1395 7.153264826409861
1397 1398 1.2723097294298493
1397 1383 7.635857690320182
1397 4358 5.451647432277964
1398 1399 3.7590317226184724
1398 1397 1.2723097294298493
1398 1400 2.079502676184806
1399 1398 3.7590317226184724
1400 1398 2.079502676184806
1401 1392 7.177653003272409
1401 1391 1.9997857888160673
1401 1402 3.814564681742972
1402 1403 14.45380434522404
1402 1422 5.055268989741308
1402 1401 3.814564681742972
1403 1404 0.9939254015545371
1403 1419 6.216284348039649
1403 1402 14.45380434522404
1404 1403 0.9939254015545371
1404 1406 15.589126187512193
1404 1405 12.0242025802428
1405 1404 12.0242025802428
1406 1404 15.589126187512193
1406 1420 5.819663042910629
1406 1408 6.716071140372796
1407 1408 11.9636660895329
1408 1407 11.9636660895329
1408 1409 7.777809422076134
1408 1406 6.716071140372796
1409 4370 19.727155199082105
1409 1410 8.170516893327513
1409 1408 7.777809422076134
1410 1372 3.193005295739783
1410 1371 30.068217993599895
1410 1409 8.170516893327514
1411 4189 0.24451887125210653
1411 4370 16.64323316142422
1411 754 5.081615304595976
1412 754 8.595428826808579
1412 1413 6.648668612366395
1412 1420 32.24448337481487
1413 1414 7.552068455036839
1413 1412 6.648668612366395
1413 211 8.39636993999068
1414 1415 6.091307179522785
1414 1413 7.552068455036839
1414 1417 10.957756532353207
1415 4377 1.9959516532220316
1415 1414 6.091307179522785
1415 1416 13.077898393870878
1416 1417 7.776972475499318
1416 1480 1.66326257002928
1416 1415 13.077898393870878
1417 1416 7.776972475499318
1417 1414 10.957756532353207
1417 1418 15.986471853822623
1418 1417 15.986471853822623
1418 1340 6.91517444110769
1418 211 7.0634042832209625
1419 1403 6.216284348039649
1419 1421 25.61788822111709
1419 1420 16.86057747878712
1420 1421 6.374999886246667
1420 1406 5.819663042910629
1420 1419 16.860577478787125
1420 1412 32.24448337481487
1421 1420 6.374999886246667
1421 4377 3.893410823730436
1421 1419 25.6178882211171
1422 1423 2.4185251905971477
1422 1402 5.055268989741309
1422 1476 16.735169817142385
1423 4691 1.6223954105664746
1423 1422 2.4185251905971477
1423 1426 20.02408689062041
1424 1425 2.1056861732719923
1425 1424 2.1056861732719923
1425 4604 4.446392386747542
1425 1427 11.100076736465867
1426 1427 6.41455389828091
1427 1428 27.12465303687246
1427 1425 11.100076736465867
1428 4452 5.695620127153237
1429 1433 3.1966968185178253
1429 1430 6.009477306593968
1430 1440 1.8019663715555476
1430 1429 6.009477306593968
1430 1431 8.113066119857113
1431 1455 6.556622696915774
1431 1432 17.087028256526374
1431 1430 8.113066119857113
1432 1476 7.360143043670806
1432 1431 17.08702825652637
1432 1457 4.285279504846312
1433 1435 0.872294945523364
1433 1429 3.1966968185178253
1433 1434 2.1072006426268075
1434 1433 2.1072006426268075
1435 1433 0.872294945523364
1435 1437 2.2735305768927616
1435 1436 6.169177797982336
1436 1435 6.169177797982336
1437 1438 2.642138680383083
1437 1439 7.787522948053402
1437 1435 2.2735305768927616
1438 1437 2.642138680383083
1439 1437 7.787522948053402
1440 1430 1.8019663715555476
1441 4569 3.8308046179637705
1441 1445 8.981923973298471
1441 1345 5.176964154598339
1442 1443 1.507281386749681
1442 1444 2.411524195253536
1442 1445 6.1142065470516425
1443 1442 1.507281386749681
1444 1442 2.411524195253536
1444 1479 1.1688280403087128
1444 1462 8.973825497222194
1445 1447 16.651338961700812
1445 1441 8.981923973298471
1445 1442 6.1142065470516425
1446 1447 1.2190255782071764
1447 1446 1.2190255782071764
1447 1448 6.758697889030172
1447 1445 16.651338961700812
1448 1449 6.383086588662631
1448 1462 9.601004916847913
1448 1447 6.758697889030172
1449 1450 0.6341906597520341
1449 1448 6.383086588662631
1449 1460 6.66658547106488
1450 1454 6.18979634023125
1450 1449 0.6341906597520341
1450 1451 4.230938385337426
1451 1453 1.1239402502248925
1451 1450 4.230938385337426
1451 1452 2.8710642089590683
1452 1451 2.8710642089590683
1453 1451 1.1239402502248925
1454 1450 6.18979634023125
1454 1455 5.227979332654875
1454 4367 3.891735265827277
1455 1431 6.556622696915774
1455 1454 5.227979332654875
1455 1456 16.390108508886442
1456 1455 16.390108508886442
1457 1458 5.221571188757786
1457 1432 4.285279504846312
1457 1459 12.795953171897782
1458 1457 5.221571188757786
1459 1457 12.79595317189778
1459 1478 5.993380348375236
1459 1460 16.901060564399142
1460 1449 6.66658547106488
1460 1461 3.9107212471068946
1460 1459 16.90106056439915
1461 1460 3.9107212471068946
1461 901 8.789696492554496
1461 4708 11.676998059777082
1462 1448 9.601004916847913
1462 1444 8.973825497222194
1462 1463 2.9267558352383465
1463 1462 2.9267558352383465
1464 1465 1.9196581073753765
1464 4265 1.4912368705957604
1465 1467 1.013712922234115
1465 1470 1.9766882230867848
1466 2490 5.285753976695675
1466 118 2.05682639750992
1467 1468 3.9759594380485512
1467 4265 2.7455830857344643
1468 1472 2.938435962386709
1468 1467 3.9759594380485512
1469 1472 1.7282912512667692
1469 1471 10.283753036290966
1469 1470 6.054097633815484
1470 1469 6.054097633815482
1470 1466 18.95016727643304
1471 1469 10.283753036290966
1472 1469 1.7282912512667692
1472 1468 2.938435962386709
1472 4563 18.541411550130476
1473 1474 3.3996795760941927
1474 1475 0.9314017587880488
1474 1468 2.9335242555590755
1475 1474 0.9314017587880488
1476 4225 8.758726444643605
1476 1422 16.73516981714239
1476 1432 7.360143043670805
1477 4225 5.8958507389338335
1478 1459 5.993380348375236
1479 1444 1.1688280403087128
1480 1416 1.66326257002928
1481 1426 28.671743954690378
1481 1482 2.303637237883543
1482 1483 0.9277611149285429
1482 4658 0.6693032763333114
1482 1481 2.303637237883543
1483 1482 0.9277611149285429
1484 581 2.454313729181941
1484 4763 2.676384930230141
1485 1486 6.4692224036381365
1485 677 9.659617567479936
1485 676 7.57596051309447
1486 1487 2.623448050860321
1486 1488 2.0979279503434736
1486 1485 6.4692224036381365
1487 1486 2.623448050860321
1488 1486 2.0979279503434736
1489 1490 21.74530140160694
1490 1491 22.154444547962637
1490 1489 21.74530140160694
1490 677 13.804449579124713
1491 4712 1.2032283689697805
1491 4713 1.2935963980912732
1491 1490 22.154444547962637
1492 1495 0.12689188121656958
1492 1493 2.6992270567857464
1493 1494 0.5282324769506719
1493 1492 2.6992270567857464
1494 53 1.4315812248337039
1494 1493 0.5282324769506719
1494 1495 5.07563384357718
1495 1492 0.12689188121656958
1495 4124 26.19476026885013
1495 1494 5.0756338435771795
1496 1497 7.0807811159849825
1496 678 7.50081628116746
1496 4456 1.041270399491474
1497 1496 7.0807811159849825
1498 678 2.2961878037015797
1498 4697 6.776676822214903
1498 1499 5.215675570710822
1499 1503 6.575585878235342
1499 1498 5.215675570710821
1499 675 10.714852857876876
1500 1503 0.8809636342402855
1501 1502 39.434943778570826
1501 675 4.874947015505113
1501 2519 30.34449935838197
1502 3961 0.5558233696925271
1502 1501 39.434943778570826
1502 870 1.2563870766880578
1503 1500 0.8809636342402855
1503 1504 1.1014928788921745
1503 1499 6.575585878235342
1504 1503 1.1014928788921745
1505 1105 5.357989398321103
1505 4706 6.161752202160664
1505 57 5.812020443434137
1506 897 0.6296440363071854
1507 4552 0.27848019494334547
1508 3962 2.6070769841242925
1508 1507 2.329265178884457
1509 1042 0.6002317244514138
1510 2678 15.881830201027281
1511 587 1.93130430758703
1511 4540 2.3008075489842805
1512 1518 3.907223581211289
1512 285 9.498530718901419
1512 1517 4.833205505760041
1513 1539 6.500519159382277
1513 1540 13.708745699345098
1513 1535 17.346747879023177
1514 1517 10.995519745500289
1514 285 6.216641651495505
1514 1515 1.7380437288616888
1515 1514 1.7380437288616888
1516 1517 1.6849476319037189
1517 1516 1.6849476319037189
1517 1512 4.833205505760041
1517 1514 10.995519745500289
1518 1519 5.509408726925904
1518 286 11.154959029513478
1518 1512 3.907223581211289
1519 1521 4.65573474378484
1519 1523 6.631705137878824
1519 1518 5.509408726925902
1520 1521 1.4917831845273344
1521 1522 1.3707687777743607
1521 1520 1.4917831845273344
1521 1519 4.65573474378484
1522 1521 1.3707687777743607
1523 4528 1.3834900789748181
1523 1519 6.631705137878824
1523 1525 7.08025255594238
1524 1525 1.3623868511264516
1525 1524 1.3623868511264516
1525 1526 1.6945310799231692
1525 1523 7.08025255594238
1526 1525 1.6945310799231692
1527 1529 2.2238067004256776
1527 1528 2.0572987766665385
1527 286 3.188859246227936
1528 1527 2.0572987766665385
1529 1527 2.2238067004256776
1530 1531 1.3535239935906318
1531 1530 1.3535239935906318
1531 1533 4.343485744670784
1531 895 7.978972375269635
1532 1533 1.4120257127366906
1533 1532 1.4120257127366906
1533 3019 0.9730200725828033
1533 1531 4.343485744670784
1534 4511 1.2428330700531387
1535 1536 6.036341902592955
1535 1513 17.346747879023177
1535 894 6.733955916865977
1536 1538 1.6768678100557182
1536 1537 1.60774163549491
1536 1535 6.036341902592955
1537 1536 1.60774163549491
1538 1536 1.6768678100557182
1539 1513 6.500519159382277
1540 1541 0.9139243348577714
1540 1975 1.7142101153076958
1540 1513 13.708745699345096
1541 1540 0.9139243348577714
1542 4511 0.9846478840581614
1543 975 10.654908444611555
1544 1555 10.281064125462507
1544 1102 2.182939128291535
1544 1545 19.7982772867667
1544 1556 28.454124906846655
1545 1546 6.128781024034377
1545 1548 9.516321778797195
1545 1544 19.7982772867667
1546 1564 0.8572422222008793
1546 1547 0.9455880722891962
1546 1545 6.128781024034377
1547 1546 0.9455880722891962
1548 1549 6.021775551848081
1548 1545 9.516321778797195
1548 1562 12.637331146096527
1549 1565 0.6121420165846747
1549 1550 1.3073513071756608
1549 1548 6.021775551848081
1550 1549 1.3073513071756608
1551 1561 2.945619213113574
1551 1103 28.236341325630484
1552 1103 10.243528082772432
1552 1555 10.216766540216874
1552 1554 24.6541779812363
1553 1561 14.509172902686734
1553 1560 3.1519020486041724
1553 1554 10.00065633524123
1554 1552 24.6541779812363
1554 1553 10.00065633524123
1554 1555 24.153705364830316
1555 1552 10.216766540216874
1555 1544 10.281064125462507
1555 1554 24.153705364830316
1556 1560 11.096032594364575
1556 1104 35.009471889085184
1556 58 2.150989302666322
1556 1544 28.454124906846655
1557 1558 8.976522976553571
1557 1104 28.256724793288583
1557 1561 16.775778934534
1558 1557 8.976522976553571
1558 1559 7.125137452127833
1558 1560 24.85397791156198
1559 1558 7.125137452127833
1560 1553 3.1519020486041724
1560 1556 11.096032594364575
1560 1558 24.85397791156198
1561 1551 2.945619213113574
1561 1553 14.509172902686734
1561 1557 16.775778934534
1562 1103 11.313457705012103
1562 1563 7.801661790938562
1562 1548 12.63733114609653
1563 1563 7.838313902810925
1563 1562 7.801661790938562
1564 1546 0.8572422222008793
1565 1549 0.6121420165846747
1566 4288 0.7618201618471376
1567 699 1.9200769058955134
1567 1568 6.859062637422974
1567 703 18.355829976043637
1568 1567 6.859062637422974
1569 699 4.520289368592223
1569 1570 6.42055099780426
1569 700 22.15661868603285
1570 1569 6.42055099780426
1571 699 5.2469924324959205
1572 4260 2.113973417721647
1572 1573 1.3089703677822477
1573 4259 0.638737928961597
1574 585 29.67961127557329
1574 1575 2.450924358885911
1575 584 3.0953066981224953
1575 1574 2.4585205139788613
1576 1946 1.1326135689729773
1576 1945 1.3620928712697946
1576 1577 3.6226388162892302
1577 310 2.359884636701981
1577 1576 3.6226388162892302
1577 4336 4.2339552927308475
1578 294 5.744462863765902
1578 295 3.0341987114261246
1578 1968 2.7240770710618762
1579 1940 2.679146440297784
1579 307 11.477273771073893
1579 306 7.560503876414094
1580 1973 0.801708927858912
1580 586 9.446247068995719
1581 1580 0.6062579799850043
1581 300 11.158950224091203
1582 330 2.5423471837998406
1582 331 2.254085029859259
1582 1855 6.510645237251169
1583 1584 3.6867403451575433
1583 331 2.333205373283945
1583 1848 2.036453764246194
1584 1585 10.489497475680311
1584 1583 3.6867403451575433
1584 1914 4.387939430285103
1585 743 3.4760251873035104
1585 1584 10.489497475680311
1585 1920 5.29657017190801
1586 293 0.9838814815215807
1587 308 6.0359222425645545
1587 4334 4.060424596156219
1587 4520 3.0373815957550367
1588 1589 6.920804514032638
1588 292 1.5314794093817439
1588 1865 3.662816200127401
1589 293 3.250788261097614
1589 1588 6.920804514032636
1589 1923 3.0540249679623788
1590 375 1.2603467319866184
1590 1687 6.872682041452062
1591 376 1.0930851107714217
1591 1762 5.219755628379508
1592 1972 14.091687005906584
1592 375 36.51603162846341
1592 1828 9.329989790410963
1593 542 5.0353042806121024
1593 308 10.97576794138937
1594 4737 2.622212160074189
1594 287 3.1981073640424023
1594 1882 2.761031941485625
1595 541 0.5510345951690417
1596 1947 0.5688867637888747
1596 1597 1.0535317317808246
1596 1616 2.0907090067501124
1597 1596 1.0535317317808246
1598 1598 9.747111015226519
1598 1600 3.0101289312847856
1599 1997 3.568599754616659
1600 1598 3.0101289312847856
1600 1998 7.324950147966899
1600 1997 3.85648283066176
1601 1676 4.53251251274004
1602 1944 7.13921746658907
1602 1605 13.99860654576373
1602 1604 7.664818441430606
1603 1650 0.820970382330339
1604 544 2.63811553551846
1604 1602 7.664818441430606
1604 1605 2.023477391750512
1605 1606 4.486558917337164
1605 1604 2.023477391750512
1605 1602 13.998606545763726
1606 1610 1.0400831970302529
1606 1608 0.972586924785433
1606 1605 4.486558917337164
1607 1626 3.5303691139621862
1607 1607 14.166807406667639
1608 1606 0.972586924785433
1609 1626 4.068820306436674
1609 4546 1.441732780948011
1610 1606 1.0400831970302529
1611 1612 6.567976980524785
1611 1617 1.0691184604983337
1612 1611 6.567976980524785
1612 1623 4.23848482633647
1613 1614 1.5116419890886241
1614 1619 0.5668677574213365
1614 1613 1.5116419890886241
1614 1624 0.9179685669318894
1615 1646 1.8718468070204914
1615 1619 9.225287364315315
1615 1091 3.9103080548853284
1616 1596 2.0907090067501124
1616 1630 2.4797961320455926
1616 1639 3.084146663947142
1617 1611 1.0691184604983337
1618 1666 3.6789431966939645
1618 1080 12.896448770890473
1618 4260 2.312507985061618
1619 1614 0.5668677574213365
1619 1615 9.225287364315315
1619 4564 13.419827086040538
1620 1671 3.283149511325759
1620 1673 11.908010784185281
1620 1666 3.996159878551859
1621 543 15.297226857553243
1621 540 20.79553338407686
1621 1630 7.897432234154995
1622 1647 1.6905047101843964
1623 1627 1.0816602355907041
1623 1612 4.23848482633647
1623 1626 1.9539418765216914
1624 1614 0.9179685669318894
1625 1635 1.2456040716290913
1626 1609 4.068820306436674
1626 1607 3.5303691139621862
1626 1623 1.9539418765216912
1627 1623 1.0816602355907041
1628 1634 1.028819459749109
1629 4194 1.7211860601577076
1630 1639 12.29126054817933
1630 1616 2.4797961320455926
1630 1621 7.897432234154994
1631 1634 1.2493309741957608
1632 1665 0.7962675259070044
1633 1634 3.443641905522317
1633 1684 2.4925383468793907
1633 1080 3.995460160468474
1634 1631 1.2493309741957608
1634 1628 1.028819459749109
1634 1633 3.443641905522317
1635 1678 0.9274029583485129
1635 1625 1.2456040716290913
1635 1689 2.5820757765824105
1636 1637 2.6824311508587533
1636 1647 3.483774915481535
1636 1646 2.412308526451794
1637 1638 0.4871413216182547
1637 1648 0.4869323210894641
1637 1636 2.682431150858753
1638 1637 0.4871413216182547
1639 4194 0.21059276296903034
1639 1630 12.29126054817933
1639 1616 3.084146663947142
1640 1090 3.2230451189272507
1640 1653 3.348965134068632
1640 1089 7.6659321321377
1641 1655 0.5810219310188793
1642 1655 0.5611455230039124
1643 1644 1.2004641624608106
1644 1655 3.981279728366381
1644 1091 5.957709858064288
1644 1643 1.2004641624608106
1645 1647 0.7085042927635884
1646 1615 1.8718468070204914
1646 1636 2.412308526451794
1646 1092 2.922241384100821
1647 1645 0.7085042927635884
1647 1622 1.6905047101843964
1647 1636 3.4837749154815345
1648 1637 0.4869323210894641
1649 1653 1.9719788173376223
1650 1660 0.7688210255303964
1650 1603 0.820970382330339
1650 1659 2.075453147651159
1651 1652 1.4997420813401239
1652 1654 3.3592193013067746
1652 1653 3.1870986725050474
1652 1651 1.4997420813401239
1653 1652 3.1870986725050474
1653 1649 1.9719788173376223
1653 1640 3.348965134068632
1654 1652 3.3592193013067746
1655 1642 0.5611455230039124
1655 1641 0.5810219310188793
1655 1644 3.981279728366381
1656 1662 0.8456019254495918
1657 1662 2.5734134869996246
1657 1667 10.353455766107116
1657 1666 4.242656310375537
1658 1659 4.3926105193343385
1659 1658 4.3926105193343385
1659 1089 3.9863554324351194
1659 1650 2.075453147651159
1660 1650 0.7688210255303964
1661 1662 0.8904438439272113
1662 1661 0.8904438439272113
1662 1656 0.8456019254495918
1662 1657 2.5734134869996246
1663 1696 0.29181484163256644
1664 1665 0.8513556590295978
1665 1632 0.7962675259070044
1665 1664 0.8513556590295978
1665 1671 1.945838739356526
1666 1657 4.242656310375537
1666 1620 3.996159878551859
1666 1618 3.678943196693964
1667 1668 0.8297173592726566
1667 1669 1.5220897301697698
1667 1657 10.353455766107118
1668 1667 0.8297173592726566
1669 1667 1.5220897301697698
1670 1671 4.09476732710659
1671 1670 4.094767327106589
1671 1620 3.283149511325759
1671 1665 1.945838739356526
1672 1673 1.0441215956081682
1673 4300 2.1350374191850134
1673 1672 1.0441215956081682
1673 1620 11.908010784185281
1674 1707 0.6622280275246608
1674 1680 0.6460716032760712
1674 1708 8.147046795215125
1675 1765 0.7697345926314566
1676 1677 0.8871617402549611
1676 1601 4.53251251274004
1676 1684 3.6788976099185327
1677 1676 0.8871617402549611
1678 1635 0.9274029583485129
1679 1765 5.437568243585947
1679 1770 7.176174339062268
1679 1686 2.592181211050398
1680 1674 0.6460716032760712
1681 1682 0.8705718122249809
1681 1683 0.8093224049502874
1681 1684 9.834185569094943
1682 1681 0.8705718122249809
1683 1681 0.8093224049502874
1684 1681 9.834185569094943
1684 1676 3.6788976099185335
1684 1633 2.4925383468793907
1685 1708 1.200217729780459
1685 1726 4.6089042087820244
1685 1770 5.856399609342813
1686 1679 2.592181211050398
1686 1745 5.009887918651516
1686 1688 3.9942435879034672
1687 1708 3.638845729351296
1687 1697 3.1572558585011494
1687 1590 6.872682041452064
1688 1686 3.994243587903467
1689 4564 2.5617961008324768
1689 1090 2.7626311285746166
1689 1635 2.5820757765824105
1690 1691 1.4365483137599369
1691 1690 1.4365483137599369
1691 1696 1.9947708226928764
1691 4564 4.428038044421362
1692 1738 1.0084786753709525
1692 1732 1.1424015888008356
1692 1796 6.367257218412482
1693 1695 0.7668698015319207
1694 1695 0.9472438881018317
1695 1694 0.9472438881018317
1695 1693 0.7668698015319207
1695 1745 1.8705471661618436
1696 1663 0.29181484163256644
1696 1088 5.250891679390364
1696 1691 1.9947708226928764
1697 1687 3.15725585850115
1697 1705 1.3810321758929072
1697 1699 11.644587492309658
1698 1702 0.5042717399426405
1699 1705 7.041054379542174
1699 1697 11.644587492309656
1699 1709 5.5291543541530315
1700 1702 0.4489245016207268
1701 1704 0.45731003820148103
1701 1705 3.0496929093512186
1701 1702 3.2016960289405243
1702 1698 0.5042717399426405
1702 1700 0.4489245016207268
1702 1701 3.201696028940524
1703 1709 1.31791536205958
1704 1701 0.45731003820148103
1704 1742 4.707975222634781
1705 1697 1.3810321758929072
1705 1701 3.0496929093512186
1705 1699 7.0410543795421745
1706 1709 0.9263008140807463
1707 1674 0.6622280275246608
1708 1685 1.200217729780459
1708 1687 3.6388457293512957
1708 1674 8.147046795215125
1709 1706 0.9263008140807463
1709 1703 1.31791536205958
1709 1699 5.5291543541530315
1710 1711 2.0301517474312067
1710 1712 2.129377546363346
1710 1719 5.297206092653566
1711 1777 0.5536921336489359
1711 1710 2.0301517474312067
1711 1771 0.5974943284964052
1712 1710 2.129377546363346
1713 1727 0.5703300700648253
1714 1767 0.545803376684648
1715 1716 0.8649069762539753
1716 1715 0.8649069762539753
1716 1720 2.206517009057739
1716 1813 4.007664093573066
1717 1720 0.7485949244315238
1718 1763 3.4026768991041023
1719 1710 5.297206092653567
1719 1773 2.2407335955143974
1719 1813 3.7290094795563835
1720 1759 0.849216296123859
1720 1717 0.7485949244315238
1720 1716 2.206517009057739
1721 1724 0.573035262138736
1721 1722 5.585066124363998
1721 1726 4.496829497377995
1722 1721 5.585066124363999
1723 1733 0.6340918850400299
1723 1735 0.735036912587311
1723 1734 2.772846637179917
1724 1721 0.573035262138736
1725 1727 0.4206372809206549
1726 1721 4.496829497377995
1726 1685 4.608904208782025
1726 1768 2.845713265525865
1727 1725 0.4206372809206549
1727 1713 0.5703300700648253
1727 1768 3.0896317355791894
1728 1730 0.4805162060733597
1729 1755 3.530651292321438
1729 1734 3.468814094569085
1729 1730 5.396304920033004
1730 1731 0.3670487023869762
1730 1728 0.4805162060733597
1730 1729 5.396304920033003
1731 1730 0.3670487023869762
1732 1692 1.1424015888008356
1733 1723 0.6340918850400299
1734 1723 2.772846637179917
1734 1729 3.4688140945690855
1734 540 2.6806239010116104
1735 1723 0.735036912587311
1736 1737 0.47279536716862075
1737 1786 0.8235203104747864
1737 1736 0.47279536716862075
1737 1776 10.231499952433937
1738 1692 1.0084786753709525
1739 1743 0.6569991116797859
1739 1740 1.159184684831332
1739 1755 11.837842309273382
1740 1739 1.159184684831332
1741 1757 1.4946713070687214
1742 1704 4.707975222634782
1742 1751 3.816285306673713
1743 1739 0.6569991116797859
1744 1750 0.36672630982890114
1745 1751 0.5042288501290186
1745 1695 1.8705471661618436
1745 1686 5.009887918651517
1746 1748 0.980402686864997
1746 1761 0.5877970262404041
1746 1749 6.626497600874951
1747 1750 0.43158425128564043
1748 1746 0.980402686864997
1749 1752 0.8996513971435558
1749 1746 6.626497600874952
1749 1756 4.8223012959661435
1750 1744 0.36672630982890114
1750 1747 0.43158425128564043
1750 1751 2.969305903203621
1751 1745 0.5042288501290186
1751 1742 3.816285306673713
1751 1750 2.969305903203621
1752 1749 0.8996513971435558
1753 1757 0.7142612811089672
1754 1805 2.9508633860667786
1755 1756 3.761798908508936
1755 1729 3.530651292321438
1755 1739 11.837842309273384
1756 1757 0.32583347885719177
1756 1755 3.761798908508936
1756 1749 4.8223012959661435
1757 1753 0.7142612811089672
1757 1756 0.32583347885719177
1757 1741 1.4946713070687214
1758 1819 5.07486463597472
1759 1720 0.849216296123859
1760 1762 1.5699935097744742
1760 1779 5.532241735780862
1760 1813 2.9050679417317244
1761 1746 0.5877970262404041
1762 1760 1.5699935097744742
1762 1591 5.219755628379508
1762 1819 1.8294481318406408
1763 1766 1.2459849691397868
1763 1718 3.4026768991041023
1763 1770 2.2973465697044437
1764 1765 0.7554532999480938
1765 1675 0.7697345926314566
1765 1764 0.7554532999480938
1765 1679 5.437568243585947
1766 1763 1.2459849691397868
1767 1769 0.4580722456219444
1767 1714 0.545803376684648
1767 1768 2.381908387631644
1768 1727 3.0896317355791894
1768 1726 2.845713265525865
1768 1767 2.381908387631644
1769 1767 0.4580722456219444
1770 1685 5.856399609342812
1770 1679 7.176174339062268
1770 1763 2.297346569704444
1771 1711 0.5974943284964052
1772 1775 2.2480806462327276
1773 1775 4.020604348319377
1773 1774 2.098114900158523
1773 1719 2.2407335955143974
1774 1820 3.240326369055068
1774 1816 6.757036951816272
1774 1773 2.098114900158523
1775 1772 2.2480806462327276
1775 1810 2.6315712190479603
1775 1773 4.020604348319377
1776 1737 10.231499952433936
1776 1778 2.4693187252012585
1777 1711 0.5536921336489359
1778 1796 14.135201612758033
1778 1779 1.2920149981936726
1779 1760 5.532241735780864
1779 1776 1.0632461805481492
1780 1828 9.092949043221196
1780 1793 3.202685697146124
1780 1784 3.2359750431195193
1781 1791 0.834607715679754
1782 1827 3.672975724178209
1782 1828 2.828774211792935
1782 1851 5.45925393107784
1783 1847 0.829052819074249
1784 1800 10.948802438280685
1784 1808 4.043470870872997
1784 1780 3.2359750431195193
1785 1790 2.902887236464205
1785 1791 4.287367388984121
1785 1808 2.6711471415607395
1786 1737 0.8235203104747864
1787 1788 0.5876413467476459
1788 1787 0.5876413467476459
1788 1790 3.282422353585508
1788 1789 0.6433465472899325
1789 1788 0.6433465472899325
1790 1788 3.282422353585508
1790 1785 2.902887236464205
1790 1853 4.677929062525143
1791 1781 0.834607715679754
1791 1792 0.6265265091309626
1791 1785 4.287367388984121
1792 1791 0.6265265091309626
1793 1798 4.584495680632928
1793 1780 3.202685697146124
1793 1796 6.180690032937899
1794 1798 0.717957829902318
1795 1803 0.6443634366833344
1796 1692 6.367257218412481
1796 1793 6.180690032937899
1796 1778 14.135201612758033
1797 1798 0.7139989125785384
1798 1794 0.717957829902318
1798 1797 0.7139989125785384
1798 1793 4.584495680632929
1799 1803 0.6678596339956476
1800 1801 0.6271413274313179
1800 1802 0.5557950983050998
1800 1784 10.948802438280683
1801 1800 0.6271413274313179
1802 1800 0.5557950983050998
1803 1795 0.6443634366833344
1803 1799 0.6678596339956476
1803 1808 4.197469206360047
1804 1816 0.5467626736677779
1805 1806 1.424356687769799
1805 1754 2.9508633860667786
1805 1810 1.0780139802342321
1806 1805 1.424356687769799
1807 1829 0.6078990429851652
1808 1803 4.197469206360047
1808 1785 2.67114714156074
1808 1784 4.043470870872997
1809 1824 0.7608585435255567
1810 1824 2.3932016807521554
1810 1805 1.0780139802342321
1810 1775 2.6315712190479603
1811 1822 1.2624146211161529
1812 1839 2.12911270420702
1812 1827 2.5124908020636654
1812 1829 6.792700147102575
1813 1716 4.007664093573066
1813 1719 3.7290094795563835
1813 1760 2.9050679417317236
1814 1819 2.5992146623432415
1815 1816 0.7984602599608984
1816 1815 0.7984602599608984
1816 1804 0.5467626736677779
1816 1774 6.757036951816273
1817 1824 0.8160531683365576
1818 1821 0.6777723446994434
1819 1758 5.07486463597472
1819 1762 1.8294481318406406
1819 1814 2.5992146623432415
1820 1774 3.240326369055068
1820 1822 2.1669915338965615
1821 1818 0.6777723446994434
1821 1823 0.7138449348980037
1821 539 3.2286261447222193
1822 1820 2.1669915338965615
1822 1811 1.2624146211161529
1823 1821 0.7138449348980037
1824 1809 0.7608585435255567
1824 1817 0.8160531683365576
1824 1810 2.3932016807521554
1825 1826 0.6746057048018966
1826 1838 0.9453418537734333
1826 1825 0.6746057048018966
1826 331 4.7359348834177
1827 1812 2.5124908020636654
1827 1782 3.672975724178209
1827 1847 3.4874267515229467
1828 1782 2.828774211792935
1828 1780 9.092949043221196
1828 1592 9.329989790410963
1829 1830 0.7997571294429399
1829 1807 0.6078990429851652
1829 1812 6.792700147102575
1830 1829 0.7997571294429399
1831 1842 0.7507855832934593
1831 1832 1.0277968424688841
1831 1846 4.804411440099611
1832 1831 1.0277968424688841
1833 1834 0.46785987681562996
1833 1835 1.8877333417645552
1833 1836 2.2713095905168053
1834 1833 0.46785987681562996
1835 1833 1.887733341764555
1836 1833 2.2713095905168057
1836 585 19.310332147980457
1836 1858 2.968431686700401
1837 1848 0.8452502052643514
1838 1826 0.9453418537734333
1839 1812 2.12911270420702
1839 1853 4.196435188995019
1839 1846 4.327146253060496
1840 1848 0.9475016655023341
1841 744 0.7019538454786529
1842 1831 0.7507855832934593
1843 1845 0.6672948312675069
1844 1845 0.5693956794588616
1845 1843 0.6672948312675069
1845 1844 0.5693956794588616
1845 1846 3.3054979842220935
1846 1831 4.804411440099611
1846 1845 3.3054979842220935
1846 1839 4.327146253060496
1847 4329 0.7260631283279492
1847 1827 3.4874267515229467
1847 1783 0.829052819074249
1848 1840 0.9475016655023341
1848 1837 0.8452502052643514
1848 1583 2.036453764246194
1849 1851 0.6113893145966598
1850 1851 0.850963817342851
1851 1850 0.850963817342851
1851 1849 0.6113893145966598
1851 1782 5.45925393107784
1852 4329 0.17443474810563384
1853 1790 4.677929062525143
1853 1839 4.196435188995018
1853 4725 2.1868963469158196
1854 330 4.329342862679831
1855 1856 5.319212627608483
1855 1857 0.8595710971737061
1855 1582 6.510645237251169
1856 1855 5.319212627608483
1856 1876 5.095504268647911
1856 1886 9.28945967187004
1857 1855 0.8595710971737061
1858 1836 2.968431686700401
1859 1860 0.8611550285770218
1859 1861 0.8024223069695651
1859 1876 3.3475935887141106
1860 1859 0.8611550285770218
1861 1859 0.8024223069695651
1862 647 0.4216641506045828
1862 646 1.7919534488746505
1862 1863 0.6815054567398053
1863 1862 0.6815054567398053
1864 1936 3.443884684896261
1864 1955 8.474328354361209
1864 374 6.946790644365082
1865 1588 3.662816200127401
1866 371 8.938168826561487
1867 1892 8.987318608260525
1867 1909 2.7690597037544493
1867 1890 3.9565734666977805
1868 1873 1.1163127090970681
1869 1911 5.0249178475108955
1869 373 2.5252138050008948
1869 1870 4.262605087395464
1870 1871 0.6644686897544156
1870 1872 0.753828071714579
1870 1869 4.262605087395464
1871 1870 0.6644686897544156
1872 1870 0.753828071714579
1873 1868 1.1163127090970681
1873 1874 0.6974399324423949
1873 305 4.048233496923016
1874 1873 0.6974399324423949
1875 1961 0.387621701996755
1876 1877 3.894819792491587
1876 1856 5.095504268647913
1876 1859 3.3475935887141106
1877 743 6.50908858695704
1877 1876 3.894819792491587
1877 1902 2.2648353053914088
1878 1902 1.2337193774943789
1879 1880 3.5475985008218545
1880 1883 0.9578871358757087
1880 295 6.049058988787927
1880 1879 3.5475985008218545
1881 1882 0.5356734967663197
1882 1895 0.4071045285723227
1882 1881 0.5356734967663197
1882 1594 2.761031941485625
1883 1880 0.9578871358757087
1884 4334 0.8292711312216806
1885 1891 0.6895368117893489
1885 1906 0.6341217520735929
1885 298 6.130350168455164
1886 1907 1.133911814504679
1886 1856 9.289459671870038
1886 1889 0.9474156055829972
1887 1924 2.185977716200666
1887 290 2.9891036184752595
1887 1898 2.749158582393748
1888 1898 0.38885368169847456
1889 1886 0.9474156055829972
1890 1867 3.95657346669778
1891 1885 0.6895368117893489
1892 1893 0.5363651897503422
1892 1894 0.38868264388876356
1892 1867 8.987318608260525
1893 1892 0.5363651897503422
1894 1892 0.38868264388876356
1895 1882 0.4071045285723227
1896 1901 0.7156054657729617
1897 1924 0.4293574851325612
1898 1888 0.38885368169847456
1898 1900 0.5264346757855756
1898 1887 2.749158582393748
1899 1901 0.6617079331522857
1900 1898 0.5264346757855756
1901 1899 0.6617079331522857
1901 291 2.432044845547202
1901 1896 0.7156054657729617
1902 1903 1.0052278087817903
1902 1878 1.2337193774943789
1902 1877 2.2648353053914088
1903 1902 1.0052278087817903
1904 1905 0.8319677516181954
1905 1916 0.45811480805499666
1905 1904 0.8319677516181954
1905 1921 2.171940275348872
1906 1885 0.6341217520735929
1907 1886 1.133911814504679
1908 1924 0.3811857163981369
1909 1867 2.7690597037544493
1909 288 2.670753026161343
1909 369 10.304821467018433
1910 1911 0.5056552532532079
1911 1912 0.6658954863931319
1911 1910 0.5056552532532079
1911 1869 5.024917847510895
1912 1911 0.6658954863931319
1913 289 1.8885208563002558
1914 4789 4.522549952551534
1914 1921 5.709621283951596
1914 1584 4.387939430285103
1915 1920 0.40692041108430793
1916 1905 0.45811480805499666
1917 1918 0.4059504286176928
1918 1917 0.4059504286176928
1918 1922 1.5489901812312636
1918 1921 2.6962246369666274
1919 1920 0.70748566059473
1920 1915 0.40692041108430793
1920 1919 0.70748566059473
1920 1585 5.29657017190801
1921 1918 2.6962246369666274
1921 1905 2.171940275348872
1921 1914 5.709621283951596
1922 1918 1.5489901812312636
1923 1925 0.4858661493224874
1923 1926 0.7446268412048166
1923 1589 3.0540249679623788
1924 1908 0.3811857163981369
1924 1897 0.4293574851325612
1924 1887 2.185977716200666
1925 1923 0.4858661493224874
1926 1923 0.7446268412048166
1927 1948 0.36992976551884094
1928 1930 0.7489172609673133
1929 1930 0.8872709285152979
1930 1929 0.8872709285152979
1930 1928 0.7489172609673133
1930 292 2.9778886309721573
1931 311 1.8579564686218892
1931 4335 2.32168459212073
1932 4335 1.4724218388217187
1933 1934 0.7238933855030453
1934 1933 0.7238933855030453
1934 1935 0.784396823113411
1934 1968 5.276148068108022
1935 1934 0.784396823113411
1936 1966 0.8211471947159582
1936 1864 3.443884684896261
1936 1939 4.469720435647541
1937 1955 0.6848603187305047
1938 1955 0.7380301476582444
1939 1936 4.469720435647541
1940 1941 0.7367146735790484
1940 1579 2.679146440297784
1940 1942 0.7665379163430368
1941 1940 0.7367146735790484
1942 1940 0.7665379163430368
1943 1954 1.2767074528905498
1944 1602 7.139217466589069
1945 1576 1.3620928712697946
1946 1576 1.1326135689729773
1946 311 0.9909448657013179
1946 1948 7.551554893912053
1947 1596 0.5688867637888747
1948 1927 0.36992976551884094
1948 1949 0.49685678806251926
1948 1946 7.551554893912053
1949 1948 0.49685678806251926
1950 1964 0.39444014528730353
1950 4331 0.5629504950444224
1950 1963 2.187566644080102
1951 1953 1.0236608538013376
1952 1953 0.6735926093923923
1953 1951 1.0236608538013376
1953 1952 0.6735926093923923
1953 302 2.731622097553385
1954 1956 0.45851751302170435
1954 1943 1.2767074528905493
1954 307 2.971732686172403
1955 1938 0.7380301476582444
1955 1937 0.6848603187305047
1955 1864 8.474328354361209
1956 1954 0.45851751302170435
1957 1959 0.8615331452724535
1958 1959 0.7236459314196094
1959 1958 0.7236459314196094
1959 1957 0.8615331452724535
1959 296 10.550686953398316
1960 1961 0.5898254292905938
1961 1875 0.387621701996755
1961 1960 0.5898254292905938
1961 304 3.5069797360567687
1962 310 2.6357739280276413
1963 1965 0.765046270865178
1963 303 9.016227735123024
1963 1950 2.187566644080102
1964 1950 0.39444014528730353
1965 1963 0.765046270865178
1966 1936 0.8211471947159582
1967 1968 6.223389047687397
1968 1967 6.223389047687397
1968 1934 5.276148068108022
1968 1578 2.7240770710618767
1969 293 1.07797514940036
1970 744 0.6332718686478056
1971 1974 7.545553513774412
1971 299 7.138974419733827
1972 1971 1.7408883773201917
1972 1592 14.091687005906584
1973 299 0.6055309427587116
1973 1972 8.87140707806243
1974 161 15.525140587541062
1975 1540 1.7142101153076958
1976 4781 2.679740931515417
1977 4542 5.163963482595784
1977 4781 6.159414310861595
1978 2143 4.265510796883455
1978 201 7.973896771127979
1978 200 23.43719916008675
1979 902 2.047937152598475
1979 91 47.22454869759293
1980 1981 1.741742444873616
1980 2098 3.454342671583525
1980 712 8.209315820715627
1981 1980 1.741742444873616
1981 713 2.270766255456127
1982 2102 2.995395315300558
1982 607 22.86902902246587
1982 1983 5.722741982844199
1983 685 5.245205426349858
1983 2092 3.2031385624545474
1983 1982 5.722741982844199
1984 685 8.154090665671582
1984 2085 3.3569907601658757
1984 682 16.73781340781353
1985 2129 0.3145280378678489
1985 1986 4.398643756747602
1986 1985 4.398643756747602
1986 521 10.995416664871515
1987 2028 2.9457411135796194
1987 634 10.693214078218041
1987 313 14.861219188309452
1988 2148 7.912058240269762
1988 2049 7.749830005764849
1988 2050 5.158493375701177
1988 2053 12.663569915217519
1989 274 7.092767800879866
1989 2054 1.5404663349224057
1990 275 7.36712788446514
1990 276 2.8418435865346137
1991 2146 0.6130568688593536
1991 632 5.956417609708924
1991 1992 10.276810867431157
1992 2065 5.630566908073562
1992 1991 10.276810867431157
1992 631 14.928388209515498
1993 508 6.906932754375685
1993 2078 8.832933749611295
1993 2076 8.746895343655758
1993 507 6.8406644644238845
1994 1999 3.594718510983713
1994 537 9.442152972386548
1994 1996 16.398998114918463
1995 681 2.7435064395072564
1995 688 8.669097803821792
1995 2088 3.2026361079721513
1996 1997 5.553477946800649
1996 1994 16.398998114918463
1996 91 9.652614191630207
1997 1599 3.568599754616659
1997 1600 3.85648283066176
1997 1996 5.5534779468006485
1998 1600 7.324950147966899
1999 2003 4.477945911066508
1999 1994 3.594718510983713
1999 2000 7.101809785365319
2000 4340 0.8817364042274274
2000 2001 1.6668940374183474
2000 1999 7.101809785365319
2001 2000 1.6668940374183474
2002 2003 6.379606086338064
2003 2004 7.317629510957169
2003 1999 4.477945911066508
2003 2002 6.379606086338064
2004 2006 11.485840877776312
2004 2003 7.317629510957169
2004 4185 9.922321883590971
2005 2006 1.1742152372953252
2006 2005 1.1742152372953252
2006 2007 2.7864282393094317
2006 2004 11.485840877776313
2007 4339 0.8849712764389872
2007 2006 2.7864282393094317
2007 2008 2.926778609404111
2008 2007 2.926778609404111
2009 537 8.658538954106662
2010 525 12.241712732012733
2010 4491 5.517615661693463
2010 2013 13.813582234421595
2011 2012 7.62564553609446
2011 2016 22.952658047482537
2011 2013 4.255639943758094
2012 2011 7.62564553609446
2013 2016 6.385578463168752
2013 2010 13.813582234421595
2013 2011 4.255639943758094
2013 525 5.298525842007514
2014 2015 1.5593596626425643
2014 314 1.6853693804387333
2014 2016 4.915386931598102
2015 2014 1.5593596626425643
2015 312 10.99147386512922
2015 314 9.657475805438716
2016 2011 22.952658047482533
2016 2013 6.385578463168752
2016 2014 4.915386931598102
2017 2019 2.5985936678058
2017 2021 5.628065129473427
2017 312 5.224820426155783
2018 2019 0.7271514379291165
2019 2018 0.7271514379291165
2019 2017 2.5985936678058
2019 2020 0.6899164275700087
2020 2019 0.6899164275700087
2021 2022 5.548072568610016
2021 634 5.347601784821906
2021 2017 5.628065129473427
2022 2023 0.7557976792543807
2022 2021 5.548072568610016
2022 2024 0.6752867093526864
2023 2022 0.7557976792543807
2024 2022 0.6752867093526864
2025 2026 0.7061782347747678
2025 2027 0.657178254259791
2025 634 4.233521407790981
2026 2025 0.7061782347747678
2027 2025 0.657178254259791
2028 2029 0.5972073215482321
2028 1987 2.9457411135796194
2028 2030 0.5417271727900824
2029 2028 0.5972073215482321
2030 2028 0.5417271727900824
2031 2032 4.925797897739866
2031 313 8.20787632607395
2032 2031 4.925797897739866
2032 2033 5.747812804241262
2033 2037 4.551493887099782
2033 2049 21.998538601085595
2033 2032 5.747812804241261
2034 2036 0.6937873822730131
2034 2035 0.7407023376847361
2034 2037 2.9519541610684503
2035 2034 0.7407023376847361
2036 2034 0.6937873822730131
2037 2041 6.0558338345194365
2037 2034 2.9519541610684503
2037 2033 4.551493887099782
2038 2039 0.8571529290600757
2039 2040 0.687858353065187
2039 2038 0.8571529290600757
2039 2041 3.609528323595819
2040 2039 0.687858353065187
2041 2037 6.0558338345194365
2041 2042 4.970069082725523
2041 2039 3.609528323595819
2042 2049 8.623968123888327
2042 312 4.241988157961366
2042 2043 5.543455229290592
2042 2041 4.970069082725523
2043 2045 9.096354286782624
2043 2042 5.543455229290592
2043 2044 9.271353187646191
2044 2043 9.271353187646191
2044 523 8.690430180678746
2044 2049 5.552879777267186
2045 2043 9.096354286782624
2045 525 16.723330688862607
2045 524 6.5560900247387845
2046 2047 0.7549951194532675
2047 2046 0.7549951194532675
2047 524 4.301298651795469
2047 2048 0.7118073687919296
2048 2047 0.7118073687919296
2049 2042 8.623968123888327
2049 1988 7.749830005764848
2049 2033 21.99853860108559
2049 2044 5.552879777267186
2050 2051 0.6590121905772208
2050 2052 0.6822783561627341
2050 1988 5.158493375701175
2051 2050 0.6590121905772208
2052 2050 0.6822783561627341
2053 1988 12.66356991521752
2054 2055 11.176536845406385
2054 275 1.1391526249093884
2054 1989 1.5404663349224057
2055 2056 1.1492527259808618
2055 2054 11.176536845406385
2055 2057 1.159567864856753
2056 2055 1.1492527259808618
2057 2055 1.159567864856753
2058 4366 5.471507632051487
2059 2060 5.466897160358693
2060 4366 4.819958178722812
2060 2061 6.535613931458982
2060 2059 5.466897160358693
2061 2060 6.535613931458981
2061 632 16.684502742319328
2061 4616 12.453307963617311
2062 4616 16.25822618853965
2062 631 16.227663351276576
2062 2063 7.20679940474494
2063 2062 7.206799404744942
2064 4616 3.325178512580432
2065 1992 5.630566908073562
2066 519 12.539206321144592
2066 2068 22.85365753172655
2066 629 21.02104420161773
2067 530 28.142858647963713
2068 2066 22.85365753172655
2069 2071 3.9739664869576643
2069 509 10.279811023447794
2069 2070 4.425551089804275
2070 2069 4.425551089804275
2071 2069 3.9739664869576643
2072 2074 1.8090994556014832
2072 2073 1.5708201801851622
2072 508 3.5769113095877545
2073 2072 1.5708201801851622
2074 2072 1.8090994556014832
2075 2076 2.793735742677124
2076 2075 2.793735742677124
2076 2077 2.6790828802373476
2076 1993 8.746895343655758
2077 2076 2.6790828802373476
2078 2079 2.794593736129274
2078 2080 2.6472942318884956
2078 1993 8.832933749611295
2079 2078 2.794593736129274
2080 2078 2.6472942318884956
2081 599 1.1175183804237663
2081 602 13.936480330307393
2081 594 18.40789015810515
2082 507 4.154411056649615
2083 512 0.5491016744023279
2083 2084 1.0391497551603717
2083 278 2.0584288623502562
2084 2083 1.0391497551603717
2085 2086 0.8100385903040623
2085 2087 0.7479706377106504
2085 1984 3.3569907601658757
2086 2085 0.8100385903040623
2087 2085 0.7479706377106504
2088 2089 0.8168018197106146
2088 1995 3.2026361079721513
2088 2090 0.7590712956575493
2089 2088 0.8168018197106146
2090 2088 0.7590712956575493
2091 2092 0.7566069205354095
2092 2091 0.7566069205354095
2092 2093 0.8188012944606621
2092 1983 3.2031385624545474
2093 2092 0.8188012944606621
2094 2096 3.159723816478178
2094 688 4.749162632961785
2094 714 4.1608354384501824
2095 2096 0.7543014576064638
2096 2095 0.7543014576064638
2096 2094 3.159723816478178
2096 2097 0.810050896677517
2097 2096 0.810050896677517
2098 714 1.6555783959948855
2098 2099 3.220164177620847
2098 1980 3.454342671583525
2099 2100 0.7812509142480799
2099 2098 3.220164177620847
2099 2101 0.7812511965492487
2100 2099 0.7812509142480799
2101 2099 0.7812511965492487
2102 2103 0.8254430823172382
2102 2104 0.7535200635763484
2102 1982 2.995395315300558
2103 2102 0.8254430823172382
2104 2102 0.7535200635763484
2105 2109 3.6347980497277765
2105 714 4.342902363692803
2105 2107 4.78597148702225
2106 2107 0.7302309650987848
2107 2108 0.6926467142615436
2107 2106 0.7302309650987848
2107 2105 4.78597148702225
2108 2107 0.6926467142615436
2109 534 5.593105844069094
2109 2105 3.6347980497277765
2109 711 6.93558272254365
2110 4589 0.7762109419595894
2110 710 5.339757297720753
2110 4588 0.7482015414749702
2111 2112 1.7607816788274548
2112 2111 1.7607816788274548
2112 681 6.381084769612406
2112 2113 1.8987674847230347
2113 2112 1.8987674847230347
2114 2118 2.5299059665325414
2114 2115 5.489881208672206
2114 536 4.822728093448443
2115 2117 0.684971241941634
2115 2116 0.7994079072125853
2115 2114 5.489881208672206
2116 2115 0.7994079072125853
2117 2115 0.684971241941634
2118 2122 2.5136209031616694
2118 2114 2.5299059665325414
2118 605 6.608284933371848
2119 2120 0.7879497525922085
2120 2121 0.7072696916694532
2120 2119 0.7879497525922085
2120 2122 4.666832573363266
2121 2120 0.7072696916694532
2122 2123 2.536117391374337
2122 2118 2.5136209031616694
2122 2120 4.666832573363266
2123 2122 2.536117391374337
2123 2124 2.3978793328916908
2123 606 6.7095028787989115
2124 2125 4.632715961088008
2124 2123 2.3978793328916908
2124 4704 5.769578609144664
2125 2129 4.226422761637482
2125 2124 4.632715961088008
2125 2126 5.999133433493188
2126 2128 0.7127148519271156
2126 2127 0.6353051996177712
2126 2125 5.999133433493188
2127 2126 0.6353051996177712
2128 2126 0.7127148519271156
2129 1985 0.3145280378678489
2129 604 7.991890583818903
2129 2125 4.226422761637482
2130 2333 9.03956139416487
2130 2351 5.615432530744631
2131 630 1.6163548023580045
2131 2132 7.040527743146636
2131 510 8.469253760766863
2132 2131 7.040527743146636
2132 2132 30.703573061780904
2133 627 0.40211344053733383
2134 627 0.372562586608241
2135 2136 0.5158444219785703
2136 2135 0.5158444219785703
2136 2137 0.5656132917659304
2136 27 1.7696386780205544
2137 2136 0.5656132917659304
2138 272 3.5967509313840273
2139 2141 5.680006315403028
2139 196 9.835351343073308
2139 2140 5.881535617863379
2140 2139 5.8815356178633795
2141 2139 5.680006315403028
2142 2143 2.8034257383840924
2143 2142 2.8034257383840924
2143 1978 4.265510796883455
2143 2144 2.784805679584651
2144 2143 2.784805679584651
2145 200 7.1288398353431415
2146 1991 0.6130568688593536
2147 4448 3.3810221186898994
2148 315 1.1565621013217555
2148 1988 7.912058240269762
2148 522 19.73201021750992
2149 2216 26.525482277434303
2149 2151 7.554237869931913
2149 2153 7.845072218005022
2150 2151 2.8665609969626833
2151 2152 3.9690405016024406
2151 2149 7.554237869931913
2151 2150 2.8665609969626833
2152 2151 3.9690405016024406
2153 2160 3.1810260669080668
2153 2149 7.845072218005022
2153 2166 4.14686784914611
2154 2157 4.305174480186064
2154 2160 2.6381317152577193
2154 2155 6.240750223384541
2155 2154 6.240750223384542
2156 2157 3.096000564244959
2157 2158 6.012102609921258
2157 2156 3.096000564244959
2157 2154 4.305174480186064
2158 2159 0.83058186619601
2158 2157 6.012102609921258
2158 4587 1.0805190373410332
2159 2158 0.83058186619601
2160 2153 3.1810260669080668
2160 2154 2.6381317152577193
2160 2162 2.629884746104828
2161 2162 3.7652033699103455
2162 2161 3.7652033699103455
2162 2160 2.629884746104828
2162 2163 5.62408245993641
2163 2165 1.403213848360843
2163 2162 5.62408245993641
2163 2164 4.239527168603855
2164 2163 4.239527168603855
2165 2163 1.403213848360843
2166 2176 6.8917861139655106
2166 2153 4.14686784914611
2166 2673 10.45874186245577
2167 2174 12.760495540459152
2167 2176 14.067338011034968
2167 2169 5.7555699046916
2168 2169 1.0543072409835674
2169 2170 1.04672045397768
2169 2168 1.0543072409835674
2169 2167 5.7555699046916
2170 2169 1.04672045397768
2171 2172 1.0404320818215451
2172 2171 1.0404320818215451
2172 2186 5.994174686559306
2172 2173 1.2664224858825077
2173 2172 1.2664224858825077
2174 2167 12.760495540459152
2174 2186 6.837707022186891
2174 2175 5.504164305029343
2175 2216 1.9185772065029902
2175 2213 10.780008157781783
2175 2174 5.504164305029343
2176 2177 1.7355270356887849
2176 2167 14.067338011034972
2176 2166 6.8917861139655106
2177 2176 1.7355270356887849
2177 2179 5.276597548674361
2177 2181 7.382924590260666
2178 2179 1.2904473160340666
2179 2180 0.9638659484981705
2179 2178 1.2904473160340666
2179 2177 5.276597548674361
2180 2179 0.9638659484981705
2181 2183 5.195364465479263
2181 2185 13.302816845579997
2181 2177 7.382924590260664
2182 2183 1.1770132976840375
2183 2184 1.1517182751283048
2183 2182 1.1770132976840375
2183 2181 5.195364465479263
2184 2183 1.1517182751283048
2185 2181 13.302816845579997
2185 2190 7.66652720046841
2185 2186 6.834664432296652
2186 2172 5.994174686559306
2186 2185 6.834664432296652
2186 2174 6.837707022186891
2187 2188 1.13267680120589
2188 2189 1.0260437501548614
2188 2187 1.13267680120589
2188 2190 8.88673683801942
2189 2188 1.0260437501548614
2190 2188 8.88673683801942
2190 2295 8.392930260544665
2190 2185 7.66652720046841
2191 2219 12.055473647476992
2191 2195 9.264497185893454
2191 2295 30.059208547047387
2191 2670 1.3435361612530057
2192 2193 0.9206667903704027
2193 2194 0.9231131882034627
2193 2192 0.9206667903704027
2193 2195 5.222610864467139
2194 2193 0.9231131882034627
2195 2199 8.345569653374227
2195 2193 5.222610864467139
2195 2191 9.264497185893454
2196 2197 0.9602746356022603
2197 2198 0.869398974285009
2197 2196 0.9602746356022603
2197 2199 5.364818270781788
2198 2197 0.869398974285009
2199 2200 8.667780050203428
2199 2195 8.345569653374227
2199 2197 5.364818270781788
2200 2199 8.667780050203428
2200 2202 5.225810890552366
2200 2208 9.4010126582792
2201 2202 0.7783012191253555
2202 2201 0.7783012191253555
2202 2203 0.9300158109537573
2202 2200 5.225810890552366
2203 2202 0.9300158109537573
2204 2289 8.442483804196918
2204 2208 17.146146526048142
2204 2230 3.987437095746559
2204 2205 5.145022499727685
2205 2207 0.7793334437200953
2205 2206 0.7939280756316422
2205 2204 5.145022499727685
2206 2205 0.7939280756316422
2207 2205 0.7793334437200953
2208 2204 17.146146526048142
2208 2212 9.315121657246829
2208 2200 9.4010126582792
2209 2210 0.9164959570526688
2210 2211 1.084342218159536
2210 2209 0.9164959570526688
2210 2212 5.111337819514978
2211 2210 1.084342218159536
2212 2210 5.111337819514978
2212 4599 6.891431524827996
2212 2208 9.315121657246829
2213 2214 1.1824135194427785
2213 2175 10.780008157781783
2213 2304 3.8431205031960936
2214 2215 1.0168799917559264
2214 2213 1.1824135194427785
2214 4306 5.451924640984181
2215 2214 1.0168799917559264
2216 2175 1.9185772065029902
2216 2217 5.848811383178941
2216 2149 26.525482277434303
2217 2216 5.848811383178941
2217 4495 10.871824761115967
2217 2218 1.294808816817284
2218 2217 1.294808816817284
2218 1106 25.55306744722739
2218 1102 16.17371076140765
2219 2223 5.266094226795225
2219 2191 12.055473647476994
2219 2220 6.599981532581987
2220 2222 2.935150286832173
2220 2221 3.170907985140035
2220 2219 6.599981532581987
2221 2220 3.170907985140035
2222 2220 2.935150286832173
2223 2219 5.266094226795225
2223 4293 1.3033685173648002
2223 4291 1.552077322163967
2224 2225 4.280615945756201
2224 4290 15.514599815796652
2225 2255 15.437104558914742
2225 2226 5.001330562987205
2226 2262 11.322594697480191
2226 2228 4.564431311683188
2227 2229 6.348339770039675
2227 2230 10.66888133145898
2227 2288 9.33464741717499
2228 2273 6.3846104351305195
2228 2229 4.280321081488493
2229 2227 6.348339770039675
2229 2224 9.31722235226039
2230 2227 10.668881331458982
2230 2204 3.987437095746559
2230 2231 6.898862926403351
2231 2232 5.226795693173482
2231 2230 6.89886292640335
2231 2235 8.375735078241597
2232 2234 0.9517340139509971
2232 2233 0.9240844497003373
2232 2231 5.226795693173481
2233 2232 0.9240844497003373
2234 2232 0.9517340139509971
2235 2237 5.316098697639996
2235 2231 8.375735078241595
2235 2242 8.389026420059642
2236 2237 0.8412842509476435
2237 2238 0.9872564874034314
2237 2236 0.8412842509476435
2237 2235 5.316098697639997
2238 2237 0.9872564874034314
2239 2240 0.9055336125861493
2240 2241 1.0325415137010063
2240 2239 0.9055336125861493
2240 2242 5.235810582500652
2241 2240 1.0325415137010063
2242 2240 5.235810582500652
2242 2235 8.389026420059642
2242 4293 7.870774623391761
2243 2245 0.9603477717296615
2243 2244 0.9702279865125051
2243 2246 6.822316671845506
2244 2243 0.9702279865125051
2245 2243 0.9603477717296615
2246 4291 4.525739125349942
2246 2243 6.822316671845505
2246 2247 8.233087318911556
2247 2249 5.101194339851738
2247 2251 8.112516994348523
2247 2246 8.233087318911556
2247 2301 3.119230399575309
2248 2249 0.95107265846853
2249 2248 0.95107265846853
2249 2250 0.9425157400828208
2249 2247 5.101194339851737
2250 2249 0.9425157400828208
2251 2253 5.016357937730138
2251 2256 4.680131287183925
2251 2247 8.112516994348523
2252 2253 0.8890053193573199
2253 2254 0.9141741560762622
2253 2252 0.8890053193573199
2253 2251 5.016357937730138
2254 2253 0.9141741560762622
2255 2256 0.5625138466289442
2255 2225 15.437104558914742
2255 2297 8.451460602102124
2256 2255 0.5625138466289442
2256 4736 4.037126665499648
2256 2251 4.680131287183925
2257 58 7.273889345355198
2257 2258 2.52092190802242
2257 2293 16.452108318307527
2258 2259 15.009869196236416
2258 2257 2.52092190802242
2258 2263 2.0543111553238758
2259 2260 4.01911942584966
2259 2258 15.009869196236416
2260 2259 4.01911942584966
2260 2261 7.02525086886859
2261 2260 7.02525086886859
2262 2226 11.322594697480195
2262 2263 12.196952664212441
2262 2268 7.287134956688578
2262 2297 7.423341659435648
2263 2258 2.0543111553238758
2263 2262 12.196952664212441
2263 4601 12.81982537152057
2264 4601 0.494124253505496
2265 2267 1.0869763877042375
2265 2266 0.9144714369539392
2265 2268 3.573866667364382
2266 2265 0.9144714369539392
2267 2265 1.0869763877042375
2268 2265 3.573866667364382
2268 2269 8.10078055703589
2268 2262 7.287134956688578
2269 2274 0.7157603358123097
2269 2271 3.598681408178129
2269 2268 8.10078055703589
2270 2271 0.9610856393961328
2271 2272 0.9043309875131542
2271 2270 0.9610856393961328
2271 2269 3.598681408178129
2272 2271 0.9043309875131542
2273 2274 10.701060345912781
2273 2228 6.3846104351305195
2273 2288 8.793466338692149
2274 2269 0.7157603358123097
2274 2273 10.701060345912783
2274 2279 6.429729766475793
2275 2279 0.7721630454508569
2275 2276 5.1336058405073475
2275 2293 19.82970032330019
2276 2278 0.8816109607465342
2276 2277 1.005590768115265
2276 2275 5.133605840507348
2277 2276 1.005590768115265
2278 2276 0.8816109607465342
2279 2275 0.7721630454508569
2279 2286 7.800224513555651
2279 2274 6.429729766475793
2280 2282 0.8837851234679434
2280 2281 0.9050761620048281
2280 2286 4.988544827430084
2281 2280 0.9050761620048281
2282 2280 0.8837851234679434
2283 2284 0.9025421030572157
2283 2285 1.021989635641424
2283 2286 3.4178638548464355
2284 2283 0.9025421030572157
2285 2283 1.021989635641424
2286 2283 3.4178638548464355
2286 2279 7.800224513555651
2286 2287 6.36521214989638
2286 2280 4.988544827430084
2287 2286 6.36521214989638
2287 2289 5.898276175585449
2287 2288 5.912712237949793
2288 2273 8.793466338692149
2288 2287 5.912712237949793
2288 2227 9.33464741717499
2289 2287 5.898276175585449
2289 2204 8.442483804196918
2289 2291 5.22932866657628
2290 2291 0.9577212026154246
2291 2292 0.9040959068182036
2291 2290 0.9577212026154246
2291 2289 5.22932866657628
2292 2291 0.9040959068182036
2293 57 1.24937361788494
2293 2257 16.452108318307527
2293 2275 19.82970032330019
2294 54 21.687907384243886
2294 4146 4.425489439580596
2295 2191 30.05920854704738
2295 2671 1.307948147842705
2295 2190 8.392930260544665
2296 1100 1.6658838423591975
2297 2298 2.8996612723241793
2297 2262 7.423341659435648
2297 2255 8.451460602102125
2298 2299 0.8989275019261849
2298 2297 2.8996612723241793
2298 2300 0.7713391854831156
2299 2298 0.8989275019261849
2300 2298 0.7713391854831156
2301 2302 1.0596300839670625
2301 2303 0.9691043699429964
2301 2247 3.119230399575309
2302 2301 1.0596300839670625
2303 2301 0.9691043699429964
2304 2213 3.8431205031960936
2305 533 5.489746042144637
2305 711 4.57292775241777
2306 4199 0.8963417786979789
2306 4200 0.4445331393433366
2306 760 13.09779474753348
2307 2308 3.315824708922377
2307 2896 13.743528671542034
2307 431 15.59392556641239
2308 2310 8.866823613481627
2308 2307 3.315824708922377
2308 2309 3.476591880463312
2309 2308 3.4765918804633116
2310 2308 8.866823613481627
2311 491 14.656797123655997
2311 170 1.8803864554238694
2311 149 6.928323149596467
2312 199 0.5456211493054913
2312 2313 8.053519649070864
2312 1352 7.483241381170316
2313 4268 22.662671297597658
2313 671 6.830780685806394
2313 2312 8.053519649070866
2314 2315 11.158791490529696
2314 1352 4.348331284910094
2314 1335 16.908694303530382
2315 2316 0.5038697160240444
2315 2317 4.7451845303626525
2315 2314 11.158791490529696
2316 2315 0.5038697160240444
2317 2315 4.7451845303626525
2318 2717 0.3734633620970096
2318 2319 6.5199630252358105
2318 2756 1.9691492288961203
2319 2320 0.5535463711329012
2319 2321 3.088436567858183
2319 2318 6.5199630252358105
2320 2319 0.5535463711329012
2321 4341 0.9680975619115405
2321 2322 5.982674929632601
2321 2319 3.088436567858183
2322 2321 5.982674929632601
2323 2324 2.202857940030692
2323 2717 5.428001534236153
2323 2705 1.8596058083666305
2324 2323 2.202857940030692
2324 2324 8.537964306958326
2325 2874 9.834505350877533
2325 2773 23.64218893072692
2325 432 11.915662512543848
2326 577 41.586056128954155
2326 113 2.7337906276853046
2327 198 2.0585374613279117
2327 580 0.5342623225437971
2328 136 3.6201608780281584
2328 514 15.250060811041113
2328 2875 28.50589176913714
2329 2330 0.3932924293744558
2330 3957 1.8400212534755602
2330 4536 1.1810232988375293
2331 2334 0.8293843732115869
2331 236 5.394442893862335
2332 4121 19.153410215893057
2332 2331 10.872014258983263
2333 158 0.8082042486634123
2333 2335 3.4868452933958682
2334 2333 0.9275723074739752
2334 2130 9.16665204694281
2335 158 3.4832013136940883
2335 520 3.821558683984372
2336 2338 4.7760117758529415
2336 746 26.478293871580853
2336 4222 57.01525334877057
2337 2338 18.650547748272
2338 2340 5.965914254574509
2338 2336 4.7760117758529415
2338 2337 18.650547748271997
2339 2340 1.2500030760193586
2340 2339 1.2500030760193586
2340 4610 1.168863399743108
2340 2341 10.573479247088393
2340 2338 5.96591425457451
2341 2342 0.9258655755425259
2341 2343 0.7235305383346057
2341 2340 10.57347924708839
2342 2341 0.9258655755425259
2343 2341 0.7235305383346057
2344 2347 11.100715302022952
2344 2355 2.574923841570749
2344 2359 8.686547696557165
2345 2346 13.329886461373592
2345 2348 19.774233177797434
2345 2347 16.263550217232563
2346 2364 2.103465192851998
2346 2359 15.731408779550396
2346 2345 13.329886461373592
2347 2349 19.809356271599736
2347 2344 11.100715302022952
2347 2345 16.263550217232563
2348 2345 19.774233177797434
2348 2379 7.067226180246602
2348 2349 8.299916174431281
2349 2379 29.4024158543355
2349 2347 19.809356271599736
2349 2348 8.29991617443128
2350 2353 14.008217615166032
2350 2351 3.2499216921852625
2350 2379 25.424619736024688
2351 2350 3.2499216921852625
2351 2130 5.615432530744631
2351 4219 12.035313907834878
2352 2353 1.2095886477524922
2353 2352 1.2095886477524922
2353 2354 1.2362419526895692
2353 2350 14.008217615166032
2354 2353 1.2362419526895692
2355 2357 6.282926778395962
2355 3604 12.05666311467238
2355 2344 2.5749238415707496
2356 2357 1.0173793137062084
2357 2358 1.26605578551488
2357 2355 6.282926778395962
2357 2356 1.0173793137062084
2358 2357 1.26605578551488
2359 2363 10.89357710232953
2359 2344 8.686547696557167
2359 2346 15.731408779550396
2360 2361 1.6686862676888015
2360 2363 3.1214039815758743
2360 4735 4.164183248013576
2361 2360 1.6686862676888015
2362 2363 15.378888177425086
2363 2360 3.1214039815758747
2363 2359 10.893577102329528
2363 2362 15.378888177425086
2364 2346 2.103465192851998
2364 236 3.353260113888108
2364 2365 6.589285047830448
2365 2366 3.8550730757504854
2365 2364 6.589285047830448
2365 2368 23.267320196579778
2366 2365 3.8550730757504854
2366 2372 12.243705921000288
2366 2367 8.072255288186314
2367 2366 8.072255288186314
2368 2369 12.89955352691098
2368 2365 23.267320196579778
2368 2372 8.997059388494742
2369 2370 1.2260567389932167
2369 2371 0.5911448509147379
2369 2368 12.89955352691098
2370 2369 1.2260567389932167
2371 2369 0.5911448509147379
2372 2376 10.740691686321373
2372 2366 12.243705921000288
2372 2368 8.997059388494742
2373 2375 1.6461675600762715
2373 2374 2.8456290556182764
2373 2376 6.228891926978762
2374 2373 2.845629055618277
2375 2373 1.6461675600762715
2376 2377 10.324828623373575
2376 2372 10.740691686321371
2376 2373 6.228891926978764
2377 2378 19.185576629896683
2377 2376 10.324828623373577
2377 4707 8.72785097244479
2378 2377 19.18557662989668
2379 2348 7.067226180246602
2379 2349 29.402415854335505
2379 2350 25.424619736024688
2380 4540 3.1151730422824366
2381 163 31.32967409297834
2382 2676 19.282522440895573
2383 2386 9.928203396949408
2383 2384 33.26183683049302
2384 2383 33.26183683049302
2384 2672 63.69963285864275
2385 4295 3.925680669491798
2385 2671 4.187158564554094
2385 2386 15.383759196336324
2386 2383 9.928203396949408
2386 2388 26.41550387772993
2386 2385 15.383759196336324
2387 2388 4.020087955800628
2387 4769 11.899153507678959
2387 2397 14.482408177541712
2388 2387 4.020087955800628
2388 2390 24.43789010865246
2388 2386 26.41550387772993
2389 2417 7.21550991358649
2389 2421 7.791126092247152
2389 2403 13.788148378673599
2390 2403 7.868847581444131
2390 2402 5.195992180288356
2390 2388 24.437890108652464
2391 2392 0.9661406530064474
2392 2394 0.8757794410174787
2392 2391 0.9661406530064474
2392 2393 4.129087011553636
2393 2402 17.469421423876305
2393 2434 9.334525784248841
2393 2392 4.129087011553636
2394 2392 0.8757794410174787
2395 2674 0.6779816845065262
2395 2399 0.7761900545205003
2395 2396 1.8414063197483839
2396 2395 1.8414063197483839
2396 2675 2.8598698730633916
2396 2397 4.4586901444458
2397 2398 1.0115967137808517
2397 2396 4.458690144445799
2397 2387 14.482408177541716
2398 2397 1.0115967137808517
2399 2395 0.7761900545205003
2400 2401 1.639326977713728
2400 56 0.9011759030157994
2401 56 1.322414086604025
2401 4458 10.255581428746751
2402 2393 17.469421423876305
2402 2421 9.393727045307461
2402 2390 5.195992180288356
2403 2405 1.247678579758683
2403 2390 7.868847581444131
2403 2389 13.788148378673597
2404 2405 4.849172928582347
2405 2403 1.247678579758683
2405 2408 8.696886433187176
2405 2404 4.849172928582347
2406 2409 8.837328381618585
2407 2408 8.180078749555296
2408 2409 22.539065730427968
2408 2405 8.696886433187176
2408 2407 8.180078749555296
2409 2406 8.837328381618583
2409 2436 6.467328915126285
2409 2408 22.539065730427968
2410 2412 0.8885718383304538
2411 2412 0.8871174164312822
2412 2411 0.8871174164312822
2412 2410 0.8885718383304538
2412 2413 8.035000798054567
2413 2416 9.285037365006083
2413 2414 9.015824806280849
2413 2412 8.035000798054567
2414 2413 9.015824806280849
2414 2420 10.29692384363274
2414 2424 7.35044145459782
2415 2424 0.9661288878444257
2416 2448 8.87832812706668
2416 2413 9.285037365006083
2416 2434 15.053366104675188
2417 2389 7.21550991358649
2418 2419 9.430086960525532
2418 2430 24.580526862626733
2418 2422 7.137372483424073
2419 2418 9.430086960525532
2420 2414 10.296923843632742
2420 2422 4.107538766951472
2420 2696 2.5650261060326396
2421 2696 4.095449377032783
2421 2389 7.791126092247152
2421 2402 9.393727045307461
2422 2418 7.1373724834240715
2422 2420 4.107538766951472
2422 4147 41.89825705071989
2423 2424 0.8537513750867531
2424 2423 0.8537513750867531
2424 2415 0.9661288878444257
2424 2414 7.35044145459782
2425 2426 0.7810509849293995
2426 2427 0.8117528780358606
2426 2425 0.7810509849293995
2426 2445 6.765742162921896
2427 2426 0.8117528780358606
2428 2445 8.67563023171336
2428 2436 7.962917816297435
2428 2430 5.209199295705813
2429 2432 1.5308960138609589
2430 2431 4.6927843962638365
2430 2418 24.58052686262674
2430 2428 5.209199295705813
2431 2441 3.1227674697505847
2431 2430 4.6927843962638365
2431 2432 6.713040222337114
2432 2429 1.5308960138609589
2432 2447 1.2614902071065734
2432 2431 6.713040222337115
2433 2434 30.74320801510231
2433 2448 17.137754908200847
2433 2438 19.514205416012096
2434 2393 9.334525784248841
2434 2433 30.74320801510231
2434 2416 15.053366104675188
2435 4143 8.515643978044322
2435 2463 9.11849974327123
2435 2449 6.3438735651395035
2435 2436 14.732839873815209
2436 2428 7.9629178162974386
2436 2409 6.467328915126284
2436 2435 14.732839873815209
2437 2438 0.6997774020623564
2438 2439 0.5783372787266119
2438 2437 0.6997774020623564
2438 2433 19.514205416012096
2439 2438 0.5783372787266119
2440 2443 0.7794301039400029
2441 2431 3.1227674697505847
2441 2455 13.002398426469652
2441 2446 8.196850692011758
2442 2443 0.8620923896583533
2443 2442 0.8620923896583533
2443 2440 0.7794301039400029
2443 2444 3.964856765588044
2444 2445 11.685143900244585
2444 2443 3.964856765588044
2445 2426 6.765742162921896
2445 2444 11.685143900244585
2445 2428 8.675630231713361
2446 2441 8.196850692011758
2447 2432 1.2614902071065734
2448 2433 17.137754908200847
2448 2416 8.87832812706668
2448 2451 5.363752164920883
2449 4142 14.577235391830008
2449 2435 6.3438735651395035
2449 2453 15.2373454395193
2450 2451 0.950022531575255
2451 2452 0.9697436914816637
2451 2450 0.950022531575255
2451 2448 5.363752164920882
2452 2451 0.9697436914816637
2453 2449 15.2373454395193
2454 2455 5.538360629445579
2454 4757 15.407815441488244
2454 2456 32.00093743786465
2455 2441 13.00239842646965
2455 2454 5.538360629445579
2456 2454 32.00093743786466
2456 2457 1.0827692500272783
2457 59 1.7821759352823026
2458 831 0.5727194732520585
2458 2459 5.905186656450849
2459 831 5.962068816068486
2459 2676 3.4865143036344186
2460 2296 3.4077202192692284
2460 2676 7.448703220150406
2461 2462 6.271548059105306
2462 2463 11.619314163852371
2462 2469 20.706877743435594
2462 2461 6.271548059105306
2463 2462 11.61931416385237
2463 2465 4.970730138730063
2463 2435 9.118499743271228
2464 4795 35.590308917026995
2464 2465 9.6798855316587
2464 2470 3.127748898872671
2465 4143 20.185368168089845
2465 2464 9.6798855316587
2465 2463 4.970730138730063
2466 2468 8.718645581112765
2467 2468 1.3186511411854438
2468 2467 1.3186511411854438
2468 2466 8.718645581112765
2468 2470 17.551278925674016
2469 2462 20.706877743435594
2469 2576 10.567289119318364
2469 2470 8.065772857664935
2470 2468 17.551278925674012
2470 2469 8.065772857664935
2470 2464 3.127748898872671
2471 2479 6.538625976691328
2471 2643 17.673102003843972
2471 2480 9.59078260777763
2472 2474 3.5071924642720993
2472 2473 3.303228279148294
2472 2479 7.3021894103285305
2473 2472 3.303228279148294
2474 2472 3.5071924642720993
2475 2477 2.7583724499228492
2475 2476 8.598741910892567
2475 2662 3.7601122853498006
2476 2475 8.598741910892569
2477 2475 2.7583724499228492
2478 2481 4.366688027629219
2478 2480 13.297862342199773
2478 2479 7.708749864025317
2479 2478 7.708749864025317
2479 2471 6.538625976691329
2479 2472 7.3021894103285305
2480 4758 0.19889813725743766
2480 2478 13.297862342199773
2480 2471 9.59078260777763
2481 2478 4.366688027629219
2481 2484 24.201340972697835
2481 2486 11.432007787975706
2482 2484 22.54924160823993
2483 2486 8.889309001487483
2484 2481 24.20134097269783
2484 4414 5.49690188113641
2484 2482 22.549241608239928
2485 2486 6.021884565485666
2486 2485 6.021884565485666
2486 2483 8.889309001487483
2486 2481 11.432007787975708
2487 4127 1.7829578850393037
2487 118 9.679728288374259
2488 2489 8.374654424289442
2488 4615 12.938920276527671
2489 2492 5.44779458592871
2489 2498 8.829136088802503
2490 2502 11.374194454178514
2490 1466 5.285753976695675
2490 3965 14.843188116420935
2491 2492 2.766535496610872
2491 2493 10.641710758783203
2492 2512 11.1905683753062
2492 2491 2.766535496610872
2492 2489 5.447794585928709
2493 3972 0.5599897081468035
2493 4188 9.434689220928298
2494 2491 9.048525188169437
2495 2496 9.813923086740663
2495 2500 13.495717220470697
2495 2501 5.508820871972567
2496 2495 9.813923086740663
2497 2506 26.74779941067575
2497 2519 6.842383696254254
2497 2668 4.079509705796973
2498 2489 8.829136088802501
2498 2508 4.945197222241098
2498 2499 8.007538326617293
2499 2511 2.291344880480101
2499 2532 14.414874879655615
2499 2498 8.007538326617293
2500 2668 5.027870861403588
2500 2495 13.495717220470695
2501 2508 9.44674862418828
2501 2495 5.508820871972567
2501 2509 2.7705198779636304
2502 2504 4.593010266402512
2502 2503 11.493840520255011
2502 2490 11.374194454178511
2503 2502 11.493840520255011
2504 2502 4.593010266402512
2505 2668 1.1616702692135608
2505 4090 0.8030674283032461
2506 2520 17.13460380517072
2506 2507 6.583962468452039
2507 2509 2.3225658853020374
2507 2532 8.402866037183912
2507 2506 6.583962468452039
2508 2501 9.446748624188277
2508 2509 2.947399557679229
2508 2498 4.945197222241098
2509 2507 2.3225658853020374
2509 2508 2.947399557679229
2509 2501 2.770519877963631
2510 2511 9.25561426115245
2511 2499 2.291344880480101
2511 2549 18.866693228090746
2511 2510 9.255614261152452
2512 2492 11.190568375306198
2512 2513 14.231021264081614
2513 2514 8.484755005140794
2513 2512 14.191180917909223
2514 2513 8.484755005140794
2515 2517 13.600752364113761
2516 2544 0.5517454598773708
2516 2517 10.607853908059248
2516 2520 19.514117573372094
2517 2532 10.528822177517993
2517 2516 10.607853908059248
2517 2515 13.600752364113761
2518 2519 19.651172159595507
2519 2518 19.651172159595507
2519 1501 30.344499358381974
2519 2497 6.842383696254256
2520 2530 8.010029730108332
2520 2506 17.134603805170716
2520 2516 19.514117573372094
2521 2524 3.383691859769814
2522 890 22.68774284553946
2522 2523 5.7070120705062255
2522 2524 4.328665745075357
2523 2522 5.7070120705062255
2524 2521 3.383691859769814
2524 889 22.697396066099355
2524 2522 4.328665745075357
2525 2526 12.886005992234907
2525 2548 9.703348414792927
2525 2539 9.954968977586802
2526 2550 8.605359564090232
2526 2525 12.886005992234907
2526 2527 9.462584043714143
2527 2541 8.435595013260299
2527 2526 9.462584043714143
2527 2528 12.642839642810255
2528 2527 12.642839642810255
2529 2546 9.462911258874241
2529 2530 10.205519036720784
2529 2539 27.85088999228316
2530 2538 27.307810303089866
2530 2520 8.010029730108332
2530 2529 10.205519036720784
2531 2533 13.609168101907471
2531 2549 13.599349247235224
2531 2572 13.78048189849006
2532 2507 8.402866037183912
2532 2517 10.528822177517993
2532 2499 14.414874879655615
2533 2531 13.609168101907471
2534 2535 1.2437883105664984
2535 2534 1.2437883105664984
2535 2536 0.6978054575441438
2535 2544 13.753591255097149
2536 2535 0.6978054575441438
2537 2538 9.806198858406963
2537 2548 19.104052115637714
2537 675 26.203420320689787
2538 2537 9.806198858406963
2538 2530 27.307810303089866
2538 2539 9.00223226210784
2539 2525 9.954968977586802
2539 2538 9.00223226210784
2539 2529 27.85088999228316
2540 2541 13.25454180495116
2541 2527 8.435595013260299
2541 2542 8.101160909930277
2541 2540 13.25454180495116
2542 2541 8.101160909930275
2542 2551 22.49017088222805
2542 2550 30.723736789479734
2543 2546 1.2612880128680455
2543 2544 6.205128591130802
2543 2545 18.29138558575892
2544 2516 0.5517454598773708
2544 2535 13.753591255097149
2544 2543 6.205128591130802
2545 2543 18.291385585758917
2546 2543 1.2612880128680455
2546 2550 6.59285950624677
2546 2529 9.462911258874241
2547 2551 9.107632200977894
2547 2598 18.008785960381097
2547 2580 14.344455907310522
2548 2525 9.703348414792929
2548 2537 19.104052115637714
2548 2551 27.848146890842642
2549 2567 27.685034813505336
2549 2531 13.599349247235224
2549 2511 18.866693228090746
2550 2526 8.605359564090232
2550 2546 6.59285950624677
2550 2542 30.723736789479734
2551 2542 22.490170882228053
2551 2547 9.107632200977894
2551 2548 27.84814689084264
2552 2554 3.9184522722154798
2552 2584 1.5953996220279925
2552 2553 19.000072384267636
2553 2552 19.00007238426764
2554 2552 3.9184522722154798
2554 2572 8.405764240533808
2554 2555 6.1210534323502
2555 2571 16.714824652423147
2555 2570 5.434476313741692
2555 2554 6.1210534323502
2556 2557 11.630931537096828
2556 2584 6.99030824493965
2556 2559 7.53626190754263
2557 2556 11.630931537096828
2558 2559 10.071584184707419
2559 2586 3.092527912961329
2559 2558 10.07158418470742
2559 2556 7.53626190754263
2560 2560 6.13781085790581
2560 2562 13.863426385164221
2561 2562 2.433942581394817
2561 2652 4.522039082052115
2561 2586 23.141573008108136
2562 2561 2.433942581394817
2562 2564 14.237007562564418
2562 2560 13.863426385164221
2563 2613 4.9217801472459
2563 2584 18.24858614867177
2563 2564 2.0179427218249373
2564 2565 11.030292769163072
2564 2563 2.0179427218249373
2564 2562 14.237007562564418
2565 2564 11.030292769163072
2566 2568 9.466198633451443
2566 2637 3.712050756221044
2566 2567 8.90912317165877
2567 2625 1.4854644556916692
2567 2549 27.685034813505336
2567 2566 8.909123171658772
2568 2566 9.466198633451445
2569 4788 6.924174765276324
2569 2625 8.032695260348277
2569 2570 4.670192327566805
2570 2633 15.68576305479735
2570 2569 4.670192327566805
2570 2555 5.434476313741692
2571 2633 5.088657328539689
2571 2616 7.7490081653568685
2571 2555 16.714824652423147
2571 2613 7.092443906911037
2572 2531 13.78048189849006
2572 2554 8.40576424053381
2572 4668 8.298341250837577
2572 2573 13.698676428575679
2573 2572 13.698676428575679
2574 2577 3.8869867618409715
2574 2575 10.470258933088994
2574 2574 31.514118330602518
2575 2574 10.470258933088994
2575 2576 10.28423710714897
2575 2587 9.862251027485195
2576 2575 10.284237107148972
2576 2591 14.81353470881281
2576 2469 10.567289119318364
2577 2574 3.8869867618409715
2577 2577 6.52184343836623
2578 2579 3.18988782656617
2579 2580 2.1845095964544483
2579 2589 1.2009947750610106
2579 2578 3.18988782656617
2580 2585 8.408783214281936
2580 2547 14.344455907310522
2580 2579 2.1845095964544483
2581 2583 1.3357677267921313
2582 2583 1.3570823060039618
2583 2582 1.3570823060039618
2583 2581 1.3357677267921313
2583 4281 6.637706264220405
2584 2552 1.5953996220279925
2584 2556 6.99030824493965
2584 2563 18.24858614867177
2585 2586 6.616949700939638
2585 2580 8.408783214281936
2585 4281 8.32201620100126
2586 2559 3.092527912961329
2586 2585 6.616949700939637
2586 2561 23.141573008108132
2587 2588 5.070451693600193
2587 2575 9.862251027485197
2587 2591 14.709339179752208
2588 2587 5.070451693600193
2589 2579 1.2009947750610106
2589 2590 5.146587887003359
2589 2591 7.756056018721586
2590 2589 5.146587887003359
2591 2587 14.709339179752208
2591 2589 7.756056018721584
2591 2576 14.81353470881281
2592 243 3.5638579095137572
2592 2599 9.770599963754531
2593 2628 12.031064392689794
2593 4752 3.757792966510795
2593 2629 6.07440211245565
2594 4753 1.0504079033915485
2594 2953 2.372752109060865
2595 2597 2.4344132513258603
2595 2598 6.2085376149675655
2595 2603 13.014874550157908
2596 2596 6.9626653522254
2596 2597 5.574965610341527
2597 2595 2.4344132513258603
2597 2601 22.322590830428535
2597 2596 5.574965610341527
2598 2595 6.2085376149675655
2598 2547 18.008785960381097
2598 2599 13.207857612331821
2599 2603 9.664352549580737
2599 2598 13.207857612331823
2599 2592 9.770599963754531
2600 2602 6.286731880515411
2601 2597 22.32259083042853
2601 2604 7.410005178032999
2601 2602 7.846779745217897
2602 2603 8.644387969014579
2602 2600 6.286731880515411
2602 2601 7.846779745217897
2603 2595 13.01487455015791
2603 2602 8.644387969014579
2603 2599 9.664352549580737
2604 2664 0.7271369463362578
2604 2605 0.5936480988377354
2604 2601 7.410005178032999
2605 2604 0.5936480988377354
2606 2607 6.0361495578432525
2606 4573 11.38740749566956
2606 2608 9.08784831059773
2606 2612 7.0755035040658925
2607 2606 6.0361495578432525
2608 2609 4.62812576628189
2608 2610 6.272425634396061
2608 2606 9.087848310597732
2609 2608 4.62812576628189
2610 2608 6.272425634396061
2611 2616 13.180259996785638
2611 2621 7.694668975937993
2611 2617 3.8655601066248777
2612 2614 13.11788774610046
2612 4573 17.788417150218407
2612 2606 7.0755035040658925
2612 2616 6.904918425440874
2613 2563 4.9217801472459
2613 2666 9.189256273825828
2613 2571 7.092443906911037
2614 4309 0.9407015870394247
2614 2617 3.2624917650342375
2614 2612 13.117887746100457
2615 2617 2.502415611330562
2616 2611 13.180259996785637
2616 2612 6.904918425440874
2616 2571 7.74900816535687
2617 2614 3.2624917650342375
2617 2615 2.5024156113305622
2617 2611 3.8655601066248777
2618 2626 6.601524912166207
2619 2620 9.603256587176071
2620 2619 9.60325658717607
2620 2626 6.603966381300257
2620 2621 16.335947235264175
2621 2611 7.694668975937993
2621 2620 16.33594723526418
2621 2633 8.151803775106464
2622 2624 1.8438843813124972
2623 2624 0.48118180104508174
2624 2622 1.8438843813124972
2624 2623 0.48118180104508174
2624 2625 5.443083962750378
2625 2567 1.4854644556916692
2625 2624 5.443083962750378
2625 2569 8.032695260348277
2626 2618 6.601524912166206
2626 582 5.729118935309064
2626 2620 6.603966381300256
2627 581 3.5403835482551003
2627 2637 6.511242578546317
2628 2593 12.031064392689794
2629 2631 0.830340017642379
2629 2630 1.5625859133910107
2629 2593 6.074402112455651
2630 2629 1.5625859133910107
2631 2629 0.830340017642379
2632 2634 4.263417855999623
2633 2571 5.088657328539689
2633 2570 15.685763054797352
2633 2621 8.151803775106464
2634 2635 6.0170333250246
2634 2637 5.099414233812017
2634 2632 4.263417855999623
2635 2634 6.0170333250246
2636 581 1.1711890612330453
2636 2627 4.05552825024451
2636 582 7.521836910697943
2637 2634 5.099414233812017
2637 2627 6.511242578546317
2637 2566 3.712050756221044
2638 2641 1.4002114773643526
2638 2648 2.373543134035768
2638 2639 2.5856546590874676
2639 2640 1.7045485165286767
2639 4190 1.5314330448393265
2639 2638 2.5856546590874676
2640 2639 1.7045485165286767
2641 2638 1.4002114773643526
2641 2643 1.0059478742029309
2641 2642 2.723480509781137
2642 2644 14.793633813331235
2642 2643 1.9221773875183996
2643 2641 1.0059478742029309
2643 2471 17.673102003843976
2644 2642 14.793633813331235
2645 2658 2.803626392610995
2646 2655 10.332579999846887
2647 2655 4.231202949406766
2648 2652 10.673621468113806
2648 2638 2.373543134035768
2648 2649 19.553722772838455
2649 2648 19.55372277283846
2650 2653 1.1233967482161553
2650 2651 3.092095942974766
2651 650 4.622717123139279
2651 2650 3.0920959429747663
2652 2561 4.522039082052115
2652 2654 11.851789195937293
2652 2648 10.673621468113806
2653 2650 1.1233967482161553
2654 2655 7.656403825975992
2654 2652 11.851789195937295
2654 4796 7.779269064250378
2655 2654 7.656403825975992
2655 2646 10.332579999846887
2655 2647 4.231202949406766
2656 2661 0.6084287578804645
2656 2657 14.61170286770932
2656 650 4.012398127878619
2657 2656 14.611702867709319
2657 2659 6.276276229994327
2657 650 2.565057569408528
2658 2645 2.803626392610995
2658 2659 7.886630632328324
2658 2662 6.189077885325616
2659 2658 7.886630632328322
2659 2964 8.777353530950787
2659 2657 6.276276229994326
2660 2662 4.92884622630694
2661 2656 0.6084287578804645
2661 2663 7.288734159614409
2661 190 3.2158423777112204
2662 2660 4.92884622630694
2662 2475 3.7601122853498006
2662 2658 6.189077885325616
2663 2661 7.288734159614409
2664 2604 0.7271369463362578
2665 4146 2.7797788489903397
2665 55 1.203675643381482
2666 2613 9.189256273825828
2667 2494 5.781646735221398
2667 889 6.035773542589033
2667 835 5.654173367056443
2668 2497 4.079509705796974
2668 2505 1.1616702692135608
2669 4794 0.10757874553223545
2669 4461 1.7992317614212614
2670 2191 1.3435361612530057
2670 852 17.282529618595806
2670 4295 11.982477135826917
2671 2295 1.3079481478427053
2671 2672 7.45340719333635
2671 2385 4.187158564554094
2672 2384 63.69963285864274
2672 2671 7.45340719333635
2672 2673 12.89124979872854
2673 2166 10.45874186245577
2673 2672 12.89124979872854
2673 853 3.1458580102475793
2674 2395 0.6779816845065262
2675 2396 2.8598698730633916
2676 2382 19.282522440895573
2676 2460 7.448703220150406
2676 2459 3.4865143036344186
2677 2678 0.8804851569585095
2678 2677 0.8804851569585095
2678 1510 15.881830201027281
2678 1106 7.1151272345574075
2679 4701 19.197185336439347
2680 2683 4.6178324255003105
2680 133 1.8214178870960136
2681 2682 1.1180607576393242
2681 4701 1.4143004391510428
2682 4701 1.2624313006732546
2682 3959 8.191119254192172
2683 2684 4.858512889795168
2683 133 4.214754216588812
2684 2683 4.858512889795168
2684 2685 3.1692114659136155
2685 2684 3.102306222173922
2685 2686 4.149162438115768
2686 2685 4.149162438115768
2686 2687 2.3823402585389672
2687 2686 2.436311864189068
2687 134 6.225532610755422
2688 2689 12.59302267725225
2688 2688 10.81139522505498
2689 2691 27.169258428548655
2689 4742 9.324437581055102
2689 2688 12.593022677252248
2690 2691 0.43201611380318344
2691 2690 0.43201611380318344
2691 2689 27.169258428548655
2691 2693 4.987591127000334
2692 2693 1.202616509027277
2693 2692 1.202616509027277
2693 2694 0.8312416580069382
2693 2691 4.987591127000334
2694 2693 0.8312416580069382
2695 4355 7.667243501270667
2695 2916 3.4403906910273983
2696 2421 4.095449377032783
2696 2420 2.5650261060326396
2696 4614 0.5411295942764853
2697 2698 1.3825102269035534
2697 140 4.919084933984438
2697 672 6.620532702528817
2698 2697 1.3825102269035534
2698 4648 13.235175552502277
2698 2703 6.887440224364325
2699 2700 9.87527775046076
2699 4649 1.1968224757253423
2699 4648 3.8233731605409242
2700 2699 9.87527775046076
2700 2710 5.112301859543211
2700 260 1.2420765803851812
2701 4647 7.646137149922382
2701 260 6.192399325919276
2701 140 3.556026157830492
2702 4647 0.9465356254981081
2703 2704 7.656271517914251
2703 2706 2.7953734027105677
2703 2698 6.887440224364325
2704 2711 11.315865023081363
2704 2703 7.656271517914251
2704 4303 3.9814985160488536
2705 2711 4.118196298631206
2705 2323 1.8596058083666305
2705 672 8.572079439047636
2706 2707 7.439829693615395
2706 2703 2.7953734027105677
2706 4648 15.1187251197971
2707 4429 5.768695234788589
2707 2706 7.439829693615395
2707 4649 24.928763245919573
2708 2709 8.68750760270393
2708 2710 10.27104548718778
2708 4649 6.2968142105240545
2709 2708 8.68750760270393
2710 2708 10.27104548718778
2710 2746 9.392066418258004
2710 2700 5.112301859543211
2711 2705 4.118196298631206
2711 2704 11.315865023081365
2711 2719 5.348210205613637
2712 2716 1.798370865105021
2712 2719 9.73031955079303
2712 2714 2.246132750865386
2713 2714 4.194248894243426
2714 2715 3.8521131932808945
2714 2713 4.194248894243426
2714 2712 2.246132750865386
2715 2714 3.8521131932808945
2716 2712 1.798370865105021
2716 2718 11.503825145652932
2716 2717 9.482197551444553
2717 2318 0.3734633620970096
2717 2716 9.482197551444553
2717 2323 5.428001534236153
2718 2716 11.503825145652932
2719 2720 1.4753801118978054
2719 2711 5.348210205613637
2719 2712 9.73031955079303
2720 2719 1.4753801118978054
2720 2722 3.728786601932594
2720 2724 8.522240880102478
2721 2722 1.017700751821759
2722 2723 1.2179550492134394
2722 2721 1.017700751821759
2722 2720 3.728786601932594
2723 2722 1.2179550492134394
2724 2725 3.822736985926619
2724 4532 4.795727767885643
2724 2720 8.522240880102478
2725 4734 0.9764927668448188
2725 2724 3.822736985926619
2725 4428 0.9616433456760637
2726 2730 5.284749073531468
2726 2738 3.940033835209833
2726 4345 12.831177892587881
2727 2728 1.4444724026291302
2728 2729 1.7532706410586
2728 2727 1.4444724026291302
2728 2730 17.776452410608478
2729 2728 1.7532706410586
2730 2726 5.284749073531468
2730 2728 17.776452410608478
2730 2732 9.870476864116972
2731 2732 1.5511700617107962
2732 2731 1.5511700617107962
2732 2733 8.171988935895063
2732 2730 9.870476864116972
2733 2736 5.114587987705466
2733 2734 21.976397475974018
2733 2732 8.171988935895063
2734 2754 0.2216545851199257
2734 2733 21.97639747597402
2734 2745 12.08288675293819
2735 2745 5.736805502812651
2735 2735 6.527547246886423
2736 2733 5.114587987705466
2736 4709 1.9221802785834057
2736 2737 6.18585189153705
2737 2738 4.21935061599192
2737 2736 6.18585189153705
2737 110 3.284917981413833
2738 2740 5.396529057934829
2738 2737 4.21935061599192
2738 2726 3.940033835209833
2739 2740 1.0024878437171922
2740 2741 1.3979828610067662
2740 2738 5.396529057934829
2740 2739 1.0024878437171922
2741 2740 1.3979828610067662
2742 3048 2.1661759804913867
2742 110 10.957035776120174
2742 2744 3.8638071211290517
2743 2744 4.7998134733444004
2744 2742 3.8638071211290517
2744 2754 8.017023647296398
2744 2743 4.7998134733444
2745 2746 10.7069095584556
2745 2734 12.082886752938188
2745 2735 5.736805502812651
2746 2745 10.7069095584556
2746 234 7.948052528928409
2746 2710 9.392066418258002
2747 2748 6.352746099041052
2747 2750 7.077766649544045
2747 234 0.8421685893070557
2748 2748 7.984113898356107
2748 2747 6.352746099041052
2749 334 0.14195066844711118
2749 4696 12.6920884782734
2749 3048 7.070196706944572
2750 2758 1.7223980738936813
2750 2751 7.303582448062548
2750 2747 7.077766649544045
2751 2752 3.326926409968148
2751 2750 7.303582448062548
2751 2753 3.548235481926098
2752 2751 3.326926409968148
2753 2751 3.548235481926098
2754 2734 0.2216545851199257
2754 2744 8.017023647296398
2754 2755 5.051539481848111
2755 2754 5.051539481848111
2756 141 5.526772728976355
2756 2318 1.9691492288961203
2757 2758 3.4018366586531563
2757 2760 2.029845727555101
2757 334 9.522223986393765
2758 2759 1.5862063300518658
2758 2750 1.7223980738936813
2759 2760 2.685871185289396
2759 2757 1.9314129336081185
2760 2761 0.6006775966673253
2760 2757 2.029845727555101
2761 2760 0.6006775966673253
2761 2762 7.851834100512713
2761 3050 10.570017547901847
2762 2761 7.851834100512713
2763 48 8.192610338503188
2763 3065 7.674192420294918
2763 3058 8.356140646513754
2764 3058 0.4818832532242335
2764 3060 11.928474142815606
2764 4276 6.358573403715308
2765 4620 3.314829138003167
2765 2766 9.914212835494087
2765 4276 0.9657417854606607
2766 3454 1.9715742912188963
2766 2765 9.914212835494089
2767 3473 6.547236883554394
2767 2770 4.463302077877548
2768 3466 7.743874207263128
2768 4565 1.844617328200872
2769 3458 6.415111392969951
2769 178 5.319247761265391
2770 3467 3.243681217626395
2770 2769 6.547078848804976
2771 2767 0.314311239817468
2771 3461 3.40410522624803
2772 2824 4.851212381442001
2772 153 14.262267273273588
2772 154 5.380586688731801
2773 2774 9.801433650559058
2773 431 7.4155627108661
2773 2325 23.64218893072692
2774 2871 11.400481282973537
2774 2881 12.378682148414125
2774 2773 9.801433650559058
2775 181 4.604739742307359
2775 4369 2.0188514773853887
2775 2776 10.495354626313077
2776 2775 10.495354626313077
2777 2912 3.4013907514575843
2777 4369 0.744203179134579
2778 2779 7.280044150107548
2778 2782 1.1265060182115445
2778 69 1.590750418553304
2778 2780 4.451669027195911
2779 2778 7.280044150107548
2780 2781 8.634029414240217
2780 431 20.909830660644957
2780 2778 4.451669027195911
2781 2780 8.634029414240217
2782 2887 10.968288263842288
2782 69 1.2170920287838982
2783 2788 0.5798336364563744
2784 3958 24.203567852453634
2785 4468 0.5745166095521036
2785 2786 5.628521781566532
2786 2784 6.069732215691946
2786 188 9.668706611496388
2786 4468 5.470111100228174
2787 4354 1.62591481760358
2787 70 16.4321298005938
2787 189 9.959749343947776
2788 2785 0.7431677206509134
2788 186 7.936174305719956
2789 398 11.02515150227544
2790 2955 3.1043629768593717
2790 399 3.095251369977942
2790 2801 3.3306599564437467
2791 2800 0.8639001343369798
2791 2799 6.969664559892481
2791 2792 4.347429931873048
2792 2791 4.347429931873048
2793 2795 3.289792919453674
2793 4344 13.737479675010613
2794 2844 5.138997046161562
2794 2831 1.6466620105759284
2794 2848 3.3085739851678766
2795 2793 3.289792919453674
2795 2844 3.4780106907645347
2795 2798 3.8711400658420128
2796 2798 2.710211569883151
2797 2798 1.7002825630734333
2798 2796 2.710211569883151
2798 2797 1.7002825630734333
2798 2795 3.8711400658420128
2799 2791 6.969664559892481
2799 4273 4.527791379989168
2799 4623 4.355331112644442
2800 2791 0.8639001343369798
2800 4230 6.472044136710603
2800 399 6.795769265113651
2801 4625 6.565671234890239
2801 2790 3.3306599564437467
2801 4624 3.048494756626763
2802 4533 9.52557270123282
2802 152 6.72901522196305
2802 575 8.908607581052737
2803 4384 1.0029667432395044
2803 2805 2.2590049536845287
2803 397 4.6932038746759375
2804 395 1.9832095952948776
2804 396 2.6298882306429903
2805 4416 0.6598789373408778
2805 2806 3.2732984838961174
2805 2803 2.2590049536845287
2806 2805 3.2732984838961174
2807 2808 11.423779068977016
2807 396 5.092062338544147
2807 397 3.858833319488206
2808 2807 11.423779068977016
2809 154 1.5016834577886977
2810 4622 4.660498453296094
2810 4535 3.19002770389065
2811 2812 16.141545895120753
2811 4218 9.232057945123481
2811 2847 8.862260098813003
2812 2811 16.141545895120753
2812 2847 25.40576545405341
2812 2813 27.273421013958988
2813 2812 27.273421013958984
2813 2810 11.55845332303129
2813 2959 9.044075294691176
2814 4218 40.25504608430527
2815 2817 11.430423278480172
2815 820 2.163820947628439
2815 872 7.076170181328255
2816 2820 12.025896875071922
2816 820 4.919553434712731
2816 2822 12.625071133773147
2817 2815 11.430423278480166
2818 2826 2.5658467981691335
2819 2826 2.8694689032702727
2819 2828 6.181066105352526
2819 820 6.430543596572582
2820 154 0.34610343393182147
2820 155 5.837924668456042
2820 2816 12.025896875071924
2821 2826 3.054226208450055
2822 2816 12.625071133773144
2823 51 4.811038588037319
2823 872 4.271430280683453
2824 2825 7.490777571447424
2824 4566 5.307594556762927
2824 2772 4.851212381442001
2825 2829 0.5678954007262708
2825 2824 7.490777571447426
2825 2827 5.953605828188662
2826 2818 2.5658467981691335
2826 2821 3.054226208450055
2826 2819 2.8694689032702727
2827 2825 5.953605828188663
2828 2819 6.181066105352525
2829 2825 0.5678954007262708
2830 4566 12.613268737228427
2831 2794 1.6466620105759284
2832 2836 5.064699291190399
2832 573 16.025289382441734
2832 2837 3.251046245658604
2833 2844 4.167382910916026
2834 4560 12.409534130503902
2835 2837 6.253275093536754
2836 2832 5.064699291190399
2837 2832 3.251046245658604
2837 204 1.948903317046166
2837 2835 6.253275093536755
2838 4315 4.379174144973685
2838 2839 5.027780080615486
2838 203 8.272060118913044
2839 4557 3.133148974816135
2839 2838 5.027780080615486
2840 2853 3.0871678905946043
2840 207 5.0994143991978405
2840 202 4.796922780682957
2841 2842 1.078360943166506
2842 2841 1.078360943166506
2842 2843 0.383188304371651
2842 207 4.747597375578054
2843 2842 0.383188304371651
2844 2794 5.138997046161562
2844 2795 3.4780106907645347
2844 2833 4.167382910916026
2845 888 12.734647336803192
2846 612 1.3513846405985006
2846 2849 1.1601303117246302
2846 576 11.30119491791129
2847 2851 19.202388569543857
2847 2811 8.862260098813003
2847 2812 25.40576545405341
2848 2794 3.308573985167876
2849 2846 1.1601303117246302
2850 2853 1.0338774626514498
2851 2854 4.705015912650605
2851 3741 5.828668102283252
2851 2847 19.202388569543857
2852 2853 5.8712455409217625
2853 2852 5.8712455409217625
2853 2840 3.0871678905946043
2853 2850 1.0338774626514498
2854 2851 4.705015912650605
2855 583 4.300078829037515
2856 887 1.2239042294648712
2857 3778 4.920721910503502
2857 4347 7.411570666335736
2857 4425 6.536922348583788
2858 4229 0.6179445364524004
2858 2860 4.537249261529906
2858 2859 13.33605023514314
2859 2858 13.33605023514314
2859 180 3.378924971524312
2859 2872 22.39453111492366
2860 2858 4.537249261529907
2861 2870 0.6112224155490741
2861 2862 4.983857623512834
2861 4271 5.868269614883124
2862 2861 4.983857623512833
2862 180 2.2500607919111206
2862 2865 7.830773846323212
2863 2864 4.232236529085125
2864 2863 4.2322365290851245
2864 180 5.011962011014315
2864 4586 3.6506352549552843
2865 2862 7.830773846323212
2865 264 4.400327010794841
2865 2868 5.435252577518317
2866 2867 6.8878085503273265
2866 2953 23.818631819185335
2866 129 6.0749124656103035
2867 2866 6.8878085503273265
2868 2869 1.1937639451498163
2868 4690 1.5670138957950115
2868 2865 5.435252577518317
2869 2868 1.1937639451498163
2869 2878 2.194323265826641
2869 4517 1.5987707347621163
2870 2861 0.6112224155490741
2871 2774 11.400481282973539
2872 2885 6.105640643658343
2872 2875 12.270225637343138
2872 2859 22.394531114923655
2873 2875 4.689095721339377
2874 2886 11.389454280261356
2874 857 7.361514007535994
2874 2325 9.834505350877532
2875 2873 4.689095721339377
2875 2328 28.505891769137143
2875 2872 12.270225637343138
2876 2885 13.382944925264036
2877 582 0.3331081604650666
2877 181 0.7489890950982163
2877 264 2.260588265313084
2878 2869 2.194323265826641
2879 2886 1.3517872835740494
2880 2896 7.600722913125471
2881 2774 12.378682148414129
2882 2888 12.05774814283496
2882 857 4.692257500116831
2882 4730 13.22590399328613
2883 2893 0.6216513204542039
2883 72 2.424583853645336
2883 73 2.980992766605635
2884 2885 11.460094617257443
2885 2884 11.460094617257443
2885 2876 13.382944925264038
2885 2872 6.105640643658343
2886 2879 1.3517872835740494
2886 2874 11.389454280261356
2886 4403 8.163183852370711
2887 70 0.29161105911185675
2887 2890 1.7637389738275497
2887 2782 10.96828826384229
2888 2882 12.05774814283496
2889 722 5.971080419219961
2889 2900 10.036480194560697
2890 2887 1.7637389738275497
2890 2891 25.986870161763264
2890 2892 0.32726941867752046
2891 721 0.432319089474191
2891 722 3.4418392580355324
2891 2890 25.98687016176326
2892 2890 0.32726941867752046
2893 2883 0.6216513204542039
2893 187 2.333453973992384
2894 2910 4.957218349249217
2894 2915 5.4185700746934815
2894 268 6.605337105978003
2895 2910 1.4840284646373807
2896 432 0.5677758574099443
2896 2880 7.600722913125471
2896 2307 13.743528671542036
2897 75 2.0692883877644723
2897 2966 2.10242922148957
2898 138 6.455942016325165
2898 574 28.09415760640521
2899 4398 2.715420890796876
2899 2925 6.0700002541085665
2899 2923 6.091025699474181
2900 2889 10.036480194560697
2900 2904 6.508651229110113
2901 433 5.533157289732449
2902 2904 0.5816910208933302
2903 2904 0.44897986110794286
2904 2902 0.5816910208933302
2904 2903 0.44897986110794286
2904 2900 6.508651229110113
2905 2929 3.6356406743674627
2905 2927 9.311652379717062
2906 2920 3.811834581987401
2907 2920 4.98044703187651
2908 2920 2.5261403102768627
2908 185 16.52204760023823
2908 2909 17.11055442550024
2909 2908 17.11055442550024
2909 2936 6.091502015643705
2909 2919 5.449207739745534
2910 4446 0.574277228278374
2910 2895 1.4840284646373807
2910 2894 4.957218349249217
2911 2919 11.834512400424357
2911 4644 10.265435649857066
2912 2777 3.4013907514575843
2912 2924 3.310371747523825
2912 190 5.666482334343388
2913 2923 7.387278626238875
2914 437 13.385446008468366
2914 183 7.010719198596054
2915 2894 5.4185700746934815
2916 193 2.1613503275599415
2917 4478 1.3648636973819606
2917 4742 18.27207090807764
2917 4158 1.3062856597272567
2918 4410 17.42865806091325
2918 404 1.3079905573266795
2918 405 8.300390604151707
2919 4274 0.7112401820250509
2919 2909 5.4492077397455345
2919 2911 11.834512400424355
2920 2907 4.98044703187651
2920 2906 3.811834581987401
2920 2908 2.5261403102768627
2921 2940 3.8533149089430374
2922 846 7.853488355122674
2923 432 2.1909213478766696
2923 2913 7.387278626238875
2923 2899 6.091025699474181
2924 2912 3.3103717475238255
2925 2899 6.0700002541085665
2926 2936 3.7188410580138176
2927 4361 3.149925066435215
2927 2945 0.8030477693512296
2927 2905 9.311652379717062
2928 4479 1.3970351688721678
2928 4122 3.0355782817065275
2929 2905 3.6356406743674627
2929 2939 8.034840845916092
2929 570 4.139538865674657
2930 2934 0.9928372814611744
2931 2948 1.0101823463649369
2931 2970 1.5558032415312875
2932 4424 0.6518318106011352
2932 2936 2.0830270217152265
2932 2933 0.6536977988322384
2933 2932 0.6536977988322384
2934 2930 0.9928372814611744
2934 4527 0.4027700529056994
2934 266 2.1777996293342934
2935 403 27.389781712090763
2935 4410 4.229326442505667
2936 2932 2.0830270217152265
2936 2926 3.7188410580138176
2936 2909 6.091502015643704
2937 2963 5.231736769417829
2937 4269 7.162945444701796
2938 2943 1.9114898894090453
2938 2944 1.094865565306317
2938 2946 5.960334975316336
2939 2942 2.1493529432789367
2939 2941 1.0798415646307056
2939 2929 8.034840845916092
2940 151 5.405252145629399
2940 2921 3.8533149089430374
2941 2939 1.0798415646307056
2942 2939 2.1493529432789367
2943 2938 1.9114898894090453
2944 2938 1.094865565306317
2945 2927 0.8030477693512296
2946 567 4.439283949324709
2946 2938 5.960334975316336
2947 182 12.06175900589185
2948 224 2.4584660031123007
2949 150 2.4320812750764733
2949 2905 21.083949487500664
2950 232 10.886679122726768
2950 2961 7.493676338001822
2950 2957 5.515671502149078
2951 2952 1.4887844063215951
2951 2961 2.5497012415444176
2952 233 16.281439781936324
2953 2866 23.818631819185335
2953 890 6.939858839560681
2953 2594 2.372752109060865
2954 2955 3.1401436261010343
2955 2954 3.1401436261010343
2955 575 9.718378297426131
2955 2790 3.1043629768593717
2956 95 1.9465936338753635
2956 4128 1.7322793491827901
2957 2950 5.515671502149078
2958 4332 0.28359840533997427
2959 904 9.767056216301608
2959 2813 9.044075294691176
2959 230 7.894948084381734
2960 4163 0.8365184454681223
2960 191 26.900424764064372
2961 2950 7.493676338001822
2961 2952 2.178881006912657
2962 2839 3.3326032135917347
2962 4557 2.0468101174999993
2963 2793 13.309403556628448
2963 572 17.103510188375182
2964 67 10.263437439534162
2964 66 13.088099095682443
2964 2659 8.777353530950787
2965 3444 0.4899188930412962
2966 3630 5.233939138129061
2967 721 3.472534872263945
2968 2969 4.447496242221214
2969 2968 4.447496242221214
2969 570 3.3542462103251727
2969 571 2.3700067234147535
2970 225 2.123457824811309
2970 904 7.059614210268905
2971 2973 3.3300183252259896
2972 570 0.6916816087113087
2973 2971 3.3300183252259896
2973 722 16.34937566515693
2973 4567 7.156104925517342
2974 788 12.217405626256411
2974 669 11.062435420903592
2974 2975 5.951212772392663
2975 2979 12.021460835721202
2975 2974 5.951212772392663
2975 262 14.015694407734122
2976 2978 0.5109200918307765
2976 2979 4.692101454892688
2976 2977 0.9369269022869684
2977 2976 0.9369269022869684
2978 2976 0.5109200918307765
2979 2980 2.005575653139582
2979 2976 4.692101454892688
2979 2975 12.021460835721202
2980 2979 2.005575653139582
2981 2982 6.492499522667297
2981 169 13.504800412443542
2981 669 2.920443321787919
2982 2981 6.492499522667297
2983 3006 10.668768187661497
2983 169 6.809796737979372
2983 4363 10.048479342278142
2984 786 0.7451348223167479
2985 786 0.9009495997549519
2986 2988 1.3813735692230673
2987 2988 1.1714195982940043
2988 2986 1.3813735692230673
2988 2987 1.1714195982940043
2988 2989 3.1543343733433313
2989 2988 3.1543343733433313
2989 44 8.572271021537576
2989 785 6.812283655829838
2990 4239 12.632568198461662
2990 262 16.41482182824927
2990 44 7.929803060466945
2991 2992 3.599934525488953
2991 261 8.567945450703121
2991 262 9.213664038004255
2992 2993 1.352850879082492
2992 2991 3.599934525488953
2992 2994 1.8006943235365167
2993 2992 1.352850879082492
2994 2992 1.8006943235365167
2995 168 5.908471746185855
2996 2997 9.605210301668501
2996 2998 0.24221494914014993
2996 168 5.171854596403667
2997 2996 9.605210301668501
2998 2996 0.24221494914014993
2998 4411 5.946807768416644
2998 4759 9.34411542870508
2999 4411 11.284702563500668
3000 3017 2.3333691657169044
3000 3002 4.061862475510514
3000 44 9.58367747179043
3001 4531 1.4642021283953754
3001 3002 2.080259047609009
3002 3000 4.061862475510513
3002 3001 2.080259047609009
3003 3004 3.874630120601244
3003 168 11.370301321919978
3003 261 6.192559513493439
3004 3003 3.874630120601244
3005 4654 6.0672025945560595
3005 649 6.262391637072837
3005 261 5.543177997000517
3006 261 8.920810212555452
3006 2983 10.668768187661495
3006 3008 5.257726087440118
3007 3010 4.779073319997324
3007 4652 8.362456233823119
3007 3009 6.2288107520819045
3008 3009 0.4055005823395714
3008 4654 5.039812788850606
3008 3006 5.257726087440118
3009 3008 0.4055005823395714
3009 3007 6.2288107520819045
3009 3018 12.664133274064437
3010 3007 4.779073319997324
3010 4184 17.508232141954206
3010 3011 2.5892787493400626
3011 3010 2.5892787493400626
3012 3013 0.6643966206203795
3013 3012 0.6643966206203795
3013 3014 0.7365649196726729
3013 637 10.36034916299168
3014 3013 0.7365649196726729
3015 649 3.663891712115757
3015 234 4.141054126307866
3015 3016 2.9663790617898065
3016 3015 2.9663790617898065
3017 3000 2.3333691657169044
3017 16 2.5867484963436076
3018 3009 12.664133274064437
3019 1533 0.9730200725828033
3020 17 2.6323269562658247
3020 18 3.3261633804722446
3020 223 22.8212953032549
3021 3969 0.37147476856740075
3021 3702 5.649930257906145
3022 3403 11.718473346933429
3023 4086 6.437160690550504
3023 4093 25.634459656361837
3023 818 9.579077450491084
3024 3025 14.437670216704655
3024 4072 21.93537481698948
3024 4086 9.952465615611501
3025 4023 4.830966002089099
3025 3027 7.936979375778855
3025 3024 14.437670216704655
3026 4061 7.380362339578003
3026 4072 6.7514314376986215
3026 3027 20.768082184553652
3026 4066 20.804848398894748
3027 3025 7.936979375778855
3027 4062 6.190101812977506
3027 3026 20.768082184553656
3028 4419 0.9804580128061829
3028 4420 4.8003391635921595
3028 3032 1.4860323279187908
3029 3030 2.2140780791462826
3030 3029 2.2140780791462826
3030 3036 3.8461277527722966
3030 4420 2.6551839797735384
3031 3032 14.357613115341962
3031 81 3.1414101877900555
3031 82 4.6732909629015955
3032 81 17.98415041184213
3032 3031 14.357613115341962
3032 3028 1.4860323279187908
3033 3034 0.8552112287832109
3034 3033 0.8552112287832109
3034 3035 4.946930762360303
3034 82 3.837405904522455
3035 3034 4.946930762360303
3036 3030 3.8461277527722966
3037 333 10.880465261817493
3037 334 4.449667320314714
3037 3038 4.865085876822403
3038 3040 4.265318506129541
3038 3037 4.865085876822403
3038 3039 7.579189527601039
3039 3038 7.579189527601039
3040 3041 4.230350595295955
3040 3082 0.964664716959217
3040 3038 4.265318506129541
3041 3040 4.230350595295955
3042 335 9.617232228965593
3042 333 8.404853450626822
3042 3045 8.970064436914875
3043 335 12.310418076806133
3043 125 2.20477949855138
3044 3043 3.257144342187919
3044 125 2.145955044395131
3045 3046 1.2311092634707614
3045 3047 1.1382265665116706
3045 3042 8.970064436914875
3046 3045 1.2311092634707614
3047 3045 1.1382265665116706
3048 2742 2.1661759804913867
3048 3081 6.630408209763156
3048 2749 7.070196706944572
3049 4611 1.2364894796615793
3050 3051 9.180561057051145
3050 109 3.900502321012031
3050 2761 10.570017547901848
3051 3052 1.478732990039871
3051 3053 1.3771815895820614
3051 3050 9.180561057051145
3052 3051 1.478732990039871
3053 3051 1.3771815895820614
3054 3055 3.804080797199257
3054 4759 2.2354273108420877
3054 109 3.781897426114513
3055 3054 3.8040807971992563
3056 3057 0.9666967762946804
3056 4547 11.784674754530835
3057 3056 0.9666967762946804
3057 3057 12.45830112327489
3058 2764 0.4818832532242335
3058 3059 6.8876485002335315
3058 2763 8.356140646513754
3059 3058 6.887648500233531
3060 4629 9.374732137069797
3060 2764 11.928474142815606
3060 3062 13.996853414875185
3061 4629 4.3476947504137415
3062 3060 13.996853414875185
3063 4395 1.1528850569508249
3064 3474 1.3717621144397805
3064 4407 2.7766459610119085
3065 2763 7.674192420294918
3065 47 4.470681666252132
3065 4407 21.311990981907183
3066 3067 15.889278756391166
3066 3492 2.043563746314908
3066 3472 3.2114087570173324
3067 3069 5.348534645499497
3067 47 6.833884220309021
3068 407 8.902697015413985
3068 3069 1.9850496185994464
3069 3067 5.348534645499497
3069 3068 1.9850496185994464
3069 3070 1.800294905274868
3070 4515 6.383469321918968
3070 3072 4.179507630349648
3070 3069 1.800294905274868
3071 4515 1.0095966299416685
3072 3073 5.352383347076694
3072 3070 4.179507630349649
3072 3074 6.112687375238552
3073 3072 5.352383347076693
3074 3072 6.112687375238553
3075 283 2.7013844856936258
3075 121 2.6402171850854215
3075 3076 3.6956100505032534
3076 7 0.2751384473892679
3076 121 4.0609126171120815
3076 3075 3.695610050503254
3077 349 12.513568795185643
3077 123 2.473037429876959
3077 3078 8.08324854121822
3078 830 1.5877631145923963
3078 3083 2.4258814166770204
3078 3077 8.08324854121822
3079 353 0.739412838168281
3080 353 0.6418626494098195
3081 3048 6.630408209763157
3082 3040 0.964664716959217
3083 350 0.35244363347131064
3083 3078 2.4258814166770204
3083 122 5.834144151122572
3084 3086 1.2587843937796703
3085 4213 0.6389230141527904
3086 3084 1.2587843937796703
3086 406 3.338030770885842
3086 4238 6.661784446047461
3087 420 2.2605133580607566
3088 420 2.3790158956110217
3089 3091 2.186828328680554
3089 409 7.701839678304636
3089 410 7.394650738014525
3090 3091 2.4982788783690295
3091 3092 0.9536042868864729
3091 3089 2.186828328680554
3091 3090 2.4982788783690295
3092 3091 0.9536042868864729
3093 821 0.3623419128862518
3094 3096 10.288174906228837
3094 3095 14.794040778820865
3094 368 34.151345457621346
3095 3094 14.794040778820865
3096 3097 2.6931371893340463
3096 3098 4.713005519325366
3096 3094 10.288174906228837
3097 3096 2.6931371893340463
3098 3096 4.713005519325366
3099 3100 3.510869470548564
3100 15 1.650895622927808
3100 3099 3.510869470548564
3100 223 6.997501617880107
3101 366 3.1177209260190635
3101 3102 0.8640530497452549
3101 3103 1.1619002489099663
3102 3101 0.8640530497452549
3103 3101 1.1619002489099663
3104 3106 2.9434855466398098
3104 367 5.713298404054398
3104 366 6.58532244085388
3105 3106 1.4609531353147795
3106 3105 1.4609531353147795
3106 3104 2.9434855466398098
3106 3107 0.7967760355355866
3107 3106 0.7967760355355866
3108 3110 1.7811636338861245
3108 3109 2.308077396861417
3108 367 2.87433002090802
3109 3108 2.308077396861417
3110 3108 1.7811636338861245
3111 3112 2.3068352690906933
3111 362 4.1238834149794865
3111 367 5.4316153165796335
3112 3111 2.3068352690906933
3113 4607 1.2851471402903782
3113 3114 4.299721934920997
3113 365 20.009540737101915
3114 3113 4.299721934920997
3115 4607 2.4944080878545702
3115 363 1.7662489867442146
3115 3117 3.5912982221063183
3116 3117 1.101905662253882
3117 3116 1.101905662253882
3117 3115 3.5912982221063174
3117 3119 3.3045818440666563
3118 3119 0.7433933510549465
3119 3118 0.7433933510549465
3119 3117 3.304581844066656
3119 3120 1.0163952167696573
3120 3119 1.0163952167696573
3121 3122 1.3363273577742842
3122 3123 1.4038814897860208
3122 3121 1.3363273577742842
3122 364 4.177738591101877
3123 3122 1.4038814897860208
3124 3125 5.424624370505175
3124 3131 10.178508117173669
3124 15 10.294828941228868
3125 3127 20.532530262556982
3125 3124 5.424624370505175
3125 3126 12.781027091384988
3126 3125 12.781027091384988
3127 360 15.557498413915813
3127 3125 20.532530262556982
3127 3128 12.076852773788742
3128 3129 3.671430416738422
3128 3130 5.756925597866355
3128 3127 12.076852773788742
3129 3128 3.671430416738422
3130 3128 5.756925597866355
3130 3131 11.32571055527306
3130 3132 6.721801459342684
3131 222 6.572419017058528
3131 3130 11.32571055527306
3131 3244 25.34435981138051
3131 3124 10.178508117173669
3132 3130 6.721801459342684
3132 360 9.195065891281352
3132 3134 8.789021821768658
3133 3134 4.946268449817481
3133 3136 8.291647430266458
3134 3133 4.946268449817481
3134 3132 8.789021821768657
3135 3136 3.381320451182486
3136 358 10.78533898155372
3136 3135 3.381320451182486
3136 3133 8.291647430266456
3137 3138 1.196058396021674
3137 3139 1.6039864368843648
3137 359 4.504934108486684
3138 3137 1.196058396021674
3139 3140 1.0544642799880504
3139 3141 2.5993540776346893
3139 3137 1.6039864368843648
3140 3139 1.0544642799880504
3141 3139 2.5993540776346893
3142 4323 1.9245476166264797
3142 3147 2.1651907996634567
3142 3143 8.960144152363624
3143 3142 8.960144152363625
3144 357 6.407627199428458
3145 441 19.309254992834838
3146 359 2.835320950372896
3147 3142 2.1651907996634567
3148 3150 2.1787105296477156
3148 235 3.54900478153803
3149 3150 0.8239777225256324
3150 3149 0.8239777225256324
3150 3151 2.389969596629898
3150 3148 2.1787105296477156
3151 3150 2.389969596629898
3152 235 36.67028255050523
3152 3604 29.735974144301323
3152 3164 19.38025198265216
3153 3164 3.490505353556146
3153 3161 2.6310571206595945
3153 235 7.4581104677447865
3154 3155 0.7370214723326084
3155 3154 0.7370214723326084
3155 3168 0.5032396675034664
3155 3156 0.5765481491894062
3156 3155 0.5765481491894062
3157 3158 7.752561688795567
3157 235 4.0053880988516015
3157 3159 3.7264632488816534
3158 20 29.987956596269115
3158 3157 7.752561688795567
3158 3174 8.031296366357617
3159 3157 3.7264632488816534
3160 3170 4.670322551497306
3160 3174 3.8115779677635793
3161 3162 0.7726388623446412
3161 3163 1.7526704384343321
3161 3153 2.6310571206595945
3162 3161 0.7726388623446412
3163 3161 1.7526704384343321
3164 3153 3.490505353556146
3164 3168 2.1536992037405462
3164 3152 19.38025198265216
3165 3166 0.5481457367768695
3166 3167 0.6342012655045208
3166 3165 0.5481457367768695
3166 3168 4.466106170068605
3167 3166 0.6342012655045208
3168 3155 0.5032396675034664
3168 3166 4.466106170068605
3168 3164 2.1536992037405462
3169 3173 0.6889419321110513
3169 3174 4.717789978112193
3170 3171 0.7288172337571354
3170 3160 4.670322551497306
3170 3172 0.9931708135992795
3171 3170 0.7288172337571354
3172 3170 0.9931708135992795
3173 3169 0.6889419321110513
3174 3169 4.717789978112193
3174 3158 8.031296366357617
3174 3160 3.8115779677635793
3175 3248 1.0254125346397662
3175 855 3.1596046775299516
3176 4762 9.269835880222617
3176 3179 5.568703402917122
3176 3177 11.617386463635654
3177 3178 1.161582738076746
3177 3176 11.617386463635656
3177 3181 8.171761135147072
3178 3177 1.161582738076746
3179 3182 6.474459303226597
3179 3176 5.568703402917122
3179 223 20.955310605230753
3180 3182 0.9485355917251289
3181 3177 8.17176113514707
3182 3180 0.9485355917251289
3182 3179 6.474459303226597
3182 3183 1.4062895296157027
3183 3182 1.4062895296157027
3184 3185 3.946048617211814
3185 221 4.088526808742873
3185 3186 6.398466741526084
3185 3184 3.946048617211814
3186 3185 6.398466741526084
3186 3189 8.59863132831207
3186 3187 5.965159948556973
3187 3194 2.3472010472878986
3187 380 6.6546557421507195
3187 3186 5.965159948556973
3188 3189 16.249525446538726
3188 4440 16.87017367510252
3188 3194 26.220121748261974
3189 3186 8.59863132831207
3189 3188 16.249525446538726
3189 3194 6.116174721579409
3190 4745 0.09992286362984582
3190 4440 1.8163744439016443
3190 4439 6.893200464687344
3191 3192 8.772527557966152
3192 4432 1.8416462083010383
3192 388 3.2798870340285533
3192 3191 8.77252755796615
3193 3197 4.308523111276078
3193 4507 5.351542427887068
3193 4509 5.214376384845622
3194 3187 2.3472010472878986
3194 3188 26.22012174826196
3194 3189 6.11617472157941
3195 3196 4.372066474497923
3196 3195 4.372066474497923
3196 388 7.509995323622216
3196 382 7.687475132232269
3197 3193 4.308523111276078
3197 4750 2.0030020041314076
3197 4751 1.833966028220047
3198 3201 4.633282588887757
3198 3207 9.115358946470899
3198 3203 8.836547452778087
3198 3199 5.433139279023832
3199 3201 4.413163070471136
3199 3245 5.371135701711661
3199 3198 5.433139279023832
3200 380 21.24723366326795
3200 3202 6.1129434118614565
3200 219 11.917086905431285
3201 3198 4.633282588887757
3201 385 0.7003254293757267
3201 3199 4.413163070471136
3202 385 1.4835692423504045
3202 3200 6.1129434118614565
3203 3212 0.7537596042816055
3203 3208 8.412950392935661
3203 3198 8.836547452778087
3204 3205 0.6550845706506928
3205 4581 0.5784645275149649
3205 3204 0.6550845706506928
3205 381 3.7925786030452064
3206 390 0.7205876068594079
3207 3208 2.150088616124626
3207 3198 9.115358946470899
3208 3207 0.7064780528787985
3208 3203 8.412950392935661
3209 3215 5.7167577628605954
3209 4508 10.501795271019866
3209 3213 7.97096327195037
3209 3221 7.51363544639243
3210 3225 5.732334017240474
3210 3221 7.165145130111114
3210 0 5.470401778935664
3211 391 5.231730428878772
3211 4650 6.184630172134233
3211 3213 6.659533330297826
3212 3203 0.7537596042816055
3213 3217 12.28815385930545
3213 3209 7.97096327195037
3213 3211 6.659533330297826
3214 3215 11.93928774375119
3214 3217 4.912933158557872
3214 1 8.851445362930356
3215 3209 5.7167577628605954
3215 1 4.919714790206853
3215 3214 11.939287743751192
3215 3216 11.477772969424947
3216 3359 5.044334875471118
3216 3369 3.3808187799249545
3216 3215 11.477772969424947
3217 3213 12.28815385930545
3217 4475 4.348281570211575
3217 3214 4.912933158557872
3218 3219 3.363492953063716
3219 3218 3.363492953063716
3219 3220 2.864038376693574
3219 387 4.302985882854925
3220 3219 2.864038376693574
3221 387 7.171616754111262
3221 3209 7.51363544639243
3221 3210 7.165145130111114
3222 3223 0.7712908516186574
3223 386 1.6006532344073174
3223 387 5.536454240666937
3223 3222 0.7712908516186574
3224 3226 8.946224127453611
3225 3210 5.7323340172404755
3226 3224 8.946224127453613
3226 12 3.8213194877201864
3226 389 7.819194069891187
3227 3228 3.545749488868766
3227 3230 5.200260323209671
3227 220 24.89139045237218
3228 219 1.6675521945767908
3228 3227 3.545749488868766
3228 3229 12.886661952003903
3229 3233 15.801585011564496
3229 3228 12.886661952003903
3229 4732 6.448039451667125
3229 3230 8.851940700804978
3230 3227 5.200260323209671
3230 220 7.972533572354796
3230 3229 8.851940700804978
3231 217 3.085551744972642
3231 219 4.175566058072436
3231 3232 11.660669441797355
3232 3231 11.660669441797353
3233 220 2.537813859225236
3233 222 5.008513309968006
3233 3229 15.801585011564493
3234 3235 3.286922527443357
3235 387 6.577502131922972
3235 3234 3.286922527443357
3235 4510 2.5973447908975924
3236 3093 1.7209825483413288
3236 393 6.12829741489471
3237 3239 4.086378444034592
3237 3240 2.637946074134367
3238 3241 4.322149793329272
3238 3237 1.7336841670649954
3239 107 1.6265312462650983
3240 3239 1.7216469305582733
3241 3240 1.007088252524809
3242 3241 0.5786049688775051
3242 0 5.777188597750356
3243 824 0.2734666446455904
3244 3243 2.5393828528350646
3244 3131 25.34435981138051
3245 3199 5.37113570171166
3246 3247 3.394621697946062
3246 3610 6.471846155862524
3247 4465 0.6298040253198561
3247 3246 3.394621697946062
3248 3175 1.0254125346397662
3248 3254 9.22690376399997
3248 3249 5.40638974879236
3249 3251 6.366546256317582
3249 3253 5.7366393714174855
3249 3248 5.40638974879236
3250 3251 1.181475895167253
3251 3250 1.181475895167253
3251 3249 6.366546256317582
3251 3252 1.6543768749901355
3252 3251 1.6543768749901355
3253 3249 5.7366393714174855
3254 3255 18.040645790535468
3254 3248 9.22690376399997
3254 3258 1.8497192940481242
3255 3257 9.766763547098734
3255 3256 5.766131167799174
3255 3254 18.040645790535464
3256 3255 5.766131167799174
3257 3255 9.766763547098734
3258 3254 1.8497192940481242
3259 4096 1.7631220464809236
3260 3261 3.234842014321549
3260 171 1.495576001907792
3261 171 3.1788349590444387
3261 3946 5.440677098187637
3262 239 2.4789192910434976
3262 339 24.126086630655664
3263 238 2.181002066613319
3263 239 13.134355332048012
3263 3264 11.101444529498966
3264 3266 2.003057372554996
3264 173 9.639746828874147
3264 3263 11.101444529498965
3265 3266 0.6414024512116764
3266 3267 0.8521253188125587
3266 3264 2.003057372554996
3266 3265 0.6414024512116764
3267 3266 0.8521253188125587
3268 3270 6.680045928986574
3268 173 5.524755121236498
3268 3279 9.266589912257038
3269 3270 1.5143374848976658
3270 3269 1.5143374848976658
3270 3271 0.6634274540115802
3270 3268 6.680045928986574
3271 3270 0.6634274540115802
3272 240 7.13647880051965
3273 3275 5.838879444803244
3274 3276 4.869074212971463
3275 241 2.569591712214054
3275 240 4.9049577560832365
3275 3273 5.838879444803246
3276 3277 3.408001300010975
3276 241 4.778456984619792
3276 3274 4.869074212971462
3277 3276 3.408001300010975
3277 258 12.553910264688444
3277 3282 9.109228290345934
3278 258 2.7308583801530495
3278 3814 14.74099933164713
3278 3288 1.9167798091709352
3279 3739 6.7419573554783705
3279 3268 9.266589912257038
3279 258 3.6478858675968997
3280 241 11.586432954541028
3280 3281 8.512699649293634
3280 3282 6.578249432294832
3281 3280 8.512699649293634
3281 3283 8.491996437664143
3281 237 20.218165282474637
3282 3284 6.996294969749957
3282 3277 9.109228290345934
3282 3280 6.578249432294832
3283 3284 14.723362730486556
3283 3287 8.96318082431082
3283 3281 8.491996437664143
3284 3286 8.859119765465072
3284 3282 6.996294969749957
3284 3283 14.723362730486556
3285 3286 4.378180814093543
3286 3285 4.378180814093543
3286 3284 8.859119765465072
3286 3287 14.766682594354936
3287 3286 14.766682594354936
3287 3294 11.310361924836304
3287 3283 8.96318082431082
3288 3289 8.474650467350687
3288 3278 1.9167798091709352
3288 3755 3.778495850709764
3289 3288 8.474650467350687
3290 3291 10.489570184500325
3290 3755 4.4354015261422
3290 3923 22.770386934452997
3291 3290 10.489570184500325
3292 3295 0.7832571068446407
3293 3295 0.8927353134758867
3294 3295 19.76960903699986
3294 3296 14.194436815905572
3294 3287 11.310361924836306
3295 3293 0.8927353134758867
3295 3292 0.7832571068446407
3295 3294 19.769609036999856
3296 242 15.178990077119877
3296 3294 14.194436815905572
3296 3297 2.3725831589462727
3297 3299 2.8554437165608295
3297 3296 2.3725831589462727
3297 3298 4.011474296452048
3298 3297 4.011474296452048
3299 3297 2.8554437165608295
3300 3302 12.324925739084073
3300 242 18.045518614916343
3300 3923 28.156202113155487
3301 3302 6.890780724596268
3301 3301 3.910751197495559
3302 3301 6.890780724596268
3302 3304 9.958960805813582
3302 3300 12.324925739084073
3303 3304 7.087634006917776
3303 3303 3.7391853884128654
3304 3303 7.087634006917776
3304 3308 10.217827645798774
3304 3302 9.958960805813582
3305 3307 1.1883952760372605
3305 3306 0.8743811898662499
3305 3308 7.808587118529959
3306 3305 0.8743811898662499
3307 3305 1.1883952760372605
3308 3310 5.191976577316322
3308 3304 10.217827645798774
3308 3305 7.808587118529959
3309 3310 1.8755876185593099
3310 3308 5.191976577316322
3310 3309 1.8755876185593099
3310 3314 10.739372308145104
3311 3312 0.9046721228227946
3312 3313 0.6616745350654167
3312 3311 0.9046721228227946
3312 3314 4.214615141144274
3313 3312 0.6616745350654167
3314 3330 15.242349515298594
3314 3310 10.739372308145104
3314 3312 4.214615141144274
3315 3316 9.64551292785172
3316 3315 9.645512927851719
3316 3320 5.774159610190189
3316 3326 10.248591830763086
3317 3319 1.4467614562026445
3317 3318 1.0059075455163555
3317 3320 6.190253664990045
3318 3317 1.0059075455163555
3319 3317 1.4467614562026445
3320 3324 6.906114859071722
3320 3316 5.77415961019019
3320 3317 6.190253664990045
3321 3323 0.8040136304849854
3321 3322 0.9308172879928193
3321 3324 7.813329130418231
3322 3321 0.9308172879928193
3323 3321 0.8040136304849854
3324 3325 4.307646041121099
3324 3320 6.906114859071721
3324 3321 7.813329130418231
3325 3324 4.307646041121099
3325 3926 7.382684489431845
3325 4445 2.595726960865323
3326 3316 10.248591830763088
3326 3330 1.8669608174991514
3326 3328 17.136534082996818
3327 3328 1.4362589959693288
3328 3327 1.4362589959693288
3328 3329 1.4040633345120497
3328 3326 17.136534082996814
3329 3328 1.4040633345120497
3330 3326 1.8669608174991514
3330 3331 9.191781791951346
3330 3314 15.242349515298594
3331 3330 9.191781791951346
3332 176 1.2413965653964745
3332 3460 2.8320950157448337
3332 3478 25.686293411461353
3333 3335 4.970669562092516
3333 3346 8.404279850198554
3333 165 4.87224512660492
3334 3335 2.1815132094213183
3335 3334 2.1815132094213183
3335 3333 4.970669562092516
3335 3338 3.2758795133842376
3336 3338 0.6832645879510244
3337 3338 1.1282318947784622
3338 3336 0.6832645879510244
3338 3337 1.1282318947784622
3338 3335 3.2758795133842376
3339 4473 3.729597001955545
3339 167 1.5748670730345338
3339 3340 8.783872294338034
3340 3339 8.783872294338034
3341 3342 0.6464405044891002
3342 3343 0.6447132653342286
3342 3341 0.6464405044891002
3342 166 12.835550566134081
3343 3342 0.6447132653342286
3344 3347 1.6396950853115562
3345 3347 1.4249927776638718
3346 3348 26.16959362531858
3346 3333 8.404279850198554
3346 3347 12.136172001449081
3347 3345 1.4249927776638718
3347 3344 1.6396950853115562
3347 3346 12.136172001449081
3348 3349 9.166883333182119
3348 3358 18.68789974031256
3348 3346 26.169593625318587
3349 3354 3.0662651608474825
3349 3350 7.936038666443511
3349 3348 9.166883333182119
3350 3352 1.0146861853108131
3350 3351 1.2190733853453348
3350 3349 7.936038666443511
3351 3350 1.2190733853453348
3352 3350 1.0146861853108131
3353 3354 8.873752736023032
3354 3349 3.0662651608474825
3354 3355 3.3312569799454224
3354 3353 8.873752736023029
3355 3354 3.3312569799454224
3356 3397 7.709209319941049
3356 3358 1.7125498092095786
3357 4483 5.097900121526558
3358 3357 1.1643569371918117
3358 164 0.391041410624309
3358 3348 18.687899740312563
3359 3373 6.942973443412444
3359 3216 5.044334875471118
3359 1 2.998167579362453
3360 3364 0.8472830106286399
3360 3363 1.2544657644910493
3360 3361 14.855055413967653
3361 3362 5.337196327798085
3361 3373 3.7714870288163977
3361 3360 14.855055413967653
3362 3365 1.3986123678832925
3362 3426 1.3462567283589306
3362 3361 5.337196327798084
3363 3360 1.2544657644910493
3364 3360 0.8472830106286399
3365 3362 1.3986123678832925
3366 3370 13.213868960022191
3367 3371 1.475454756063851
3368 3370 13.5786942606672
3369 3371 2.1277643083660136
3369 3216 3.3808187799249545
3369 0 1.7171214075233194
3370 3366 13.21386896002219
3370 87 10.62960765101922
3370 3368 13.5786942606672
3371 3367 1.475454756063851
3371 4717 3.396379588707001
3371 3369 2.1277643083660136
3372 3379 6.303636205368855
3373 3374 3.798058972590776
3373 3361 3.7714870288163977
3373 3359 6.942973443412445
3374 3377 0.6355155991001128
3374 3373 3.798058972590776
3374 4716 0.9233379333609715
3375 3378 7.554477957766264
3375 246 10.961958357262187
3375 4662 25.189177614022526
3376 4116 0.5788368584411786
3376 3379 28.80088911592492
3376 86 4.539188032123027
3377 3374 0.6355155991001128
3378 3382 6.661983022137706
3378 3375 7.554477957766264
3378 3384 5.981016601227102
3379 3372 6.303636205368855
3379 3380 1.5723794179605983
3379 3376 28.800889115924917
3380 3379 1.5723794179605983
3381 3388 2.9440239583497463
3382 3388 5.976801282413451
3382 3378 6.661983022137706
3382 3385 13.029405844987604
3383 3384 1.6265433878785207
3384 3383 1.6265433878785207
3384 4645 12.880389538971414
3384 3378 5.981016601227102
3385 3382 13.0294058449876
3385 3396 9.122639129057964
3385 3387 34.51253159409206
3386 3392 9.896533282357014
3387 347 14.520548712156337
3387 3385 34.51253159409205
3387 4606 2.4418906612567626
3388 3381 2.9440239583497463
3388 3394 9.592019881634622
3388 3382 5.976801282413452
3389 3390 0.760663054950446
3389 3391 0.7209493899488455
3389 3392 3.5689596176599028
3390 3389 0.760663054950446
3391 3389 0.7209493899488455
3392 3389 3.5689596176599037
3392 247 11.839312514509635
3392 3386 9.896533282357012
3393 3399 0.7200047145904012
3394 84 11.73377503987313
3394 3388 9.592019881634622
3394 3396 26.670620264125866
3395 3399 0.6239725195840581
3396 3403 12.698928518295373
3396 3394 26.670620264125866
3396 3385 9.122639129057964
3397 3356 7.709209319941049
3397 4099 7.4618199810082055
3397 3398 13.554032014558961
3398 4740 2.4480948889756102
3398 3397 13.554032014558965
3398 3399 2.4354076606575923
3399 3395 0.6239725195840581
3399 3393 0.7200047145904012
3399 3398 2.4354076606575923
3400 3401 2.990924392109708
3400 84 11.638037897832058
3401 3402 3.859709203977527
3402 4115 9.65949937684865
3403 3396 12.698928518295373
3403 4719 12.34827226611078
3403 3022 11.718473346933429
3404 3405 1.7444203907373772
3405 3404 1.7444203907373772
3405 3410 5.396825636707102
3406 3407 1.0040613173355697
3407 3406 1.0040613173355697
3407 3409 1.1249213526786084
3407 3411 13.902694465347475
3408 3410 19.029611366708487
3408 513 16.371353296744694
3408 4719 3.5872525671246946
3409 3407 1.1249213526786084
3410 3408 19.029611366708483
3410 3405 5.396825636707102
3410 3422 7.622164112919286
3411 3407 13.902694465347475
3411 4638 5.148344591433477
3411 347 9.657473729541989
3412 3419 0.6754679828943417
3412 3414 0.6443770818175947
3412 248 8.050703959519225
3413 3424 0.9003554810291926
3414 3412 0.6443770818175947
3415 3416 0.8521282745177704
3416 3417 0.7687341025873495
3416 3415 0.8521282745177704
3416 3418 10.099289543968778
3417 3416 0.7687341025873495
3418 3416 10.099289543968778
3418 346 6.586525988316922
3418 4286 8.626219295223608
3419 3412 0.6754679828943417
3420 4689 7.638679844540259
3420 3428 8.12458004265364
3420 346 6.412196481886524
3421 3422 2.41989581360368
3422 3421 2.41989581360368
3422 3424 13.989584994499102
3422 3410 7.622164112919286
3423 3424 1.517748176415389
3424 3423 1.517748176415389
3424 3413 0.9003554810291926
3424 3422 13.989584994499102
3425 3428 10.176137880901987
3426 3362 1.3462567283589306
3427 346 6.079457886003285
3428 3425 10.176137880901988
3428 3429 0.5904680416675653
3428 3420 8.12458004265364
3429 4498 7.215907111205338
3429 3428 0.5904680416675653
3430 4180 7.913868615022593
3430 4196 3.8377952290061557
3431 3432 4.903601843547862
3431 3468 1.7242849437220555
3432 3440 13.658279073537466
3432 4176 6.293195196507769
3433 3431 3.3475565989490943
3434 3435 4.701318288818932
3434 4565 7.506824254869403
3434 3439 9.135002966572038
3435 3434 4.701318288818932
3436 3064 1.6132896676950093
3436 3445 11.498060666131822
3437 3471 3.0570315355177917
3437 208 6.879125444291735
3437 3568 3.937674049113983
3438 208 15.857069040641235
3438 3466 5.82883957721338
3438 3451 6.309646519535122
3439 4178 2.7915649782842515
3439 3434 9.135002966572037
3440 3432 13.658279073537466
3440 4277 7.962063857687162
3440 3454 7.747440600692344
3441 3567 2.081136794179318
3441 50 2.041446955307254
3442 49 4.055032271362973
3442 4181 7.857216539682372
3443 3446 2.928646879762624
3444 2804 13.948009828437355
3444 4547 2.059668774765901
3445 3436 11.498060666131822
3446 3448 0.647205513464068
3446 3443 2.928646879762624
3446 3467 2.937011198947151
3447 880 3.7589063877029187
3448 3446 0.647205513464068
3449 3433 3.9719247642047715
3449 4179 3.920167104509531
3450 3717 0.34217157248257335
3450 3479 17.69722572857345
3450 3719 3.7918817473539077
3451 3438 6.309646519535122
3451 3447 2.5667745243090487
3452 3465 1.2062750904380282
3453 3451 4.085290189544598
3453 3447 3.5476928645399775
3454 3440 7.747440600692345
3454 3436 5.423275252499587
3455 3456 3.93754177024209
3455 4715 6.02648645953935
3455 3466 5.001071479670665
3456 4278 4.15913246855024
3456 3465 5.937260669241116
3456 3455 3.93754177024209
3457 3465 1.6318704466876788
3458 2769 6.415111392969951
3459 4502 1.4550373866931288
3459 875 24.35036281985536
3459 177 4.645437882935485
3460 878 25.117526613702896
3460 177 2.4602934281068998
3460 3332 2.8320950157448337
3461 2771 3.40410522624803
3462 338 1.1493114007080993
3462 858 13.707459216720618
3462 4619 4.160053704211545
3463 3486 4.288783357463083
3464 3467 0.4792969588541246
3465 3452 1.2062750904380282
3465 3457 1.6318704466876788
3465 3456 5.937260669241116
3466 3455 5.001071479670665
3466 3438 5.828839577213379
3467 3464 0.4792969588541246
3467 3446 2.93701119894715
3467 2770 3.243681217626396
3468 3431 1.7242849437220555
3469 3487 7.914386730064073
3470 4179 0.3739242713125892
3471 3437 3.0570315355177917
3471 3471 3.2879411773220815
3472 4182 2.8400519343502824
3472 3066 3.2114087570173324
3473 3473 2.6780325174669386
3473 2767 6.547236883554394
3474 4182 2.621976917237404
3474 3472 4.647283220594678
3475 3488 2.529181345018913
3476 3547 14.294487152263155
3477 3519 8.989612549220588
3477 3521 17.577838929803175
3477 862 24.625411111760013
3478 3482 6.057094769446459
3478 3332 25.686293411461357
3478 4198 13.239464719156832
3479 4514 4.927916325111774
3479 3482 6.377626618276554
3479 3450 17.69722572857345
3480 343 7.0074244715874325
3481 157 1.4708050404562045
3482 3479 6.377626618276554
3482 3478 6.057094769446459
3482 4502 18.19067015206131
3483 3533 23.481133567271808
3483 3492 4.475518239529571
3483 5 5.509908733453368
3484 859 1.1311367712787301
3484 3486 1.048724229295777
3484 339 7.440746552028853
3485 836 4.686573206301232
3486 3484 1.048724229295777
3486 3463 4.288783357463083
3486 3533 7.2000946838161575
3487 3469 7.914386730064073
3487 3489 3.4175020128365934
3487 341 16.56268021181377
3488 3490 0.49058923626509515
3488 3495 3.6511160770114164
3488 3475 2.529181345018913
3489 3487 3.4175020128365934
3489 342 3.823571342352333
3489 341 9.831084413021966
3490 3488 0.49058923626509515
3491 860 34.396841273144055
3491 5 5.325672143137206
3491 4 4.694847637241603
3492 3066 2.043563746314908
3492 3483 4.475518239529572
3493 3510 3.10138360909216
3493 3545 10.259477731474622
3493 3497 3.562687937012218
3494 3513 0.9488678573419008
3495 3488 3.6511160770114164
3495 345 11.300713241778718
3495 3497 14.924766424360248
3496 3498 4.937122535245964
3497 3566 14.990334643087396
3497 3495 14.924766424360248
3497 3493 3.562687937012218
3498 3496 4.937122535245964
3498 3501 7.130517770006744
3498 342 3.647216077050848
3499 3501 0.880545027884705
3499 3499 5.048086887814471
3500 3503 1.2185303285920857
3500 4718 0.8199701118133171
3500 3520 10.371464034300166
3501 3499 0.880545027884705
3501 3502 8.146684782547464
3501 3498 7.130517770006744
3502 861 6.951380573657534
3502 3501 8.146684782547464
3502 340 6.588553984049591
3503 3500 1.2185303285920857
3504 3509 8.249335531484958
3504 3506 7.839319209433195
3504 3507 12.0488993949984
3505 4692 17.27356125567743
3505 4 4.568196211189606
3505 3506 14.86470334546378
3506 3504 7.839319209433197
3506 3505 14.864703345463779
3506 144 5.372472970471839
3507 3504 12.0488993949984
3508 3517 6.904630261469202
3508 3518 6.491063631291517
3508 3578 27.726546106154988
3509 3504 8.249335531484958
3510 3493 3.10138360909216
3510 864 23.265261401734357
3510 865 15.258457689978863
3510 3566 9.601382607495507
3511 3513 0.9442783018093085
3512 3526 6.3086570264499775
3513 3511 0.9442783018093085
3513 3494 0.9488678573419008
3513 3526 1.6596159673857218
3514 3530 13.595012528086347
3514 345 8.90610952551126
3514 344 13.194731306462677
3515 3530 4.069545117564483
3516 3531 2.426716285504404
3516 3578 7.418669976208041
3516 3535 3.5590337293468344
3517 3508 6.904630261469202
3517 867 5.899596485527027
3517 3566 10.527926335618094
3518 3508 6.491063631291517
3519 3547 6.280572279583694
3519 344 18.812623374616468
3519 3477 8.989612549220588
3520 3547 8.447521305346138
3520 3500 10.371464034300168
3520 863 18.472613135766665
3521 344 7.430998290722507
3521 3477 17.577838929803175
3521 4285 8.801874836845155
3522 3525 5.01900799810472
3522 3538 5.24343101266366
3522 3601 2.964242249035874
3523 3530 0.8298330760414521
3524 3526 19.081342875127014
3524 867 8.1384471400691
3524 3549 3.8026285599998215
3525 3522 5.01900799810472
3526 3513 1.6596159673857218
3526 3524 19.081342875127014
3526 3512 6.308657026449977
3527 3528 1.017700543820846
3528 3527 1.017700543820846
3528 3532 0.9732386182713343
3528 3536 6.973401448343006
3529 3536 3.9071951203968394
3530 3523 0.8298330760414521
3530 3514 13.595012528086347
3530 3515 4.069545117564483
3531 3558 5.108784742198566
3531 3516 2.426716285504404
3531 3543 4.1764477489667655
3532 3528 0.9732386182713343
3533 3483 23.48113356727181
3533 3486 7.2000946838161575
3533 338 6.74241394513756
3534 3537 0.6836611842903182
3535 3570 0.503144623682369
3535 3541 0.5718128707593234
3535 3516 3.5590337293468344
3536 3528 6.973401448343006
3536 3529 3.9071951203968394
3536 3554 2.38303249798274
3537 3534 0.6836611842903182
3537 4721 0.7228222470756566
3537 3558 3.4512967412447804
3538 3522 5.24343101266366
3538 215 8.746698646443578
3538 13 14.057924845609213
3539 165 2.204526126312353
3539 3583 5.439607162280732
3539 246 31.899471854141474
3540 425 13.351668107747656
3541 3535 0.5718128707593234
3542 3546 0.5937159431288644
3543 3544 1.4210526279535514
3543 3561 0.2727744235039855
3543 3531 4.176447748966766
3544 3543 1.4210526279535514
3545 3493 10.259477731474622
3546 3551 1.4569037133932787
3546 3554 4.923373345285395
3546 3542 0.5937159431288644
3547 3520 8.447521305346138
3547 3519 6.280572279583694
3547 3476 14.294487152263155
3548 167 6.928695478966953
3549 3580 5.016774256147941
3549 3563 5.706886429008003
3549 3524 3.8026285599998215
3550 246 9.444500026601673
3550 247 1.8835036481628387
3550 3585 24.281892230226827
3551 3546 1.4569037133932787
3552 3591 3.0455008741103127
3552 3562 12.863752327723699
3552 3580 9.459291943274476
3553 3577 2.7667179046187593
3554 3546 4.923373345285395
3554 3536 2.38303249798274
3554 868 9.060014113307801
3555 868 0.2607102587017091
3555 3598 10.94401709566308
3555 869 15.51360619340419
3556 3563 1.3330910721056985
3557 3560 0.7756335985109565
3558 3537 3.4512967412447804
3558 3531 5.108784742198566
3558 4720 3.8120084057003476
3559 3571 3.746024367351816
3559 3578 9.620912660281062
3560 3572 0.661584899900349
3560 3557 0.7756335985109565
3560 3580 11.582240947176007
3561 3543 0.2727744235039855
3562 3552 12.863752327723697
3563 3556 1.3330910721056985
3563 3575 11.687361448358745
3563 3549 5.706886429008002
3564 259 1.181130361402135
3564 248 21.153746272349096
3565 410 0.24989966650185166
3565 425 10.355193203685268
3565 419 8.898387484324111
3566 3517 10.527926335618094
3566 3510 9.601382607495506
3566 3497 14.990334643087396
3567 4196 17.308478131921877
3567 98 31.184793997466908
3568 3437 3.937674049113983
3568 3715 3.077809594321886
3568 879 0.8955132718687108
3569 3571 1.6272235445720884
3569 3559 3.6571651044689184
3569 345 22.51942224153085
3570 3535 0.503144623682369
3571 3569 1.6272235445720884
3571 4286 17.742299834871936
3572 3560 0.661584899900349
3573 3581 6.093451804986847
3574 3589 12.939916878448487
3574 3579 29.218321097659857
3574 4211 4.7458770670268295
3575 3563 11.687361448358747
3576 3577 3.7749776266840804
3576 3579 12.826525277487276
3576 3589 22.650504066944357
3577 3553 2.7667179046187593
3577 3576 3.7749776266840804
3577 4659 5.179140109362654
3578 3516 7.418669976208039
3578 3559 9.620912660281062
3578 3508 27.726546106154988
3579 3581 8.807304015903094
3579 3574 29.218321097659857
3579 4207 5.922312099919845
3579 3576 12.826525277487276
3580 3560 11.582240947176007
3580 3549 5.016774256147941
3580 3552 9.459291943274474
3581 3579 8.807304015903094
3581 3573 6.093451804986847
3581 3587 35.43293348812329
3582 3589 10.106397647574171
3583 3584 3.4759224207483594
3583 3539 5.439607162280732
3584 3583 3.4759224207483594
3584 3585 14.16057676046831
3585 3584 14.16057676046831
3585 3550 24.281892230226827
3585 4207 5.576238704758362
3586 3598 10.572723253634473
3587 3581 35.432933488123275
3588 3588 26.31165005457705
3588 3601 6.927159403545323
3589 3582 10.106397647574171
3589 3576 22.650504066944354
3589 3574 12.939916878448487
3590 3594 3.6865863614798475
3590 4486 5.114378571746872
3590 869 27.520015242064556
3591 3552 3.0455008741103127
3592 866 4.238031047707588
3593 3599 1.805020509923064
3593 4486 1.2160745458686169
3593 3597 1.9215749903321202
3594 3590 3.6865863614798475
3595 3598 10.640664779106551
3596 3599 1.6991579071261615
3597 3593 1.9215749903321202
3598 3586 10.572723253634475
3598 3555 10.94401709566308
3598 3595 10.640664779106551
3599 3593 1.805020509923064
3599 3596 1.6991579071261615
3599 4486 3.119861172149118
3600 3601 4.809356979342957
3601 3600 4.809356979342957
3601 3522 2.9642422490358737
3601 3588 6.927159403545324
3602 26 5.4532003604156944
3603 783 0.6823590616461789
3604 3152 29.735974144301323
3604 745 11.17790988666785
3604 2355 12.056663114672382
3605 3606 0.6955317802475446
3605 863 0.7020412406306485
3605 862 17.620199461960933
3606 3605 0.6955317802475446
3607 903 0.7993709521244139
3607 1266 21.902221646862518
3608 4480 8.363447544657928
3608 3609 3.1310329018363445
3609 4749 9.81606729265254
3609 3608 3.1053713263217904
3610 107 3.936194363466805
3610 3246 6.471846155862524
3611 979 4.026939330460723
3612 60 4.065431546192099
3613 61 0.7419415808379888
3613 643 0.5492156666493216
3614 3616 1.302716547720087
3615 3616 1.7443038619736377
3616 3615 1.7443038619736377
3616 3617 19.78504034503749
3616 3614 1.302716547720087
3617 3616 19.78504034503749
3617 3620 14.817579959850018
3618 3619 2.185344133879414
3619 66 4.665745469510497
3619 65 1.5523356632645093
3620 64 3.3024246555073953
3621 850 2.1047600459181814
3621 3622 3.0937995260338704
3622 3621 3.0937995260338704
3623 3621 3.585981937446348
3623 4343 6.670058328548206
3624 3625 0.4162210242991973
3625 3626 0.5982338913263157
3625 3624 0.4162210242991973
3625 4343 4.037552224029328
3626 3625 0.5982338913263157
3627 3644 0.4724589560460563
3627 3628 22.464466159475734
3628 4603 11.800786167943846
3628 3629 9.002057700489807
3628 3627 22.464466159475737
3629 3646 1.2310852027428119
3629 3644 16.464732185016317
3629 3628 9.002057700489809
3630 849 2.0350866678480553
3630 3631 2.197837665838832
3631 4603 2.3965046494115283
3631 849 2.060026312646714
3632 850 8.267467436377299
3632 891 4.877423644637749
3633 76 2.4662922187374834
3633 3634 3.4992717619257805
3634 76 4.065490786333938
3634 80 5.1870066080811155
3635 3638 4.051281403367682
3635 4738 4.4353938915071245
3635 4343 14.175812268834841
3636 4738 0.7994128018346242
3637 3638 0.4489367491734313
3638 3639 0.5826272422642608
3638 3637 0.4489367491734313
3638 3635 4.051281403367681
3639 3638 0.5826272422642608
3640 4738 4.239669407022575
3641 252 1.3903949283892814
3641 845 13.35128799414523
3641 4703 20.706666098381298
3642 3650 7.1872568477874035
3642 77 5.599047325320078
3642 3643 4.0932519359387305
3643 269 16.415504983910406
3643 3642 4.0932519359387305
3643 883 3.460709555397418
3644 3627 0.4724589560460563
3644 3647 5.901250736915672
3644 3629 16.464732185016317
3645 3653 8.757396183778317
3645 3646 4.932247015805923
3645 3652 3.5228315303549445
3646 3629 1.2310852027428119
3646 3645 4.932247015805923
3646 78 11.667258940520936
3647 3649 1.06292685292616
3647 3648 0.5364725172047646
3647 3644 5.901250736915672
3648 3647 0.5364725172047646
3649 3647 1.06292685292616
3650 3642 7.1872568477874035
3651 884 1.0845684775070596
3651 3668 10.776594207936553
3651 4387 5.050335462999334
3652 4385 4.925135698586422
3652 269 14.070892870085842
3652 3645 3.5228315303549445
3653 3645 8.757396183778317
3654 4386 1.2249104767909145
3654 322 2.7881151978745766
3654 3665 7.076010951415386
3655 4392 0.8292854110889435
3655 4393 3.193269964261595
3655 324 1.2580580775435062
3656 3657 0.49466081242560456
3657 3658 0.4560691434719809
3657 3656 0.49466081242560456
3657 3664 5.90458251659029
3658 3657 0.4560691434719809
3659 3661 0.711235341368387
3659 3660 0.5986658440758144
3659 3667 13.44323116297432
3660 3659 0.5986658440758144
3661 3659 0.711235341368387
3662 3687 1.8217916282663387
3662 3664 5.659493949987182
3662 3663 1.5763725737030667
3663 3662 1.5763725737030667
3663 3687 2.507141304004045
3663 80 13.601748018937638
3664 3662 5.659493949987182
3664 891 12.495013268507241
3664 3657 5.904582516590291
3665 3654 7.076010951415384
3666 4350 21.716420947342336
3667 3659 13.44323116297432
3667 4350 11.252612798632947
3667 892 16.62966197016469
3668 3651 10.776594207936554
3668 3670 11.793187359779997
3668 4357 11.567889921097557
3669 92 4.26055902611451
3670 3668 11.793187359779997
3670 92 8.895059232949903
3670 316 5.301858559586987
3671 3672 1.761702775324085
3671 325 10.519932421940968
3671 3676 6.855766769168362
3672 318 1.1019527286034787
3672 3671 1.761702775324085
3672 324 11.379748148716336
3673 3674 2.3584168931740375
3674 3673 2.3584168931740375
3674 4518 3.3626051748541492
3674 317 2.200291460424899
3675 3677 6.817235399194893
3676 3671 6.855766769168362
3677 3675 6.817235399194893
3677 319 5.065636046236025
3677 326 10.447661558743663
3678 3679 7.618779290630453
3679 3680 0.24678139455673243
3679 3678 7.618779290630454
3679 319 5.72762243679887
3680 3679 0.24678139455673243
3680 4351 8.129610514028606
3680 328 4.681161273999778
3681 3682 1.4172278504874143
3682 3681 1.4172278504874143
3682 3684 2.713864501784494
3682 318 14.509111954883002
3683 3684 1.5903755584363544
3684 3683 1.5903755584363544
3684 319 8.8081058214999
3684 3682 2.7138645017844945
3685 81 0.5065377859712971
3685 3686 7.630139828956244
3685 80 8.212182157695546
3686 3685 7.630139828956243
3687 3662 1.8217916282663387
3687 892 10.63963785554826
3687 3663 2.507141304004046
3688 893 37.878030363322665
3689 844 4.640531377019355
3690 3691 0.687594562752161
3690 3692 0.9944089243928286
3690 3694 15.636164212063026
3691 3690 0.687594562752161
3692 3690 0.9944089243928286
3693 3694 4.937234312748929
3694 843 3.0448138191509084
3694 3693 4.937234312748928
3694 3690 15.636164212063024
3695 843 1.5109465425038873
3695 841 5.020056409265958
3695 3705 7.384777795668316
3696 327 0.1250547571178634
3696 4684 4.884414655095382
3696 3698 6.4293748330134735
3697 3699 1.7679216457998226
3698 3696 6.4293748330134735
3698 3703 13.550382869199074
3698 3699 6.755401349779879
3699 3697 1.7679216457998226
3699 3698 6.75540134977988
3699 3700 13.999992580776544
3700 3707 4.708837181302761
3700 3699 13.999992580776544
3700 3710 7.8316654300687745
3701 3706 6.481832772400323
3702 3708 4.73521655652521
3702 3021 5.649930257906145
3703 3706 7.765079702167844
3703 3705 2.758814129433699
3703 3698 13.550382869199074
3703 3707 6.68510114479714
3704 3706 2.518221549218955
3705 3703 2.758814129433699
3705 841 7.488237689404194
3706 3701 6.481832772400323
3706 3703 7.765079702167844
3706 3704 2.518221549218955
3707 3700 4.708837181302761
3707 3709 15.870990239464971
3707 3703 6.68510114479714
3708 3702 4.73521655652521
3708 837 6.050376360404232
3709 3707 15.870990239464971
3709 838 6.992555520541844
3709 840 11.396907689627255
3710 3700 7.8316654300687745
3710 3891 12.88419890925724
3710 3855 6.694375776802639
3711 554 2.4151132619709186
3712 3716 13.832875382895324
3712 876 1.1457601654033773
3712 208 3.451768358033013
3713 834 1.7467140115622384
3713 832 3.489000247222041
3714 3722 1.6582710012170834
3714 834 4.20880038882908
3715 879 2.9233639393995414
3716 3724 16.69993895069707
3716 3568 7.449027290213648
3717 3450 0.34217157248257335
3717 3720 22.645398384485706
3717 178 6.349588207915779
3718 877 4.280456628972642
3718 876 3.7279526504275573
3718 3725 28.932074396809885
3719 3721 23.622250362090984
3719 3450 3.7918817473539077
3719 4502 2.606297168007523
3720 3721 5.076437216420969
3720 877 8.64135860566694
3720 3717 22.6453983844857
3720 3727 26.26954436018127
3721 875 3.7926675815646393
3721 3720 5.076437216420968
3721 3719 23.622250362090988
3722 3714 1.6582710012170834
3722 4348 2.593500447172895
3723 3715 15.944651535310598
3723 4348 3.480899748627605
3723 3724 9.345075187123443
3724 3725 5.006598650342912
3724 3723 9.345075187123445
3725 3771 0.7369365772563782
3725 3718 28.932074396809885
3725 3724 5.006598650342912
3726 3727 8.280892773994431
3726 877 26.212122566266853
3726 3771 3.4185343615670223
3727 3726 8.280892773994431
3727 257 8.311373012280724
3727 3720 26.26954436018127
3728 878 23.32871408123498
3728 257 8.866671259767623
3728 3729 7.927897676585862
3729 3793 7.801276688735163
3729 3731 21.255329089941533
3729 3728 7.927897676585862
3729 3736 7.380116540939495
3730 3732 5.651898029741574
3730 3731 6.067432441754692
3730 3736 19.959866688695495
3731 3730 6.067432441754692
3731 878 7.0204057739412375
3731 4584 23.56865930347648
3731 3729 21.255329089941533
3732 3730 5.651898029741574
3732 3733 0.5652755929777974
3732 174 21.103548980364806
3733 3732 0.5652755929777974
3733 256 18.79604251550236
3733 3734 6.842894958802996
3734 255 18.43953225439323
3734 172 2.9232968686344427
3734 3733 6.842894958802997
3735 254 15.988327933797931
3735 172 8.535121024260485
3735 173 3.1812915287064785
3736 256 6.608075960890999
3736 3730 19.95986668869549
3736 3729 7.380116540939495
3737 254 5.531433190120292
3737 3802 10.886380753181236
3737 3739 6.937640505543442
3738 254 0.705599862054094
3738 3803 5.83266977893046
3738 255 7.412593363238414
3739 4723 3.9618631817344196
3739 3737 6.937640505543442
3739 3279 6.74195735547837
3740 3840 12.079661128273827
3740 3836 13.022871634213356
3740 96 28.936414266644952
3741 2851 5.828668102283252
3742 3861 0.34233994662611483
3742 3747 15.641634547229193
3742 3864 9.758055893619828
3743 3861 4.493531108899581
3744 3861 1.219714547834007
3745 3858 0.4872539341910173
3746 3747 2.219709442991692
3746 3858 9.582282276062926
3746 3856 9.166111956148473
3747 3746 2.219709442991692
3747 3742 15.641634547229195
3747 3750 8.877819861555306
3748 3856 0.6369053133710035
3749 3750 2.381000439075867
3749 845 1.6235609292015345
3749 3851 5.809105145349139
3750 3749 2.381000439075867
3750 3850 4.1312410846375185
3750 3747 8.877819861555306
3751 3849 0.6085813096740884
3752 3756 5.519018665390922
3752 3755 8.821018905848108
3752 3820 3.3773829794340644
3753 3820 0.7548102432960356
3754 3820 1.483457728556121
3755 3752 8.821018905848106
3755 3288 3.7784958507097643
3755 3290 4.4354015261422
3756 3752 5.519018665390922
3757 3764 11.049447179284368
3757 250 13.696525189837168
3757 249 7.4874339962349445
3758 3764 1.3028431753815277
3759 97 2.57164853054855
3759 2958 4.204335215182737
3760 3761 1.586676026931839
3760 96 4.94369739463457
3761 94 0.5677151807328571
3762 3764 0.48654291777763153
3763 3779 34.531978808308274
3763 3826 8.429098486900036
3763 96 1.9008130209008036
3764 3758 1.3028431753815277
3764 3762 0.48654291777763153
3764 3757 11.049447179284366
3765 250 5.010327182091837
3766 3768 11.088235112486664
3767 4351 0.1910282812816756
3767 3768 3.982358560857095
3767 252 4.095060580486786
3768 4703 11.84645776984536
3768 3767 3.982358560857095
3768 3766 11.088235112486664
3769 3770 8.351917434666452
3770 3776 2.1982300025339416
3770 3771 3.5880716328502555
3770 3769 8.35191743466645
3771 3770 3.5880716328502555
3771 3725 0.7369365772563782
3771 3726 3.4185343615670223
3772 3774 0.9607706352269431
3773 3774 0.9583970538006437
3774 3773 0.9583970538006437
3774 3772 0.9607706352269431
3774 3775 11.82399894070409
3775 3784 1.7974278242570012
3775 3777 3.947912487070757
3775 3774 11.823998940704092
3776 3770 2.1982300025339416
3776 3777 5.794971757880027
3776 3792 16.305284246520547
3777 3775 3.947912487070757
3777 3776 5.794971757880027
3777 4702 3.6328584268811897
3778 3779 3.928836303193079
3778 4471 3.4107093139573292
3778 2857 4.920721910503502
3779 3781 3.903431950217231
3779 3778 3.928836303193079
3779 3763 34.531978808308274
3780 3821 8.058087640139956
3780 3781 5.21848478997321
3780 3787 2.3928869521767995
3781 3779 3.903431950217231
3781 3782 0.8274248244423175
3781 3780 5.21848478997321
3782 3781 0.8274248244423175
3783 3785 0.24161752746512438
3783 3784 5.960280748370609
3783 3795 13.673486279168596
3784 3783 5.960280748370609
3784 3775 1.7974278242570012
3784 3792 16.30980062829136
3785 3783 0.24161752746512438
3785 3787 8.718500276307392
3785 4426 4.408570722296091
3786 3792 5.317660448057925
3787 3785 8.71850027630739
3787 3780 2.3928869521768
3787 3788 5.479391914273471
3788 3789 7.409530957155206
3788 3827 24.907616647985353
3788 3787 5.479391914273471
3789 3790 1.0791669915350148
3789 3791 0.8347836698206238
3789 3788 7.409530957155208
3790 3789 1.0791669915350148
3791 3789 0.8347836698206238
3792 3784 16.30980062829136
3792 3776 16.305284246520547
3792 3786 5.317660448057925
3793 3729 7.801276688735163
3793 3794 2.0854856091859273
3793 3800 9.830123142110805
3794 3793 2.0854856091859273
3794 4698 10.456921662508842
3794 874 15.245980497767166
3795 3783 13.673486279168598
3796 3798 0.8085045371884663
3797 3798 0.8524511260094342
3798 3796 0.8085045371884663
3798 3797 0.8524511260094342
3798 3799 12.737619025452535
3799 3807 3.9714800056924555
3799 3798 12.737619025452535
3799 3842 17.04983033668604
3800 3801 4.523299686853377
3800 3843 36.62749463354281
3800 3793 9.830123142110805
3801 3800 4.523299686853377
3802 3737 10.886380753181237
3803 3813 40.495687672046344
3803 3738 5.832669778930459
3803 3804 2.535812223853428
3804 3806 0.7141118470528566
3804 3805 0.6105921119959675
3804 3803 2.535812223853428
3805 3804 0.6105921119959675
3806 3804 0.7141118470528566
3807 3799 3.9714800056924555
3808 3809 2.8525201258459516
3809 3844 1.9108705458524375
3809 3819 8.305232729347184
3809 3808 2.8525201258459516
3810 3811 0.8408175399823196
3811 3812 0.7636596808323434
3811 3810 0.8408175399823196
3811 3813 2.1129470752477024
3812 3811 0.7636596808323434
3813 3814 7.19315044836949
3813 3803 40.49568767204633
3813 3811 2.1129470752477024
3814 3813 7.193150448369489
3814 3278 14.740999331647123
3814 3816 15.973056929334998
3815 3818 0.8256097514870602
3816 3818 3.8720145057774413
3816 3814 15.973056929334998
3816 3819 7.5893553032292695
3817 3818 1.1239617860018765
3818 3815 0.8256097514870602
3818 3816 3.8720145057774413
3818 3817 1.1239617860018765
3819 3816 7.589355303229268
3819 3846 40.534551879670374
3819 3809 8.305232729347184
3820 3754 1.483457728556121
3820 3753 0.7548102432960356
3820 3752 3.3773829794340644
3821 3823 1.626791147483729
3821 3822 0.8765413190259435
3821 3780 8.058087640139957
3822 3821 0.8765413190259435
3823 3821 1.626791147483729
3824 3826 8.760959978627774
3825 3827 22.01208128094876
3825 3825 11.031359308944701
3826 3824 8.760959978627776
3826 3763 8.429098486900036
3826 3827 6.108715733344423
3827 3826 6.108715733344423
3827 3825 22.01208128094876
3827 3788 24.907616647985353
3828 3829 2.1168703873846293
3829 3830 1.1126771259680266
3829 3828 2.1168703873846293
3829 3831 4.954343101702302
3830 3829 1.1126771259680266
3831 3829 4.954343101702302
3831 3832 11.162965693580865
3831 3835 22.58922022170052
3832 3835 1.3635636580477979
3832 3833 1.2640137935293119
3832 3831 11.162965693580867
3833 3839 0.8032018266272135
3833 3832 1.2640137935293119
3833 873 8.366076459852232
3834 873 1.3147014816831153
3834 3842 14.05506442158578
3834 874 43.98969743480925
3835 3832 1.3635636580477979
3835 3831 22.58922022170052
3836 3837 3.5192994778440743
3836 102 33.386575918082364
3836 3740 13.022871634213356
3837 3841 13.193571578997773
3837 3836 3.5192994778440743
3837 3840 17.11303830993442
3838 3835 0.8713115784542359
3840 3740 12.079661128273827
3840 3837 17.11303830993442
3840 4703 12.297493149635617
3841 3837 13.193571578997773
3842 3846 16.419447984091725
3842 3834 14.05506442158578
3842 3799 17.049830336686043
3843 3800 36.62749463354281
3843 3843 4.747873422837072
3844 3809 1.9108705458524375
3845 3846 6.711808695325537
3846 3819 40.534551879670374
3846 3842 16.419447984091722
3846 3845 6.711808695325537
3847 3849 0.5455616738354047
3848 3850 0.5253475934607049
3849 3751 0.6085813096740884
3849 3850 3.211864016172688
3849 3847 0.5455616738354047
3850 3849 3.211864016172688
3850 3750 4.1312410846375185
3850 3848 0.5253475934607049
3851 3855 6.326796572148516
3851 3853 3.511273707033083
3851 3749 5.809105145349139
3852 3853 0.5434531836231484
3853 3854 0.4895682880004657
3853 3852 0.5434531836231484
3853 3851 3.5112737070330824
3854 3853 0.4895682880004657
3855 3851 6.326796572148516
3855 3867 6.282529577962935
3855 3710 6.694375776802639
3856 3748 0.6369053133710035
3856 3860 0.41775159333816086
3856 3746 9.166111956148477
3857 3858 0.5122191759818058
3858 3745 0.4872539341910173
3858 3857 0.5122191759818058
3858 3746 9.582282276062926
3859 3862 8.223736495177564
3860 3856 0.41775159333816086
3861 3742 0.34233994662611483
3861 3744 1.219714547834007
3861 3743 4.493531108899581
3862 3863 12.50496243517171
3862 3868 11.583401378780984
3862 3859 8.223736495177564
3863 3862 12.504962435171707
3863 3879 7.842674183702125
3863 3873 12.951697489369957
3864 3742 9.758055893619828
3865 3866 0.926831575609368
3865 4675 1.5904372658260362
3865 3867 4.13071181073206
3866 3865 0.926831575609368
3867 3868 3.8118940773137733
3867 3855 6.282529577962935
3867 3865 4.13071181073206
3868 3862 11.583401378780984
3868 3867 3.8118940773137733
3868 3869 7.999635593952837
3869 3868 7.999635593952837
3869 3894 17.484996598466374
3869 3870 17.0575866999297
3870 3869 17.0575866999297
3871 3872 1.1377538448467721
3872 3871 1.1377538448467721
3872 3897 9.557453958921256
3872 3873 11.685516567404482
3873 3872 11.685516567404482
3873 3902 14.19395746595554
3873 3863 12.951697489369957
3874 3876 0.9847411992091972
3875 3876 1.0531976118016166
3876 3874 0.9847411992091972
3876 3875 1.0531976118016166
3876 3881 6.715014854020527
3877 3878 1.8575022339610145
3877 3882 2.625329362258571
3877 3880 6.952695953082553
3878 3877 1.8575022339610145
3879 3881 7.538788251927652
3879 3863 7.842674183702125
3879 3884 17.724576898089893
3880 3877 6.952695953082553
3880 3883 11.32237855452726
3880 3881 6.411517529546589
3881 3876 6.715014854020527
3881 3880 6.411517529546589
3881 3879 7.538788251927652
3882 3877 2.625329362258571
3883 3886 7.872648425892055
3883 3889 16.17157305353168
3883 3880 11.32237855452726
3884 3879 17.724576898089893
3885 3886 1.0056023971993884
3886 3887 3.7733964628232424
3886 3885 1.0056023971993884
3886 3883 7.872648425892055
3887 3886 3.7733964628232424
3888 3889 11.413277054272953
3889 3888 11.413277054272953
3889 3890 3.389761808001931
3889 3883 16.171573053531684
3890 3910 16.493506222513652
3890 3903 10.390009430572492
3890 3889 3.389761808001931
3891 3894 7.478712938121221
3891 3892 9.787784570314495
3891 3710 12.88419890925724
3892 253 14.688587238364898
3892 3891 9.787784570314495
3892 3893 0.8629660987740794
3893 3892 0.8629660987740794
3894 3869 17.48499659846637
3894 3895 4.499106944595779
3894 3891 7.478712938121219
3895 3896 1.4686961411844188
3895 3900 8.616743319976775
3895 3894 4.499106944595779
3896 3895 1.4686961411844188
3897 3898 1.0601367727891615
3897 4537 2.7596424490172486
3897 3872 9.557453958921256
3898 3897 1.0601367727891615
3899 3900 1.1928065192853616
3900 3899 1.1928065192853616
3900 3901 2.1435162629047277
3900 3895 8.616743319976775
3901 3900 2.1435162629047277
3902 3904 8.123091284218997
3902 3873 14.19395746595554
3902 3914 22.28184854702707
3903 3916 12.911344540651257
3903 3890 10.39000943057249
3903 3904 6.715183430527615
3904 3903 6.715183430527615
3904 3902 8.123091284218997
3904 3906 7.964663966650494
3905 3906 1.6006320323367713
3906 3907 1.1171238401609067
3906 3905 1.6006320323367713
3906 3904 7.964663966650494
3907 3906 1.1171238401609067
3908 3910 1.3415796903429893
3909 3910 1.1826809168223884
3910 3908 1.3415796903429893
3910 3909 1.1826809168223884
3910 3890 16.493506222513656
3911 3912 1.179757192245649
3912 3918 1.078103997077726
3912 3911 1.179757192245649
3912 3916 10.015859399265137
3913 3914 1.0761828503151056
3914 3915 1.2246773826266508
3914 3913 1.0761828503151056
3914 3902 22.281848547027078
3915 3914 1.2246773826266508
3916 3912 10.015859399265137
3916 3917 9.158198333116658
3916 3903 12.911344540651257
3917 3921 12.147637234518157
3917 3916 9.15819833311666
3917 3922 2.50626911654591
3918 3912 1.078103997077726
3919 3921 1.2921278700599372
3920 3921 0.8504136574888063
3921 3919 1.2921278700599372
3921 3920 0.8504136574888063
3921 3917 12.147637234518157
3922 103 9.725594937840208
3922 3917 2.50626911654591
3922 3975 8.908337216820865
3923 3300 28.156202113155487
3923 3290 22.770386934452997
3923 3925 8.22777845304776
3924 3928 5.521915504052755
3925 3926 3.062565807886022
3925 3928 17.73705468820532
3925 3923 8.22777845304776
3926 3925 3.062565807886022
3926 3930 3.9828622398837368
3926 3325 7.382684489431845
3927 3928 5.019781081976496
3928 3925 17.73705468820532
3928 3927 5.019781081976497
3928 3924 5.521915504052756
3929 3938 4.4103244856231205
3930 3931 4.049539406270441
3930 3926 3.982862239883736
3930 3933 5.873286014360198
3931 3930 4.049539406270441
3932 3935 1.4975372754746645
3932 3944 1.3971277407358822
3932 3939 10.931447361645947
3933 3934 3.90101632010264
3933 3930 5.873286014360198
3933 3938 5.733947716316702
3934 3933 3.90101632010264
3935 3932 1.4975372754746645
3936 3939 6.046615483095874
3936 3937 3.6514870801150505
3936 3938 3.782984274753061
3937 3936 3.6514870801150505
3938 3929 4.4103244856231205
3938 3933 5.733947716316702
3938 3936 3.782984274753061
3939 3941 7.388972225267632
3939 3932 10.931447361645949
3939 3936 6.046615483095874
3940 3941 0.7234521532865535
3941 3940 0.7234521532865535
3941 3942 0.7677980193790787
3941 3939 7.38897222526763
3942 3941 0.7677980193790787
3943 3951 16.6095769008559
3944 3932 1.3971277407358822
3945 3947 3.0743130808223924
3946 3949 11.788079530519342
3946 4445 6.074207970015157
3946 3261 5.440677098187637
3947 3945 3.0743130808223924
3947 3950 8.97545160293305
3947 3948 4.432956003686703
3948 3947 4.432956003686703
3949 3950 3.594069770122285
3949 3946 11.788079530519342
3949 3955 9.734322182302295
3950 3951 2.730969883742314
3950 3949 3.594069770122285
3950 3947 8.97545160293305
3951 3950 2.730969883742314
3951 3952 5.097338155421468
3951 3943 16.609576900855906
3952 3953 1.649364215596809
3952 3951 5.097338155421468
3952 3954 0.9469670320013555
3953 3952 1.649364215596809
3954 3952 0.9469670320013555
3955 3949 9.734322182302295
3956 2329 1.9218309479324676
3956 3975 13.911788869204601
3957 4536 1.7099678388223805
3958 2783 24.871713352442537
3958 77 7.326263321481046
3959 4505 7.736447824434289
3959 515 8.956668620499556
3960 679 5.281968494728984
3960 1364 10.021870996952247
3961 1502 0.5558233696925271
3961 1375 4.072191146217431
3962 679 10.768741601692374
3962 1507 2.310506583057224
3963 42 1.4715641204979206
3963 43 4.5180284647963935
3963 3964 2.178686307933349
3964 438 16.78680886428699
3964 42 1.974163888803697
3965 2490 14.843188116420938
3965 2505 4.255711496339864
3965 4090 3.5972231875630665
3966 32 2.3364868281964033
3966 1302 7.228616365033817
3967 31 4.150538335862308
3967 468 6.365536472397894
3968 29 0.7930801872085588
3968 1356 26.439476981867926
3968 196 4.18415697995281
3969 3021 0.37147476856740075
3970 3971 5.718095654203304
3971 3970 5.718095654203304
3971 139 6.740621268246713
3971 129 6.049133959669121
3972 835 0.7680505909197641
3972 139 0.527680490146355
3973 139 3.9226971405972466
3973 3972 3.781368088891741
3974 2931 1.5663082346824724
3974 2970 2.0277176495807083
3975 3985 6.482940805754586
3975 3922 8.908337216820865
3975 3956 13.911788869204603
3976 3978 1.209481689753502
3977 3978 1.0712971657580272
3978 3977 1.0712971657580272
3978 3986 6.198340023491357
3978 3976 1.209481689753502
3979 103 1.2576362267532888
3979 4496 32.37717680956237
3979 3980 1.5830932176788843
3980 103 1.5012573828058469
3980 3987 10.357182479213058
3981 4007 8.52531903300972
3981 3996 22.392882929397597
3981 4010 36.51845935544904
3981 3983 5.797339612970735
3982 3983 1.6772718460265956
3983 3984 1.6410273958699613
3983 3981 5.797339612970735
3983 3982 1.6772718460265956
3984 3983 1.6410273958699613
3985 3985 35.285106542574425
3985 3975 6.482940805754586
3986 3987 13.725546627025453
3986 3988 13.604658761830178
3986 3978 6.198340023491357
3987 3986 13.725546627025455
3987 3993 11.482005726094535
3987 3980 10.357182479213058
3988 3986 13.604658761830176
3988 3994 8.066378876356435
3988 3989 15.956875221791996
3989 4670 30.70939319991273
3989 3988 15.956875221791995
3989 3990 5.911846301065197
3990 4025 18.01162330498365
3990 3989 5.911846301065197
3990 4582 7.96872311511652
3991 4670 8.979077304821386
3992 4027 4.9490744669789555
3992 4657 6.826767251469638
3993 3994 7.754658906734605
3993 3995 14.935356586888627
3993 3987 11.482005726094533
3994 3988 8.066378876356435
3994 4582 14.908828177021075
3994 3993 7.754658906734605
3995 3997 4.295672001978844
3995 3999 7.9380558060764566
3995 3993 14.935356586888627
3996 3981 22.392882929397597
3996 3997 9.675849250005818
3996 4008 12.903839841400165
3997 3995 4.295672001978844
3997 3996 9.675849250005818
3997 4018 12.854192842810134
3998 4004 12.86759058352016
3998 4582 6.254608270165813
3998 3999 12.275635611252463
3999 4004 16.06303527416449
3999 3998 12.275635611252465
3999 3995 7.9380558060764566
4000 4003 5.138336026777354
4000 4582 8.852341215067018
4000 4026 9.054015355506175
4001 4003 0.9628581178404264
4002 4003 0.9628205860599538
4003 4002 0.9628205860599538
4003 4000 5.138336026777354
4003 4001 0.9628581178404264
4004 4005 9.26999884820581
4004 3998 12.867590583520158
4004 4026 17.381729284125253
4004 3999 16.063035274164495
4005 4004 9.26999884820581
4005 4030 11.760903580800141
4005 4019 8.540728825108284
4006 4643 14.751750363890288
4006 4007 6.544610562612142
4006 4008 8.957706239203748
4007 3981 8.52531903300972
4007 4009 7.949575786423796
4007 4006 6.544610562612142
4008 3996 12.903839841400165
4008 4018 8.520101471829802
4008 4006 8.957706239203748
4009 4010 5.244220006586703
4009 4016 9.266617085229054
4009 4007 7.949575786423796
4010 4009 5.244220006586703
4010 3981 36.518459355449046
4010 4078 6.667631882402537
4011 4016 5.4387209050067185
4011 4012 1.7124947062767981
4011 4017 1.654053821254141
4012 4011 1.7124947062767981
4013 4015 0.8494287319950813
4014 4015 1.0145939721406791
4015 4013 0.8494287319950813
4015 4014 1.0145939721406791
4015 4643 5.031279222553398
4016 4011 5.4387209050067185
4016 4021 12.085063357213297
4016 4009 9.266617085229054
4017 4011 1.654053821254141
4018 4020 15.408909503817185
4018 4008 8.520101471829802
4018 3997 12.854192842810136
4019 4020 5.8904453548708195
4019 4005 8.540728825108285
4019 4562 4.385278259692488
4020 4019 5.8904453548708195
4020 4018 15.408909503817185
4020 4023 16.06873317970266
4021 4022 8.234897332560214
4021 4024 9.290836051506858
4021 4016 12.085063357213297
4021 4643 8.136541262391205
4022 4080 5.425133054422306
4022 4082 11.68993879010116
4022 4021 8.234897332560214
4023 3025 4.830966002089099
4023 4024 8.059730179246328
4023 4020 16.06873317970266
4024 4082 19.810573025403652
4024 4023 8.059730179246328
4024 4021 9.290836051506858
4025 3990 18.01162330498365
4025 4028 8.822600538126288
4025 4026 7.619333245737082
4026 4004 17.38172928412525
4026 4025 7.619333245737082
4026 4000 9.054015355506175
4027 3992 4.949074466978955
4027 4028 3.155743738959806
4027 4037 5.132236805653771
4028 4029 5.268609054558007
4028 4027 3.155743738959806
4028 4025 8.822600538126288
4029 4028 5.268609054558007
4029 4040 8.259149850824567
4029 4031 11.225401646795316
4030 4005 11.760903580800141
4030 4032 2.6540228397712085
4031 4030 4.085893176356374
4031 4029 11.225401646795316
4032 4034 3.5852374284142847
4032 4031 4.062248213414781
4033 4034 7.614220378956726
4034 4032 3.5852374284142847
4034 4033 7.614220378956728
4034 4035 6.091443990600386
4035 4060 7.3657951498160426
4035 4058 14.925264504650611
4035 4034 6.091443990600386
4036 4042 1.3831346306818675
4037 4039 1.194326626710882
4037 4038 1.70061465141123
4037 4027 5.132236805653771
4038 4037 1.70061465141123
4039 4037 1.194326626710882
4040 4064 24.05660610117091
4040 4029 8.259149850824567
4040 4048 8.4370988519411
4041 4042 1.3678603246151206
4042 4041 1.3678603246151206
4042 4044 4.405495101994769
4042 4036 1.3831346306818675
4043 4046 1.4528066408899485
4044 4046 4.559237056721
4044 4042 4.405495101994769
4044 4048 8.785888579309844
4045 4046 1.5023138522103534
4046 4045 1.5023138522103534
4046 4044 4.559237056721
4046 4043 1.4528066408899485
4047 4049 1.2049834578180205
4048 4044 8.785888579309844
4048 4049 7.0923692970520475
4048 4040 8.4370988519411
4048 4680 5.909749745427351
4049 4047 1.2049834578180205
4049 4050 2.7848595117005486
4049 4048 7.0923692970520475
4050 4049 2.7848595117005486
4051 4054 7.082830231536677
4051 4680 2.4517019409604615
4051 4076 6.764289966186716
4052 4055 0.9589292332453163
4052 4053 0.9390906386576914
4052 4054 4.743966929732605
4053 4052 0.9390906386576914
4054 4051 7.082830231536677
4054 4063 8.86507296480501
4054 4052 4.743966929732605
4055 4052 0.9589292332453163
4056 4058 6.144860002287484
4056 4057 0.9979440483500194
4056 4059 0.9789990180738588
4057 4056 0.9979440483500194
4058 4056 6.144860002287484
4058 4035 14.92526450465061
4058 4062 8.972169909814982
4059 4056 0.9789990180738588
4060 4035 7.3657951498160426
4060 4064 7.862741857998865
4060 4061 9.716089424869535
4061 4062 7.6726593740107525
4061 4060 9.716089424869535
4061 3026 7.380362339578003
4062 3027 6.190101812977506
4062 4061 7.6726593740107525
4062 4058 8.972169909814982
4063 4064 4.932924314365591
4063 4054 8.86507296480501
4063 4066 8.558983689365178
4064 4063 4.932924314365591
4064 4060 7.862741857998865
4064 4040 24.056606101170914
4065 4067 1.1367558791966517
4065 4068 1.1766506126583165
4065 4066 6.226176660575064
4066 3026 20.804848398894755
4066 4063 8.558983689365178
4066 4065 6.226176660575063
4067 4065 1.1367558791966517
4068 4065 1.1766506126583165
4069 4070 0.9353493242184183
4069 4071 7.539674610307837
4069 4077 8.396532893235932
4070 4069 0.9353493242184183
4071 4069 7.539674610307837
4072 3026 6.751431437698621
4072 4073 13.40951318653054
4072 3024 21.935374816989484
4073 4077 22.8808582073291
4073 4087 22.245080840739778
4073 4072 13.409513186530539
4074 4075 1.441739026711282
4075 4076 12.387596758065833
4075 4074 1.441739026711282
4075 4676 6.973678267056897
4076 4075 12.38759675806583
4076 4051 6.764289966186715
4076 4077 12.935663695932238
4077 4073 22.8808582073291
4077 4069 8.396532893235934
4077 4076 12.93566369593224
4078 4091 0.5958519937028358
4078 4010 6.667631882402537
4078 4092 10.54785711964187
4079 4080 0.9376984045216449
4080 4081 0.989009077191963
4080 4022 5.425133054422306
4080 4079 0.9376984045216449
4081 4080 0.989009077191963
4082 4024 19.810573025403656
4082 4022 11.68993879010116
4082 4084 5.432660959332112
4083 4084 0.9809531988725695
4084 4083 0.9809531988725695
4084 4085 1.1740186153188146
4084 4082 5.432660959332112
4085 4084 1.1740186153188146
4086 4089 37.23117235174564
4086 3024 9.952465615611503
4086 3023 6.437160690550504
4087 4089 14.852374741990458
4087 4073 22.24508084073978
4088 4089 0.2629168169133742
4089 4088 0.2629168169133742
4089 4087 14.852374741990458
4089 4086 37.23117235174564
4090 117 1.243969139254933
4090 900 5.379719572084338
4091 4078 0.5958519937028358
4091 4497 29.084360374106335
4092 817 7.620127433206149
4092 4078 10.547857119641872
4093 3023 25.634459656361845
4094 4096 8.829278962222075
4095 4096 0.6743835626049614
4096 4095 0.6743835626049614
4096 4094 8.829278962222075
4096 3259 1.763122046480924
4097 87 0.6349266895733392
4098 4100 4.228210600202677
4099 84 0.3261892539529107
4099 4117 24.974322977463764
4099 3397 7.461819981008205
4100 4098 4.228210600202677
4100 4104 7.576607149442875
4100 4103 2.852180195789581
4101 4103 1.092964974516882
4102 4103 1.2936458985136923
4103 4101 1.092964974516882
4103 4102 1.2936458985136923
4103 4100 2.852180195789581
4104 4111 6.352540927745418
4104 4100 7.576607149442875
4104 4107 10.080417705271802
4105 4108 1.1026619191477232
4106 4108 1.5677109180717723
4107 4108 2.943426475389703
4107 4104 10.080417705271802
4107 4119 11.028299341748959
4108 4106 1.5677109180717723
4108 4105 1.1026619191477232
4108 4107 2.943426475389703
4109 4110 1.9268676635746829
4109 4112 5.8859566870579565
4109 4111 5.522766628046847
4110 4109 1.9268676635746829
4111 4109 5.522766628046847
4111 4113 5.48989289040311
4111 4104 6.352540927745418
4112 4109 5.8859566870579565
4113 4114 13.035034402359095
4113 4115 6.1530599111059
4113 4111 5.489892890403111
4114 4113 13.035034402359097
4115 4120 18.734795002041984
4115 3402 9.65949937684865
4115 4113 6.153059911105899
4116 3376 0.5788368584411786
4116 85 1.4590451785929444
4117 4099 24.974322977463768
4118 4120 12.789132507954035
4118 4119 13.158729959090255
4119 4107 11.028299341748957
4119 4118 13.158729959090255
4120 4118 12.789132507954035
4120 4115 18.734795002041977
4121 2332 19.153410215893057
4121 4477 39.03883404562072
4122 4628 5.720496755868041
4122 4479 2.0456176754471613
4123 898 13.964029571029236
4123 1506 2.8435072840111273
4124 1495 26.194760268850132
4124 4551 2.4913858919506717
4125 4126 2.7814588035872863
4125 1357 13.24144592275863
4126 1508 0.4887976806454272
4127 116 0.9084527615583391
4128 93 0.48206639930828954
4129 2914 0.8697030976678363
4129 4148 3.353319387729602
4130 4129 4.716046913878028
4130 4571 4.7232016129238295
4131 22 2.7608289752660116
4131 27 9.40678228137484
4132 4149 5.392870770034469
4132 4133 3.3599526615901025
4133 4554 0.42870624539285607
4134 24 9.079143987191275
4134 23 2.4976282878646794
4135 4134 2.9501455890391606
4135 23 2.1683267851361743
4136 823 0.36587971715907347
4137 4138 2.160296370809072
4137 4136 1.2482606148724862
4138 4136 1.945800069646032
4138 361 3.4089068479344165
4139 822 1.4703430695072428
4139 4504 3.510528911964684
4140 2400 0.9193053384470948
4141 4142 10.899644540951881
4141 4140 0.9992656952264168
4142 4140 10.746842629851601
4142 2449 14.577235391830012
4143 2465 20.185368168089838
4143 2435 8.515643978044324
4143 4144 10.123690003917739
4144 4143 10.123690003917737
4144 4460 2.1510323032389795
4145 1018 0.9491032305787447
4146 55 2.614180804485829
4146 2294 4.425489439580597
4147 2422 41.8982570507199
4148 4129 3.353319387729602
4149 4132 5.392870770034469
4149 619 7.726972309957657
4150 1207 0.8257002589933518
4151 4157 0.5718871261881786
4152 4157 3.970486542120324
4152 498 1.6395856939252125
4152 636 4.7298554462821025
4153 4157 0.8010415698924079
4154 4156 1.1217250795361011
4154 4155 1.430109839319489
4154 33 17.31678729587735
4155 4154 1.430109839319489
4156 4154 1.1217250795361011
4157 4151 0.5718871261881786
4157 4153 0.8010415698924079
4157 4152 3.9704865421203244
4158 2917 1.3062856597272567
4159 4160 3.1954542027864243
4160 4727 0.8071122583682505
4160 4159 3.1954542027864243
4160 1143 0.6721968031157385
4161 136 14.539134153503923
4161 227 3.823578417144733
4162 271 1.1498859364051968
4162 558 10.06245076522394
4163 141 0.7372463859521095
4163 4164 1.6622561122840214
4164 4165 2.9959349699359246
4165 4341 5.796202202893059
4165 2756 0.8657206662162795
4166 471 5.948750785081605
4167 610 8.795258967656922
4168 473 8.006463074291885
4169 1224 0.7428042757625994
4170 1224 0.8989248635877986
4171 1223 2.839540013787
4172 572 5.197874227277304
4172 4174 4.5485521283794474
4173 4174 1.443172170172023
4174 4173 1.443172170172023
4174 4175 3.339731076799327
4174 4172 4.5485521283794474
4175 4174 3.339731076799327
4176 3439 3.480043284601609
4176 4178 2.956475882855612
4177 157 1.0211757384234177
4178 3430 3.507720063063436
4179 3470 0.3739242713125892
4179 178 17.059979772613705
4179 3433 2.9510910985122023
4180 836 2.4850170661009345
4181 4180 6.02689742686042
4181 3442 7.85721653968237
4182 156 3.9305729679259205
4182 337 4.636649517192418
4183 529 6.282733044320239
4184 260 12.121745512864383
4184 169 9.577806361131938
4184 3010 17.508232141954206
4185 4186 0.7020924593067261
4185 4187 1.4789383800465645
4185 2004 9.922321883590973
4186 4185 0.7020924593067261
4187 4185 1.4789383800465645
4188 132 6.6866009517547145
4189 1411 0.24451887125210653
4189 1371 2.345862133207665
4189 778 36.75208946215489
4190 2639 1.5314330448393265
4191 593 1.9136714933373191
4192 4193 0.7744730890826925
4193 4192 0.7744730890826925
4193 4195 1.5307453919080012
4193 4194 6.69466815007288
4194 1639 0.21059276296903034
4194 4193 6.694668150072883
4194 1629 1.7211860601577076
4195 4193 1.5307453919080012
4196 4181 6.988790474229358
4197 4198 0.5042637535827464
4198 4197 0.5042637535827464
4198 177 5.380148514334647
4198 3478 13.239464719156832
4199 2306 0.8963417786979789
4200 2306 0.4445331393433366
4201 4204 1.7094401876823484
4201 4205 1.023803896854814
4201 4203 2.936128929267169
4201 4202 1.8207120446067775
4202 4201 1.8207120446067775
4203 4201 2.9361289292671695
4204 4201 1.7094401876823484
4205 4201 1.023803896854814
4205 11 1.5204600446954235
4205 10 2.869444195194243
4206 4209 1.2678225313984135
4207 3585 5.576238704758362
4207 3579 5.922312099919845
4207 4209 9.73056806073033
4208 4209 1.9007731814391204
4209 4208 1.9007731814391204
4209 4206 1.2678225313984135
4209 4207 9.73056806073033
4210 4211 2.3791805280574407
4211 4212 0.749880181681021
4211 4210 2.3791805280574407
4211 3574 4.745877067026829
4212 4211 0.749880181681021
4213 3085 0.6389230141527904
4213 4214 0.4581565669786626
4213 6 8.78365424804193
4214 4213 0.4581565669786626
4215 4216 1.7015543760447802
4216 4217 0.6843953305181134
4216 4215 1.7015543760447802
4216 4218 7.083654720593872
4217 4216 0.6843953305181134
4218 2811 9.232057945123481
4218 4216 7.083654720593872
4218 2814 40.25504608430528
4219 2351 12.035313907834876
4219 511 5.134021231643292
4220 4221 3.3512225891045464
4221 4220 3.3512225891045464
4221 272 4.590181333976126
4221 29 4.615326323604581
4222 2336 57.01525334877057
4222 4231 3.3090645265438257
4223 24 1.099102966041208
4223 4224 9.126059535973397
4223 25 7.712711763642203
4224 4223 9.126059535973395
4225 4226 2.692714506292518
4225 1477 5.8958507389338335
4225 1476 8.758726444643605
4226 4225 2.692714506292518
4226 4359 10.616184993658711
4226 4360 6.925580199488603
4227 4228 0.8560462709298471
4227 500 1.0300541953662836
4227 499 11.947261099770163
4228 4227 0.8560462709298471
4229 2858 0.6179445364524004
4230 2800 6.472044136710605
4231 4149 2.6115734684891154
4232 4231 1.2096818550519057
4232 4222 1.8321554752339102
4233 4544 1.9630866732623886
4233 106 28.677253166774737
4234 3956 2.225794708897727
4234 2329 2.149936962784971
4235 28 7.417837961329211
4235 3968 8.852774383191568
4236 447 0.5614004152196144
4236 470 8.076859129171822
4236 1320 8.023119459556842
4237 1259 6.075914214944128
4237 39 1.4134750942893843
4237 4534 0.40858811750979135
4238 412 5.340462352989941
4238 3 10.535471951652381
4238 3086 6.66178444604746
4239 2990 12.632568198461662
4240 611 0.9889678365003166
4241 611 0.7355274385070334
4242 4243 4.362876328751431
4243 4242 4.3628763287514305
4243 89 3.626898651197259
4243 561 3.3179666241198533
4244 1235 0.8287261097859837
4245 1235 0.7999108044368288
4246 1237 1.0109324329794165
4247 1146 1.5842053372733549
4248 4251 0.824668550326021
4249 4251 0.5566889746753361
4250 4251 5.550655216843323
4250 1113 5.940332709036912
4250 1169 30.501638302379384
4251 4249 0.5566889746753361
4251 4248 0.824668550326021
4251 4250 5.550655216843323
4252 805 0.9351424100550834
4253 806 6.938560573275917
4253 767 8.147457646935885
4253 4570 3.1884159753184567
4254 805 0.9921314685056775
4255 595 1.0036538227595313
4255 600 22.992888760246213
4255 594 6.731036368459438
4256 530 16.026456290755704
4256 509 18.84620419162987
4256 594 14.458220766919439
4256 508 4.762774559195712
4257 555 2.201046597763559
4257 544 14.490893947708068
4258 1095 2.0719379442333556
4258 544 10.091947108125296
4259 554 1.2580810757107461
4259 3711 2.1261630935794456
4260 1618 2.312507985061618
4260 1573 2.151367187178073
4261 1145 0.422271359635341
4262 1149 0.5584259826347179
4263 364 9.00962294454295
4264 616 3.0880152987174267
4265 901 30.022644891922862
4266 462 0.5195058039541208
4266 741 7.821526864004474
4266 489 9.269613789666025
4267 504 0.46074452772330626
4267 4476 12.724754885262096
4267 445 17.65216237205132
4268 2313 22.662671297597655
4269 2937 7.162945444701795
4270 333 13.314388702857443
4271 2861 5.868269614883124
4272 600 5.332050947417972
4273 2799 4.527791379989169
4274 2919 0.7112401820250509
4274 4383 17.891248848109782
4274 4275 1.3223959440967232
4275 4274 1.3223959440967232
4276 2765 0.9657417854606607
4276 2764 6.358573403715308
4276 4485 5.560901909886856
4277 3440 7.962063857687162
4278 4280 0.7995369287793808
4278 4279 1.352672859171388
4278 3456 4.15913246855024
4279 4278 1.352672859171388
4280 4278 0.7995369287793808
4281 4282 1.8155808982983062
4281 2583 6.637706264220404
4281 2585 8.322016201001261
4282 4283 0.7909540660110493
4282 4281 1.8155808982983062
4282 4284 0.4521284786758067
4283 4282 0.7909540660110493
4284 4282 0.4521284786758067
4285 237 0.49815101675316337
4285 238 5.499313259049771
4285 3521 8.801874836845151
4286 248 30.35762176574429
4286 3571 17.74229983487194
4286 3418 8.626219295223608
4286 242 15.84025474626742
4287 4526 0.5687893934875456
4287 2458 0.6061237913663428
4288 4287 3.0239007560699522
4288 4526 3.5011279517509317
4289 2458 3.3263014790977805
4289 1106 4.8471514198725085
4290 4293 1.555977623355709
4290 2224 15.514599815796657
4290 4291 1.2773995772651834
4291 2246 4.525739125349942
4291 2223 1.552077322163967
4291 4290 1.2773995772651836
4292 4294 1.0689924428146667
4292 4296 1.150971044339553
4292 4295 4.035803374743445
4293 2242 7.870774623391761
4293 2223 1.3033685173648
4293 4290 1.5559776233557088
4294 4292 1.0689924428146667
4295 2385 3.925680669491798
4295 4292 4.035803374743445
4295 2670 11.982477135826919
4296 4292 1.150971044339553
4297 617 0.6366479853270508
4298 623 1.1451879673473044
4299 617 0.9837671894211365
4300 1673 2.1350374191850134
4301 550 0.2668751018244686
4302 541 0.7821481883013804
4303 2704 3.9814985160488536
4304 4306 1.1957141561412234
4305 4306 1.4981880157942642
4306 4305 1.4981880157942642
4306 2214 5.451924640984181
4306 4304 1.1957141561412234
4307 4308 4.679468143305746
4308 205 2.3294382506239923
4308 4307 4.679468143305746
4309 2614 0.9407015870394247
4309 190 17.968589882166555
4309 4310 2.811049490433276
4310 4309 2.8110494904332755
4310 4310 7.86428447215174
4311 4312 10.454776044783177
4312 4469 1.7737140119973132
4312 4311 10.454776044783177
4313 4470 0.8316111282176613
4313 4471 1.0183300031190845
4314 4315 1.5959238128064035
4315 4314 1.5959238128064035
4315 4316 7.121274861044918
4315 2838 4.379174144973685
4316 4315 7.121274861044918
4317 613 0.630599219087552
4318 4319 1.0768690990214134
4318 522 4.255608425179193
4318 521 8.309121440657236
4319 4318 1.0768690990214134
4320 4321 1.4049638244323694
4320 4322 3.4934082242149844
4320 4325 1.8260239755765488
4321 4320 1.4049638244323694
4322 359 0.9063692045705313
4322 4320 3.4934082242149844
4322 360 11.12807866927285
4323 3142 1.9245476166264797
4323 357 7.094130809568138
4323 4324 3.3434562664235195
4324 4327 1.4109972494364853
4324 4326 1.1183776158263297
4324 4323 3.343456266423519
4325 4320 1.8260239755765488
4326 4324 1.1183776158263297
4327 4324 1.4109972494364853
4328 4759 2.549395981989584
4328 441 8.805899004602741
4329 1852 0.17443474810563384
4329 1847 0.726063128327949
4329 4330 0.6577865593496164
4330 4329 0.6577865593496164
4331 1950 0.5629504950444224
4332 3761 1.012762166594837
4332 3760 1.4184150762111702
4333 4334 0.6506746736913037
4334 1884 0.8292711312216806
4334 4333 0.6506746736913037
4334 1587 4.060424596156219
4335 1932 1.4724218388217187
4335 1931 2.32168459212073
4336 4337 0.6118233185724431
4336 4338 1.0145935144436011
4336 1577 4.2339552927308475
4337 4336 0.6118233185724431
4338 4336 1.0145935144436011
4339 2007 0.8849712764389872
4340 2000 0.8817364042274274
4341 4165 5.796202202893059
4341 2321 0.9680975619115405
4341 4342 0.56726106823071
4342 4341 0.56726106823071
4343 3623 6.670058328548206
4343 3625 4.037552224029328
4343 3635 14.175812268834846
4344 2935 8.59120637894039
4344 231 0.9683417916153948
4345 2726 12.83117789258788
4345 4467 1.5627293602375008
4346 4780 2.1826126440248275
4347 833 1.4161408470242376
4347 2857 7.411570666335736
4347 4780 13.134206707172421
4348 833 3.75855601932637
4348 3723 3.480899748627605
4349 3259 2.2423469220401437
4350 3666 21.71642094734234
4350 320 13.719116590908566
4350 3667 11.252612798632947
4351 3767 0.1910282812816756
4351 3680 8.129610514028608
4351 251 7.030336325782743
4352 78 2.825669773415722
4352 848 2.197317609150986
4353 194 11.085122939963787
4354 2787 1.62591481760358
4355 4356 2.774667839122212
4355 2695 7.667243501270667
4355 4742 14.35536979766698
4356 4355 2.774667839122212
4357 3668 11.567889921097555
4358 1397 5.451647432277964
4359 4226 10.616184993658711
4360 4226 6.925580199488603
4361 2927 3.149925066435215
4362 4363 1.2432544327597863
4363 4364 0.8119346338894539
4363 4362 1.2432544327597863
4363 2983 10.048479342278142
4364 4363 0.8119346338894539
4365 469 12.484594124753494
4366 2060 4.819958178722812
4366 631 6.333148821360008
4366 2058 5.471507632051487
4367 1454 3.891735265827277
4368 4369 6.752316970887107
4369 4368 6.752316970887107
4369 2777 0.744203179134579
4369 2775 2.0188514773853887
4370 1411 16.64323316142422
4370 1409 19.727155199082105
4370 4374 3.9009795452739233
4371 4372 0.9211608164213592
4372 4371 0.9211608164213592
4372 4375 2.4822171949523932
4372 4377 4.931886665748756
4373 4374 1.0217061081201915
4374 4373 1.0217061081201915
4374 4376 2.361495235813856
4374 4370 3.9009795452739233
4375 4372 2.4822171949523932
4376 4374 2.361495235813856
4377 1421 3.893410823730436
4377 1415 1.9959516532220316
4377 4372 4.931886665748756
4378 1341 7.944028778227798
4379 4380 1.6668230488476992
4380 4381 2.1665188724968503
4380 4382 3.788318202645497
4380 4379 1.6668230488476992
4381 4380 2.1665188724968503
4382 784 2.2213999630286483
4382 4380 3.788318202645497
4382 262 11.012035257633615
4383 4274 17.891248848109782
4384 2803 1.0029667432395044
4385 4387 15.863491916508924
4385 322 3.303891466397799
4385 3652 4.925135698586422
4386 3654 1.2249104767909145
4386 4392 14.56558381371631
4386 4388 10.099315960070053
4387 4385 15.863491916508922
4387 321 6.180597557100249
4387 3651 5.050335462999334
4388 323 2.11743694300512
4388 4386 10.099315960070053
4388 321 3.7462328279579773
4389 4391 2.9637389941514156
4390 323 4.282542928685693
4391 4389 2.9637389941514156
4391 320 9.904962042693965
4391 4394 6.1248828460287505
4392 323 1.5341458271829678
4392 3655 0.8292854110889435
4392 4386 14.56558381371631
4393 3655 3.1932699642615954
4394 4391 6.1248828460287505
4394 325 7.528888213687449
4394 324 5.469076631782004
4395 3063 1.1528850569508249
4395 4453 1.7255448093874424
4395 4620 11.109027136357748
4396 1219 9.61538318470257
4397 4398 2.6597161226881365
4398 433 1.168365509180201
4398 2899 2.715420890796876
4398 4397 2.6597161226881365
4399 4400 2.509554426167372
4400 433 3.3221878565516914
4400 4399 2.509554426167372
4400 4402 3.5707693776716485
4401 4402 2.419067678420366
4402 4401 2.419067678420366
4402 4405 3.9496117941683373
4402 4400 3.5707693776716485
4403 2886 8.163183852370711
4404 4405 2.2421390140189557
4405 434 0.45140470342189404
4405 4404 2.2421390140189557
4405 4402 3.9496117941683373
4406 4407 0.8339370022454365
4407 4406 0.8339370022454365
4407 3064 2.7766459610119085
4407 3065 21.31199098190718
4408 3893 8.90465524713606
4409 4410 2.636778629291774
4410 4409 2.636778629291774
4410 2918 17.428658060913254
4410 2935 4.229326442505667
4411 2999 11.28470256350067
4411 2998 5.946807768416644
4411 4412 2.921713721136296
4412 4413 0.8664653309455532
4412 4431 0.773738850719176
4412 4411 2.921713721136296
4413 4412 0.8664653309455532
4414 2484 5.49690188113641
4415 1392 3.037865421301272
4416 2805 0.6598789373408778
4417 2946 2.6868741053683274
4417 4418 4.890260268434208
4418 4417 4.890260268434208
4419 3028 0.9804580128061829
4420 3030 2.6551839797735384
4420 4642 7.143364627088192
4420 3028 4.800339163592158
4421 961 12.690565333278112
4421 4421 23.49786842553924
4422 1171 11.18275204559475
4422 4422 10.8958304652648
4423 4476 5.353973990487883
4424 2932 0.6518318106011352
4425 2857 6.536922348583788
4426 3785 4.40857072229609
4427 265 35.291335931058505
4428 2725 0.9616433456760637
4429 2707 5.76869523478859
4430 4562 2.777963261182249
4431 4412 0.773738850719176
4432 4434 1.0938501814445367
4432 4745 2.1759447691183933
4432 3192 1.841646208301038
4433 4434 0.4269605655526884
4434 4433 0.4269605655526884
4434 4435 0.5644373318608586
4434 4432 1.0938501814445367
4435 4434 0.5644373318608586
4436 4437 1.1000995195974421
4436 4438 1.0697557965508715
4436 4671 4.762158978997779
4437 4436 1.1000995195974421
4438 4436 1.0697557965508715
4439 3190 6.893200464687344
4440 4442 1.0691786105797603
4440 3188 16.870173675102524
4440 3190 1.8163744439016443
4441 4442 0.5961011073892473
4442 4441 0.5961011073892473
4442 4443 0.5986254666084186
4442 4440 1.0691786105797603
4443 4442 0.5986254666084186
4444 4445 4.174161274528545
4445 3325 2.595726960865323
4445 3946 6.074207970015158
4445 4444 4.174161274528545
4446 2910 0.574277228278374
4447 598 4.460181738189574
4448 556 1.1460167905783138
4448 561 9.962240373480343
4448 2147 3.3810221186898994
4449 595 5.409369467965185
4450 271 0.9352715854192609
4450 498 2.7381791755472924
4450 4162 1.5778807363824499
4451 531 0.3166655077599104
4451 530 12.368787865493097
4451 518 35.130145499476164
4452 212 7.304139868476194
4452 1428 5.695620127153237
4452 480 4.990947448989519
4453 4395 1.7255448093874424
4454 57 2.826649104372331
4454 4499 4.419861845947801
4455 54 2.87509063265686
4455 52 3.6958376300849762
4456 4500 4.440937412978374
4456 1496 1.041270399491474
4457 664 2.971542044921777
4457 4561 2.474697342689413
4458 852 6.894222520892013
4458 2401 10.255581428746751
4459 4460 0.6234316877609075
4459 4144 2.2068686449240658
4460 4461 0.580475033449331
4460 2669 1.9160444867288184
4461 4756 0.6062703614125503
4461 4755 1.7217407147071784
4462 108 12.737991721261663
4462 4464 2.0007632446983585
4463 4464 0.6155230586643757
4463 4462 2.3217145651525817
4465 3247 0.6298040253198561
4465 4749 5.1773681582088384
4466 4188 0.9072307341199342
4466 3973 5.667203405324904
4467 126 11.045732885602936
4468 2783 0.7454045890274814
4468 2784 1.7898330233188433
4469 4313 1.4079622376411187
4469 4471 1.6881512375595575
4470 4313 0.8316111282176613
4470 97 11.586206771582319
4470 4312 3.2809164863779565
4471 4313 1.0183300031190845
4471 3778 3.4107093139573292
4472 390 0.5335753496679082
4473 3339 3.729597001955545
4473 10 3.787607472756621
4474 4473 2.028204029287424
4474 10 2.901029480585667
4475 4474 1.7733043575175516
4475 3217 4.348281570211575
4476 4423 5.353973990487883
4476 4267 12.724754885262096
4476 199 2.9384916336113065
4477 742 0.7089473151208564
4477 4121 39.038834045620725
4478 2917 1.3648636973819606
4479 2916 0.6950874771427678
4479 2695 2.428989131995666
4480 3608 8.363447544657928
4480 4761 1.634199700422601
4481 3613 4.87309775762295
4481 61 5.413463562833785
4482 567 11.004442957791126
4483 85 0.6173976705724346
4483 3376 1.4760380807199451
4484 593 9.421145745783045
4484 592 13.286766719571688
4484 591 6.459801070712268
4484 589 8.273271476576749
4485 4609 1.7924157092635082
4485 4688 7.23804144364612
4485 4276 5.560901909886855
4486 3593 1.2160745458686169
4486 3590 5.114378571746872
4486 3599 3.1198611721491187
4487 4488 0.581905498031843
4488 4489 0.7942047625057054
4488 4487 0.581905498031843
4488 4490 1.2480097401795271
4489 4488 0.7942047625057054
4490 4488 1.2480097401795271
4490 247 7.516840728759344
4490 4639 15.004452053282042
4491 537 3.565565362487264
4491 2010 5.517615661693463
4491 4492 1.364827798543803
4492 4493 0.6786798501653559
4492 4494 4.76983698718576
4492 4491 1.364827798543803
4493 4492 0.6786798501653559
4494 4492 4.76983698718576
4495 2217 10.871824761115965
4496 3979 32.37717680956237
4496 83 2.4286193529367153
4497 83 3.4879412619163426
4497 4091 29.084360374106335
4497 4496 3.4282326041069444
4498 3429 7.215907111205338
4499 4501 0.6532497426017629
4499 53 4.9926645339428175
4500 52 0.857699941518827
4500 4455 3.844486839957376
4501 52 0.9639594947071548
4501 4500 0.5590368350677346
4501 4456 4.319404102420917
4502 3459 1.4550373866931288
4502 3482 18.1906701520613
4502 3719 2.606297168007523
4503 2 1.054705475284715
4504 2 0.31776933197450263
4504 146 4.489346855576507
4504 4139 3.510528911964684
4505 137 1.9335315474743697
4505 2682 0.7701980152109428
4506 4650 3.7090248362172895
4506 382 14.382725887282794
4506 4507 1.7995241572293317
4507 4508 0.9705287889145655
4507 3193 5.351542427887068
4507 4506 1.7995241572293317
4508 4509 0.9203317228072432
4508 4507 0.9705287889145655
4508 3209 10.501795271019866
4509 4508 0.9203317228072432
4509 3193 5.214376384845622
4509 4510 1.995998552046604
4510 4509 1.995998552046604
4510 388 14.836017043854692
4510 3235 2.5973447908975924
4511 1534 1.2428330700531387
4511 1542 0.9846478840581614
4511 895 5.0655592333155015
4512 4513 1.2026962045884362
4513 4512 1.2026962045884362
4513 932 11.780870171025107
4513 4744 7.103728301311167
4514 3479 4.927916325111774
4515 3071 1.0095966299416685
4515 4516 0.655337700094761
4515 3070 6.383469321918968
4516 4515 0.655337700094761
4517 2869 1.5987707347621163
4518 3674 3.3626051748541492
4519 4710 1.0244349295720792
4519 4711 3.102985345267137
4519 4768 10.79596187774676
4520 1587 3.037381595755036
4520 297 4.311053150682677
4520 4523 11.457469016200259
4521 4711 37.68241468440876
4521 1085 25.732119349969224
4521 584 62.76462268241557
4522 4693 0.3711479701521242
4523 4710 5.021058224402285
4523 4693 16.90859060505052
4523 4520 11.457469016200259
4524 4695 11.785342297339099
4525 4768 1.8087679640648686
4525 4764 12.735924995481561
4525 4766 5.6204214859828685
4526 4289 3.324376904089545
4527 2934 0.4027700529056994
4528 1523 1.3834900789748181
4529 661 0.4028073249315485
4530 661 0.41121138740511626
4531 3001 1.4642021283953754
4532 2724 4.795727767885644
4533 2802 9.525572701232822
4534 4237 0.40858811750979135
4535 230 6.054580844651216
4535 2810 3.19002770389065
4535 4559 3.020268727752627
4536 105 0.3930159550767447
4537 3897 2.7596424490172486
4538 583 5.215006669394243
4539 29 26.20806348641686
4539 1356 1.1942312216683753
4540 159 0.2598817270918131
4541 160 0.24496820794387034
4542 1511 0.36646149303342945
4543 284 3.3284554815529983
4543 4541 2.3804054476956655
4544 245 0.18139310379311338
4545 4233 1.7714979317615984
4545 4544 1.010997482282641
4546 1096 0.15696586106932367
4547 45 0.16019060953026945
4548 3260 0.1886278447412509
4549 4349 7.2113497557811135
4550 2956 0.21146120661833231
4551 197 0.9803158676719705
4552 4124 2.673546978294493
4552 4551 1.905409370798488
4553 22 1.773823507379116
4553 4131 2.556692598722096
4554 21 2.7683105853246555
4554 4556 1.7759916311518613
4555 4132 3.210447397238214
4555 4133 1.8800871937992785
4556 4135 0.42143866961490734
4557 99 0.8256661921566996
4558 614 1.8789929290967076
4558 576 17.5748020566993
4558 4559 2.4420159065237605
4559 4560 1.6192669206189354
4559 4558 2.4420159065237605
4559 4535 3.020268727752627
4560 4559 1.6192669206189354
4560 2834 12.409534130503902
4560 206 7.5116770861164674
4561 40 0.18175809096783097
4561 4457 2.5257744648677884
4562 4583 2.7291988191713963
4562 4019 4.385278259692488
4562 4430 2.7779632611822493
4563 1472 18.541411550130476
4564 1691 4.428038044421362
4564 1689 2.5617961008324768
4564 1619 13.419827086040534
4565 2771 8.23149095706411
4565 3434 7.506824254869403
4566 4694 8.89776133905212
4566 2830 12.613268737228427
4566 2824 5.307594556762927
4567 2973 7.156104925517342
4568 706 21.266994357896102
4568 705 4.467253283995195
4568 4569 4.282778049463612
4569 1441 3.8308046179637705
4569 706 22.453840731000177
4569 4568 4.282778049463612
4570 4253 3.1884159753184567
4571 4130 4.723201612923829
4572 4574 4.841356258919575
4573 4578 2.2511455086462098
4573 2612 17.78841715021841
4573 2606 11.387407495669558
4574 4578 4.071012092823295
4574 4575 5.773785630075611
4574 4572 4.841356258919575
4575 4574 5.773785630075611
4575 4576 0.5688492364894028
4575 4577 6.372015641082679
4576 4575 0.5688492364894028
4577 4575 6.372015641082679
4578 4574 4.071012092823295
4578 4573 2.2511455086462098
4578 4579 13.404488963264935
4579 4578 13.404488963264935
4580 787 8.834785828815582
4581 3205 0.5784645275149649
4582 4000 8.852341215067018
4582 3998 6.2546082701658126
4582 3994 14.908828177021075
4582 3990 7.96872311511652
4583 4562 2.729198819171396
4584 175 0.843042802537668
4584 3731 23.56865930347648
4584 176 4.885240605605093
4585 68 3.2113497504264625
4586 2864 3.6506352549552843
4586 4626 1.9215771104857824
4587 2158 1.0805190373410332
4588 2110 0.7482015414749702
4589 2110 0.7762109419595894
4590 708 4.254888766257056
4591 4592 1.024407601891802
4592 626 0.6170495781560836
4592 4591 1.024407601891802
4592 624 4.303213451181997
4593 1261 0.4439898913660683
4594 1261 0.5299183249471107
4595 4596 0.6056465482852965
4596 635 1.4289152528158133
4596 4595 0.6056465482852965
4596 636 11.17001281534114
4597 602 0.8873113257909476
4598 602 0.8464180778104841
4599 2212 6.891431524827996
4600 4601 0.6645909212508245
4601 2264 0.494124253505496
4601 4600 0.6645909212508245
4601 2263 12.81982537152057
4602 4603 3.989544480961706
4603 3631 2.3965046494115283
4603 3628 11.800786167943846
4603 4602 3.989544480961706
4604 1425 4.446392386747542
4605 67 0.473684367217925
4606 3387 2.4418906612567626
4607 3113 1.2851471402903782
4607 3115 2.4944080878545702
4607 4608 2.118989843710343
4608 4631 0.4269987040790185
4608 4632 2.4308226359041014
4608 4607 2.118989843710343
4609 4485 1.7924157092635082
4610 2340 1.168863399743108
4611 3049 1.2364894796615793
4611 4731 0.9360013471925339
4611 336 6.015555288700796
4612 436 3.181154469519788
4613 676 0.9584192320939531
4614 2696 0.5411295942764853
4615 2488 12.938920276527671
4616 2064 3.325178512580432
4616 2061 12.453307963617311
4616 2062 16.25822618853965
4617 4729 1.5785643089103252
4617 185 8.939717828945907
4618 4619 0.6273037486655023
4619 4618 0.6273037486655023
4619 3462 4.160053704211545
4619 337 5.889199074470203
4620 2765 3.314829138003167
4620 4621 3.694229047570987
4620 4395 11.109027136357748
4621 4620 3.694229047570987
4622 2810 4.660498453296094
4623 2799 4.355331112644442
4624 2801 3.048494756626763
4625 2801 6.565671234890239
4626 4763 0.649422054933881
4626 1484 2.48749446769741
4627 194 48.36561389602069
4627 568 6.170873986177692
4627 4628 2.3853261141998203
4628 567 3.7037731332627404
4628 4627 2.3853261141998203
4628 4122 5.720496755868039
4629 4630 3.4137409602871744
4629 3061 4.347694750413742
4629 3060 9.374732137069797
4630 4629 3.4137409602871744
4631 4608 0.4269987040790185
4632 4608 2.4308226359041014
4633 416 2.2657286970353088
4633 4634 4.802889781874876
4633 143 11.27434700288229
4634 4633 4.802889781874876
4635 4693 3.3794668938218257
4635 4695 1.2565478341047966
4635 4637 5.1554874822097805
4636 4637 3.093589362509742
4637 4636 3.093589362509742
4637 4635 5.1554874822097805
4637 4695 10.677646407901987
4638 3411 5.148344591433477
4638 3564 1.9956733410319707
4639 4638 1.4645934662579443
4639 4490 15.004452053282044
4640 4642 0.6665333042526247
4641 4642 1.5389834282152632
4642 4641 1.5389834282152632
4642 4640 0.6665333042526247
4642 4420 7.143364627088193
4643 4015 5.031279222553398
4643 4021 8.136541262391205
4643 4006 14.751750363890288
4644 4617 3.8723119690125114
4645 3384 12.880389538971414
4646 4647 0.5643706089230848
4647 2702 0.9465356254981081
4647 4646 0.5643706089230848
4647 2701 7.646137149922382
4648 2699 3.8233731605409242
4648 2698 13.235175552502275
4648 2706 15.1187251197971
4649 2708 6.2968142105240545
4649 2699 1.1968224757253423
4649 2707 24.92876324591957
4650 3211 6.184630172134233
4650 4506 3.7090248362172895
4650 4651 6.292955905914854
4651 4650 6.292955905914854
4652 649 3.0176121677944363
4652 4653 2.285557818031631
4652 3007 8.362456233823119
4653 4652 2.285557818031631
4654 3008 5.039812788850606
4654 3005 6.0672025945560595
4654 4655 2.6195339843435437
4655 4654 2.6195339843435437
4656 4657 5.362643666987997
4657 4670 1.7745675186248868
4657 3992 6.826767251469638
4657 4656 5.3626436669879975
4658 1482 0.6693032763333114
4659 4661 0.6970048701118464
4659 4660 0.9102926009695269
4659 3577 5.179140109362654
4660 4659 0.9102926009695269
4661 4659 0.6970048701118464
4662 3375 25.189177614022523
4663 619 0.6739477785425746
4663 615 14.091204039123589
4663 616 1.4801881116116475
4664 279 1.8698093395546291
4665 1214 0.4609375543050751
4665 4666 2.0426713691662877
4666 210 3.934268939375542
4666 4665 2.0353754476160346
4667 696 4.262875148050711
4667 4772 2.1733171149978125
4668 2572 8.298341250837577
4669 1054 0.41671900030563874
4670 3989 30.70939319991273
4670 3991 8.979077304821386
4670 4657 1.7745675186248868
4671 4200 7.623472055683019
4671 4436 4.762158978997779
4672 4671 2.3198151653449335
4673 887 3.7230244852994336
4674 109 5.75721119864768
4675 3865 1.5904372658260362
4676 4677 1.9060318859329424
4676 4678 2.045122105085507
4676 4075 6.973678267056897
4677 4676 1.9060318859329424
4678 4679 0.9334810247770668
4678 4676 2.045122105085507
4678 4680 2.9384093601956804
4679 4678 0.9334810247770668
4680 4678 2.9384093601956804
4680 4048 5.909749745427351
4680 4051 2.4517019409604615
4681 1393 7.2979957780856
4682 4683 3.183536674555241
4682 1384 8.620158480487651
4682 1389 6.926065695450094
4683 4682 3.183536674555241
4684 4686 2.5771071843531277
4684 845 7.611063665065661
4684 3696 4.884414655095382
4685 4686 1.885151254084599
4686 4685 1.885151254084599
4686 4684 2.5771071843531277
4686 4687 1.70976716126496
4687 4686 1.70976716126496
4688 4485 7.23804144364612
4689 3420 7.638679844540259
4690 2868 1.5670138957950115
4691 1423 1.6223954105664746
4692 3505 17.27356125567743
4693 4522 0.3711479701521242
4693 4635 3.3794668938218257
4693 4523 16.908590605050527
4694 4566 8.89776133905212
4695 4637 10.677646407901987
4695 4635 1.2565478341047966
4695 4524 11.785342297339099
4696 2749 12.692088478273401
4697 1498 6.776676822214905
4698 3794 10.456921662508842
4699 147 2.4492457931293403
4700 147 2.194092603797552
4701 2682 1.2624313006732546
4701 2679 19.197185336439343
4702 3777 3.6328584268811897
4703 3641 20.706666098381298
4703 3840 12.297493149635617
4703 3768 11.846457769845356
4704 2124 5.769578609144664
4705 1236 5.341688151092663
4706 1505 6.161752202160663
4707 2377 8.72785097244479
4708 1461 11.676998059777082
4709 2736 1.9221802785834057
4710 4519 1.0244349295720792
4710 4523 5.021058224402285
4710 4711 14.538951177963277
4711 4519 3.102985345267137
4711 4521 37.68241468440876
4711 4710 14.538951177963277
4712 1491 1.2032283689697805
4713 1491 1.2935963980912732
4714 593 4.611548753070594
4715 3455 6.02648645953935
4716 3374 0.9233379333609715
4717 3371 3.396379588707001
4718 3500 0.8199701118133171
4719 347 0.9315797108454618
4719 3403 12.34827226611078
4719 3408 3.5872525671246946
4720 3558 3.8120084057003476
4721 3537 0.7228222470756566
4722 48 4.16365862305311
4723 3739 3.9618631817344196
4724 1242 2.2682820358621307
4725 1853 2.1868963469158196
4726 980 3.132103782683283
4726 1070 2.5134726694627907
4726 1044 3.985773712751233
4727 4160 0.8071122583682505
4728 1143 0.35799127739828324
4729 184 5.09805458470962
4730 2882 13.22590399328613
4731 4611 0.9360013471925339
4732 3229 6.448039451667124
4733 1318 3.563571549000185
4734 2725 0.9764927668448188
4735 2360 4.164183248013577
4736 2256 4.037126665499648
4737 1594 2.6222121600741883
4738 3635 4.4353938915071245
4738 3636 0.7994128018346242
4738 3640 4.239669407022575
4739 4740 0.872642336234313
4740 4739 0.872642336234313
4740 4741 1.3332466737192872
4740 3398 2.4480948889756102
4741 4740 1.3332466737192872
4742 4355 14.355369797666977
4742 2917 18.27207090807764
4742 2689 9.3244375810551
4743 4744 0.9809761722482081
4744 4743 0.9809761722482081
4744 4513 7.103728301311167
4744 1187 12.021914258493053
4745 3190 0.09992286362984582
4745 4746 1.1432458373655494
4745 4432 2.1759447691183933
4746 4747 0.4160389551525329
4746 4745 1.1432458373655494
4746 4748 0.5517071487069013
4747 4746 0.4160389551525329
4748 4746 0.5517071487069013
4749 3609 9.816067292652539
4749 4465 5.214208817272227
4750 3197 2.0030020041314076
4751 3197 1.833966028220047
4752 4753 0.8907117735820924
4752 2593 3.757792966510795
4752 2594 1.0196569249467267
4753 4752 0.8907117735820924
4753 179 3.4653747775759336
4754 179 0.658020873242629
4754 4752 3.4371358743809135
4755 4756 1.8508708219801386
4755 59 16.333831637465707
4756 4459 0.4972533935501024
4756 4757 1.059601869820295
4757 4459 1.013964330340879
4757 2454 15.407815441488244
4758 4794 0.663582883187193
4758 2480 0.19889813725743766
4759 4760 0.8737620846926717
4759 3054 2.2354273108420877
4760 16 0.2123695678048014
4760 4759 0.8737620846926717
4760 4328 2.271730447898273
4761 4463 0.42300110677843933
4761 4762 1.6371443927226919
4762 3176 9.269835880222619
4762 4463 1.6933826418426434
4763 4754 0.545608905177026
4764 4525 12.735924995481561
4765 4766 1.5409377095713146
4766 4765 1.5409377095713146
4766 4784 1.5095574335011082
4766 4525 5.6204214859828685
4767 4782 1.4172695140299318
4767 4783 1.6379125727596646
4767 4768 6.643206595777151
4768 4525 1.8087679640648686
4768 4519 10.79596187774676
4768 4767 6.6432065957771504
4769 2387 11.899153507678959
4769 4770 3.9120799601173486
4770 852 0.5846875160215658
4770 4769 3.955974314164938
4771 771 5.500702853312914
4771 4773 2.5402477864499104
4772 454 0.25571677667012155
4772 4667 2.0856760645208774
4773 454 0.5965467014252405
4773 4771 2.7758389861546355
4774 507 0.9432542102391714
4775 1240 13.35128872195122
4775 762 5.275119683175109
4775 4776 5.104593159210731
4776 4793 15.561022814530537
4776 4775 5.104593159210731
4776 4777 15.559412058104268
4777 4792 0.9879860206282213
4777 4778 1.6291367915148343
4777 4776 15.55941205810427
4778 4777 1.6291367915148343
4779 4780 4.323716628975587
4779 4785 2.7538904966600906
4780 4779 4.323716628975587
4780 4346 2.1826126440248275
4780 4347 13.134206707172421
4781 1976 2.679740931515417
4781 1977 6.159414310861595
4782 4767 1.4172695140299318
4783 4767 1.6379125727596646
4784 4766 1.5095574335011082
4785 4779 2.7538904966600906
4786 4788 1.0228182578760927
4787 4788 1.0448941591302847
4788 4787 1.0448941591302847
4788 4786 1.0228182578760927
4788 2569 6.924174765276323
4789 4790 0.3613909061556238
4789 4791 0.5315419482309931
4789 1914 4.522549952551534
4790 4789 0.3613909061556238
4791 4789 0.5315419482309931
4792 4777 0.9879860206282213
4793 4776 15.561022814530537
4794 4758 0.663582883187193
4794 2669 0.10757874553223545
4794 4795 1.871913447672992
4795 4758 1.696632424083934
4795 2464 35.590308917026995
4796 2654 7.779269064250378