0 1 7.537449455680457
0 1503 11.070576982134803
0 567 98.19370402218436
1 1506 8.293487427855151
1 2 9.955106403335968
1 0 7.537449455680457
1 3181 1.4249845056286934
2 2873 23.261735645822906
2 1 9.955106403335968
2 1043 16.827226910325727
3 3792 3.166916557948949
3 884 5.264548796719977
3 918 5.4156535294205765
3 11 6.708811874452717
4 8912 6.432028214546742
4 922 2.322629845994057
4 918 2.9541949259719638
5 3154 1.669699437302409
5 12 4.802808920768352
5 898 5.985751735502167
6 8067 0.36602281860770935
6 897 2.7387399492387847
6 1483 6.419753865657852
7 896 2.2057204522208784
7 938 4.97291693634711
7 1485 1.666442328716583
8 3745 2.120509707159401
9 714 2.311713171580287
9 9132 2.2316323229337756
10 5509 0.7984561882356614
11 12 15.281287308744
11 3 6.708811874452716
11 1043 1.8102101469151755
12 8084 2.1865084839162203
12 11 15.281287308744
12 5 4.802808920768351
13 736 1.7585207430334435
13 734 14.868670131881832
14 9111 1.1561626999797654
14 643 2.999113266485723
14 736 11.147538379614005
15 916 15.890619953871465
15 3161 3.8947436025530817
15 3170 4.289347897969938
15 4948 5.208699582129288
16 17 21.695057945814575
16 4917 5.013799810646845
16 4119 3.6862169451290856
17 7847 0.6836473821885293
17 3095 7.3028565714970375
17 16 21.69505794581458
18 2888 4.138910889338754
18 3096 17.075817741373218
18 3093 13.573966497510103
19 4143 6.453110396315555
19 3339 6.003224930844333
19 3725 4.2278305955721205
19 4115 7.36956751862921
20 9171 27.31622081515945
20 262 4.135915330615444
21 6006 1.0779635304569406
21 432 7.616051282972402
22 5996 2.862746426519335
22 23 5.634415964319896
23 314 1.7741596613761272
23 315 1.846112480444317
24 640 2.5854862169923494
24 25 28.737425356538782
25 1239 35.28351293609405
26 162 27.609880648238857
26 331 12.009710747264203
27 168 8.377656647850799
27 1236 5.269595989651352
28 7362 0.8363113635025198
29 76 0.923703924220725
29 136 9.92928065356764
29 68 6.004851029478072
30 125 0.40962564370971033
31 1367 11.965352406013585
31 6150 2.8184497621770777
32 9189 6.655772055868162
32 219 0.8027637255884686
33 39 2.583863402321634
33 41 4.6162428572404615
34 45 0.8730112030061014
34 2249 8.536027648224907
34 7402 9.420240357694187
35 46 0.9143086633339438
35 7177 7.47858897193963
36 47 0.8154720195705514
36 38 22.76296765633548
36 7406 1.5997226566496479
36 37 7.53306498231947
37 48 0.5417989828476428
37 6037 2.580034488211022
37 6038 2.721608265504969
38 36 22.762967656335483
38 5019 14.797165745594077
38 5157 2.979967580787148
39 43 0.9919578988908362
39 5798 1.3688368450896573
40 3357 17.733677243002568
40 2038 10.813688790999619
40 4858 9.352052950015954
40 7329 5.192293045102395
41 5797 0.5675147755077772
41 42 12.159546921718773
42 2230 2.2265055328481607
42 2246 10.151082756810311
42 41 12.15954692171877
43 44 2.3280516433013942
43 376 8.957834034359465
44 33 0.9822831533924131
44 5796 1.8089004621906855
45 34 0.8730112030061014
45 4739 10.663934137225176
46 35 0.9143086633339438
46 7401 6.372478053560903
47 36 0.8154720195705514
47 46 21.415286500990433
47 3278 5.531269791147142
48 37 0.5417989828476428
48 5367 1.4066334907287028
48 4421 3.0245109396642462
49 5312 1.0220565462044662
49 5310 4.044675515941748
49 4851 4.355113934784698
50 653 2.6224461674706654
51 703 1.993605888013343
53 8694 0.20279112051704545
54 171 1.9863710497334977
54 191 6.0812477872452675
55 1474 12.274785793308086
55 54 2.012484748522482
56 3958 1.48750336412436
56 221 30.695196844625407
57 6345 1.1821141515445903
57 2604 1.2296692206271418
57 360 5.2942965941223825
58 59 19.234495379342437
58 61 2.0501972740280556
59 58 19.234495379342437
59 9194 8.660679190717255
59 67 12.959755113224984
60 2597 16.27942438809764
60 64 2.066694149728631
61 2595 14.421095453795225
61 137 1.8872955995589602
62 7363 12.813652919695793
62 58 2.038002667656804
63 7364 14.060878499470654
63 62 3.6573612541916067
64 63 2.243679663552466
64 136 22.3769040774599
65 2953 0.9303049390383971
65 29 6.041856873664976
66 69 42.26821979420789
66 67 11.280916261819085
66 9381 27.160961610301776
67 2595 6.865712810263261
67 135 27.97251508734688
67 66 11.280916261819085
67 59 12.959755113224984
68 75 0.9550534484217831
68 138 26.082992499509878
68 3050 4.646679816316137
69 66 42.26821979420789
69 7651 33.03204338580987
69 135 11.275213012059863
70 3416 13.961138124107457
70 71 14.343286612647349
70 2602 51.07307759493533
71 72 10.29370872411505
71 70 14.343286612647354
71 8946 33.5692206802255
72 71 10.29370872411505
73 3416 1.8436702332769663
73 1365 13.888733263444294
73 2603 33.37612668858302
73 8222 1.2574503504582024
74 28 1.234546360895318
74 729 6.8081300426764235
75 68 0.9550534484217831
75 76 6.187653334852919
76 29 0.923703924220725
76 2593 5.268404457603928
77 520 7.164857504599105
77 6603 4.670658643808101
78 79 2.8373902887951683
78 7365 6.14934752429522
79 77 7.174513357205712
80 83 0.08157073008355292
81 82 1.8090610212205902
81 6950 8.238354211659317
82 356 0.1448565064984341
83 84 2.110773990581796
83 5534 0.5871462476799293
84 85 0.33358318782516
85 6935 4.891648655617385
85 9257 2.1460207187600395
86 5538 8.097185438753641
86 172 21.99856268706
86 193 11.431822550027865
87 208 10.412013420932285
87 214 14.95747765497154
87 169 4.125573864611412
88 182 22.266520749438467
88 176 6.294735727530142
89 182 10.815273831540797
89 174 23.49677405878422
90 94 20.4085591940717
90 93 7.000785810226151
90 3809 3.4641112629360604
91 92 9.557425867698935
91 8402 1.635400507921007
91 1359 22.772874417657434
92 91 9.557425867698935
92 5675 9.377548090481337
92 1360 33.35120445973888
92 5676 56.41449199431903
93 95 22.735137444692548
93 1359 10.345574579024396
93 90 7.000785810226149
94 97 1.8964676913794138
94 95 7.0736578568966255
94 90 20.408559194071703
95 96 2.0690189019981444
95 94 7.0736578568966255
95 93 22.735137444692548
96 95 2.0690189019981444
96 6349 0.4004693962527193
96 6348 0.4017957561852657
97 94 1.8964676913794138
97 6354 0.46218248850596505
97 6353 0.47319372120485853
98 754 2.7239473996975514
98 746 4.352509482727594
99 756 2.590838472361243
99 755 1.9319252261752469
100 3176 2.5123107461286027
100 8797 2.932722719133954
101 8652 0.8618534195540535
101 5512 3.7449238921744974
102 1435 3.1228037165056626
102 571 2.4276360886941024
102 735 2.81464275874879
102 9383 5.031045221779979
103 6576 0.22464083353527656
103 8066 4.755725576735284
104 1042 17.179686365481125
105 5533 1.3622906587934438
105 1467 2.0600333619339235
106 107 7.102878562759493
106 115 8.359518466111474
106 4245 3.9942197430929385
107 109 2.8498881737749087
107 106 7.102878562759493
107 108 7.597153738345903
108 107 7.597153738345905
109 107 2.8498881737749087
109 110 2.442539705594086
109 113 6.986417035960019
110 112 0.9005747697690414
110 109 2.442539705594086
110 111 1.756594051734012
111 110 1.756594051734012
112 110 0.9005747697690414
113 9016 0.9356005474793623
113 109 6.986417035960019
113 114 6.160460829797607
114 113 6.160460829797607
115 4241 1.5082394170271698
115 4256 3.684059393164497
115 106 8.359518466111474
116 187 10.986939752123288
116 4243 4.592152799101983
116 3403 6.091004413760532
117 7021 8.070750327193974
117 7022 10.243155043245947
117 3802 5.2025718600205035
118 121 0.6779148713025189
119 118 3.344598909991218
119 25 13.763505043963132
120 119 0.22278845820866355
121 152 3.2315028618887696
121 151 4.95329394342499
122 123 3.896206355427645
122 131 5.6232238289747025
123 355 0.5338052655848962
124 8840 0.18896924418981942
125 737 2.693323225810004
125 124 2.8053961897593536
126 127 0.3315166685045223
127 13 14.58704943077407
127 734 2.4036845494540042
128 1407 7.355584753089673
128 30 3.536395821316717
129 24 9.055368655524601
130 7361 9.180027017213968
131 132 9.158029043712165
131 768 1.505888997250958
132 130 1.3625222352128008
133 118 11.829218323403254
133 130 30.695794121437793
134 28 5.271551242518303
135 67 27.97251508734688
135 7652 22.557229182252996
135 69 11.275213012059863
135 137 25.95771667711722
136 9273 16.224952728130255
136 29 9.929280653567638
136 64 22.3769040774599
137 60 1.7344843361292548
137 135 25.95771667711722
138 7651 5.669168467983576
138 68 26.08299249950988
138 9273 13.368172479939469
139 401 6.507051829476199
140 4953 3.146186856182615
140 4916 5.200714371083289
140 635 3.995908073163176
141 3108 5.40194521699723
141 3115 6.987996660315913
141 636 20.788390257553257
142 7823 2.8313966912599233
142 984 2.966832474746919
142 4145 2.46336358324216
142 4120 1.2918236318808236
143 979 0.5170831071041322
144 725 27.212389002187624
144 1700 6.802788512938989
144 8278 6.967904535965782
145 251 12.059946463926462
145 6011 2.440568432640518
145 1685 19.265122181662417
145 8279 3.1957478946904208
145 4309 8.326624945915187
146 3595 6.000974323481562
146 7515 5.22013042290115
147 4250 1.6208477144253546
147 2603 4.610012724248413
147 360 6.8332441929064895
148 149 4.205476412082052
148 767 3.779802556039377
149 148 4.205476412082052
149 150 14.468525080294546
150 149 14.468525080294546
150 545 7.198360577903841
150 1433 9.372965410475578
150 151 7.13779234196352
151 152 3.9539712311423028
151 150 7.13779234196352
152 122 0.3385018125227576
153 6014 1.0370473920434098
154 1241 19.046903245700314
154 157 1.3282186942778842
155 8232 9.075217179434754
155 156 1.31682596610827
156 153 1.0486239594910187
157 158 1.5945193069453343
158 738 1.523033680936069
158 7803 1.080050595490727
159 8327 4.633507072982676
159 6436 3.1928082898632604
160 53 2.216806911021799
160 5544 3.6942652809646104
161 160 0.1365380385220519
162 27 19.522332446221554
163 133 22.995724963601642
164 5776 19.275762359805828
165 330 17.084970546176955
166 6387 19.626572278690467
166 226 34.068731667758534
167 8659 24.71003656590531
168 286 5.090101393602627
168 167 27.785235950082605
169 216 8.231249510326249
169 211 14.3316740006509
169 87 4.125573864611412
170 1469 4.1293747184222855
170 55 1.8838436161694445
171 170 2.1339053753714614
171 180 11.68657613857611
172 322 4.208291374487562
172 86 21.998562687059998
172 173 8.846688674392285
173 207 39.952994709222565
173 172 8.846688674392285
173 197 10.106881069949406
174 193 10.03385693843243
174 89 23.49677405878422
174 175 7.847794010770441
175 198 10.719306966685425
175 197 16.614994272041542
175 174 7.847794010770441
176 1523 7.9431583568538615
176 88 6.294735727530143
176 179 9.281918327857271
177 1522 7.742187467770022
177 178 6.619042520822633
177 1521 18.48110346403769
178 5546 19.56798975433426
178 1541 3.314135206340151
178 177 6.619042520822633
179 1549 17.772753260661695
179 176 9.281918327857271
179 5532 3.290021500854245
180 1548 2.0074068209287157
180 183 24.68174838353677
180 171 11.68657613857611
181 8224 7.946669954092211
181 6953 10.804478068347898
181 1479 7.966716969368641
182 1518 8.14240436358394
182 89 10.815273831540797
182 88 22.266520749438463
183 184 9.873584888960078
183 180 24.681748383536767
183 1541 14.117996273135516
184 196 4.064274728592508
184 183 9.873584888960076
184 1521 8.502081490063956
185 8224 16.10132024009184
185 186 21.7590455831051
185 1545 12.78483799631069
186 1458 10.962001145011445
186 1452 8.607429524496105
186 1457 24.700707065558515
186 185 21.7590455831051
187 1394 7.44083053629272
187 116 10.986939752123288
187 1457 9.553651731372168
188 1470 18.48901160249974
188 6953 12.556608064840601
188 1472 34.03174138728947
189 7368 0.6056716966556293
189 7370 4.2236082822682315
189 7367 1.9123590095632224
190 6574 3.826484550873727
190 2270 6.490329089543565
191 192 27.504763178821676
191 54 6.0812477872452675
191 322 11.274174381469887
192 1474 1.5748206983559285
192 211 9.540307118020339
192 191 27.504763178821683
193 174 10.03385693843243
193 86 11.431822550027865
194 195 13.838424881678806
194 1518 5.793811367901689
194 199 7.917707396688436
195 196 8.063633480481933
195 194 13.838424881678806
195 202 8.453011899119273
196 184 4.064274728592508
196 195 8.063633480481933
196 205 8.085241060169327
197 206 8.603878780439539
197 173 10.106881069949406
197 175 16.614994272041542
198 200 3.4460615437522755
198 175 10.719306966685425
198 199 27.296068818868694
199 194 7.917707396688436
199 200 10.387000817925518
199 198 27.296068818868694
200 198 3.4460615437522755
200 201 9.402637531992992
200 199 10.387000817925518
201 200 9.402637531992992
201 203 9.245165287977365
201 202 10.876146802575635
202 195 8.453011899119273
202 204 5.519334160549264
202 201 10.876146802575635
203 201 9.245165287977365
203 8194 0.9551614864780732
203 8193 1.0048568951205679
204 202 5.519334160549264
204 8196 0.8658546374212828
204 8195 1.62749574770242
205 196 8.085241060169327
205 206 20.471546669479018
205 207 16.461120722398498
206 197 8.603878780439539
206 205 20.471546669479018
206 207 29.213813247212443
207 205 16.4611207223985
207 173 39.95299470922256
207 206 29.213813247212443
208 209 7.799681153046585
208 87 10.412013420932285
208 5539 10.337585145418876
209 210 7.83845026427759
209 208 7.799681153046585
209 322 50.61564932169282
210 209 7.83845026427759
210 5545 39.44984664575647
211 215 10.942718821860355
211 169 14.3316740006509
211 192 9.540307118020339
212 1472 2.5664776630819297
212 215 10.473596016528639
212 1395 27.041715553032223
213 217 8.344717881275303
213 1395 22.82690240393928
213 6952 33.18122607535393
214 217 8.608700458485574
214 6952 23.568843535166256
214 87 14.957477654971537
215 212 10.473596016528639
215 211 10.942718821860355
215 216 24.108118011368912
216 169 8.23124951032625
216 1395 7.861498376641666
216 217 25.4021100002727
216 215 24.108118011368912
217 213 8.344717881275303
217 214 8.608700458485574
217 216 25.40211000027271
218 8949 1.9163628189347486
219 9190 6.904410565524898
219 32 0.8027637255884686
220 9379 0.17489708051173675
220 6343 1.8957764055808877
221 1394 2.812475265631701
221 56 30.695196844625407
221 1004 5.022877750061447
222 226 12.263472527614612
222 285 3.535351814414212
223 222 0.6033728565082159
224 167 20.14358320985229
224 6387 3.23688770256005
225 1309 1.3287952073755303
225 2475 2.884083943818135
226 165 10.331001192044553
227 894 1.9270546025229698
227 228 1.6078831124074502
228 103 2.265956795225573
229 227 0.5724061683391599
230 231 0.5606658167584104
231 709 2.913543681572288
231 229 1.4982522944718935
232 6048 2.724654431229664
233 1593 2.4503382226126904
233 232 1.2767644565288747
234 3870 4.61259107760531
234 3029 4.7165692212745345
235 259 5.66573179815768
235 1616 14.2525617478027
235 416 3.506069115180917
235 1176 4.445064958999524
236 416 3.780426400399757
236 7139 2.4121236931127346
236 3523 7.0578123993582835
237 9258 0.2674919648718624
237 8700 2.0464881175864167
238 292 8.64337218000894
238 7959 11.088805761745096
239 458 2.9440056568381987
239 290 3.18648310209894
240 7153 37.50626930437361
240 1889 8.740649477047313
240 1940 4.624000979429093
241 1934 1.3131691932461538
241 279 0.9206952936894144
241 244 33.4485151886828
242 281 5.544243454163919
242 6579 2.754595735256869
243 7516 1.4444701346184161
243 4101 10.502228341405399
243 7149 12.190773667896147
243 9375 0.8602424812967183
244 7148 3.5921895794169574
244 241 33.448515188682805
244 7147 3.8287211476981278
245 265 28.075378048938912
245 1627 1.1017891051891486
245 7516 10.76053505393782
246 294 3.736712328514538
246 971 5.044187334988228
247 8064 2.1506056093682346
247 8700 10.04399758282632
248 8061 1.790125028111472
248 8056 1.6434356966094466
249 886 0.5627899208054181
249 1429 9.310588444078329
249 4041 2.6986967131753077
250 6494 3.381895111249597
250 3940 5.404006178646793
251 6013 8.84547047435381
251 3556 5.7834869945362755
251 288 2.571650964479211
251 9435 2.651925517969101
252 3559 5.13165056270591
252 308 3.758463213364886
253 252 13.001467588662472
253 2586 7.436260151497423
254 2430 1.985225481903177
254 7326 1.0807275775309442
255 256 21.193065991723277
256 255 21.193065991723277
256 6504 4.029007880074837
257 8801 14.791495373607448
257 256 7.020549847667839
258 310 1.0938382996886498
258 5510 5.024688236313445
258 6504 10.900260181447836
259 235 5.66573179815768
259 1172 6.3522642658147275
259 260 3.389426012253627
259 4452 3.265815848798404
260 416 9.728722971619469
260 1171 6.331019518265854
260 259 3.389426012253627
261 291 3.7054165760429374
261 323 6.081867932896797
262 3928 0.6603907801554012
263 7157 2.9725833950953047
263 7155 0.5347771652895125
263 266 14.058307013156226
264 7133 4.394273384277235
264 1889 0.42819192933114925
264 267 9.488826781814675
265 245 28.07537804893892
265 280 7.19104521929357
265 8022 13.567134583327954
266 269 4.395302651235392
266 267 16.88802476136999
266 263 14.058307013156226
267 264 9.488826781814677
267 266 16.888024761369994
267 268 4.352147861309806
268 271 3.454951833652788
268 273 3.8684906691752885
268 267 4.352147861309806
269 273 13.02349485271164
269 266 4.395302651235392
269 7157 14.51508554985759
269 270 4.200999667011064
270 274 12.821554689373523
270 7159 14.734420242177984
270 269 4.200999667011064
271 7133 6.712722292418633
271 268 3.454951833652788
271 272 4.632209355797513
272 7134 7.472230918784831
272 275 3.3974819880906244
272 271 4.632209355797513
273 268 3.8684906691752885
273 269 13.02349485271164
273 274 4.552599331962719
274 275 3.541153031085781
274 270 12.821554689373523
274 273 4.552599331962719
275 272 3.3974819880906244
275 274 3.541153031085781
275 276 3.8327286369630125
276 275 3.8327286369630125
277 7154 11.969429089988493
278 7128 0.6315299690295266
278 7151 35.51377472664426
278 1960 1.4201320480595967
279 241 0.9206952936894144
279 280 4.181434659380857
279 2016 14.47747985562101
280 279 4.181434659380857
280 1948 1.3180693715815053
280 265 7.19104521929357
281 1946 20.901149702751614
281 1948 4.8541511538323805
281 242 5.544243454163919
282 7148 0.617826552185097
282 284 12.689052413355002
282 7151 4.477963953458914
283 7126 16.105973974585762
284 282 12.689052413355002
285 225 0.5099168458748299
286 285 5.164561810996214
287 2838 1.833960060943335
287 5803 1.138369852081479
287 2468 11.389293574885428
288 385 5.885978124945218
288 251 2.571650964479211
289 3568 7.314476863599581
289 3564 8.441952225234017
289 392 12.86231062673662
290 6857 0.6547974925237856
291 239 0.898746589038864
292 6598 0.9921309750943489
292 291 6.836784003007131
293 238 11.410283155894104
294 1413 9.671488685778536
294 295 4.659770820103684
294 9296 6.365542713843584
294 246 3.736712328514538
295 6897 5.787624618485082
295 296 4.526387542228649
295 294 4.6597708201036845
296 942 5.115880052545827
296 297 5.287446994198269
296 295 4.526387542228649
297 9086 1.3453806614973272
297 9422 28.300871990415672
297 296 5.287446994198269
298 5763 12.249635484037512
298 9094 3.4749223827872684
298 3623 2.950842935716879
299 9128 1.1349644720076284
299 8385 2.879592038101759
300 7728 4.901847781095811
300 4103 3.4008198235809246
300 8875 5.252049307253872
301 6535 1.3295052252235438
301 3789 16.198076671232307
301 4062 3.2748939977838467
302 5086 2.5964021648188416
302 4106 4.623788799601879
302 4105 5.70604810025487
303 379 26.318426922118068
303 3430 2.608414791798074
303 304 3.617101771086532
304 1875 11.558324473661203
304 303 3.617101771086532
305 3327 11.854609380462097
305 9505 7.597367661314722
305 2352 8.722794490457796
306 8047 2.2873399950632756
306 5793 29.954739537999746
306 1493 11.945554131193537
307 1697 6.8645120101721275
307 3421 8.67400052723633
308 4471 18.084468925279786
308 252 3.7584632133648865
308 4469 4.833542015308671
309 9492 0.593728834620735
309 9493 1.0923672934359472
310 258 1.0938382996886498
310 311 7.6467169774014225
310 809 5.899631164429175
311 6503 4.574033696527472
311 1189 2.592310807432283
312 313 4.074099517060368
312 454 2.514825970633078
313 312 4.074099517060367
313 309 6.583852229803271
313 8837 8.180502527638955
314 9079 3.354857656761163
315 314 2.336974355537817
315 3023 5.616636339561393
316 8090 0.7911266541770545
316 3988 6.3658971020475885
317 6159 17.30158531850334
317 318 2.0313978701260718
318 319 4.134288510931583
319 409 23.47236639921893
319 320 2.135959615851312
320 3508 2.3409824427042945
321 1588 3.4006822396776553
321 444 3.9101490249849684
321 1442 3.640134494868834
322 172 4.208291374487562
322 209 50.61564932169282
322 191 11.274174381469887
323 324 1.1738964109206687
324 4039 6.297898965152165
324 425 5.348408313975447
324 3927 8.06967253339685
325 6858 15.421841952130437
325 4036 6.167090612213708
326 327 3.9345313848523404
326 1307 5.445976644911597
327 328 5.685945756885542
327 8062 6.755246237630274
328 3337 3.3468895178893567
329 347 4.644671477764998
330 329 32.42547513981766
330 337 6.008847072065916
331 336 0.947679362738816
332 335 0.8231967505179965
333 6923 0.7348882265188182
334 331 6.136992278087051
334 164 12.429464820424908
335 333 5.455066663995381
335 9510 0.9691681576842073
336 6068 4.219608815722455
336 332 3.3479758659896084
337 338 3.854976508647647
337 333 8.446783753481476
338 164 19.49426714623752
339 340 9.309309141301393
339 348 5.742459354762548
340 339 9.309309141301389
340 341 8.690336172878856
341 7340 3.6933058675676627
341 532 4.1474411555931
342 7949 28.70155103399142
342 7338 19.04221548806847
343 350 3.1656004795014026
343 344 2.0984169850597687
344 345 1.1044336852974972
345 1868 17.37126048500784
345 346 1.0983214461169981
346 8049 2.0321768326341565
346 8048 1.3657647336270142
347 348 1.0110684311364795
347 7342 0.9434005686385757
348 351 18.28451663026825
349 329 4.966482863007704
349 344 11.955473704021006
350 347 3.1107513381796705
350 7342 3.469221319181017
351 332 2.923092552004244
351 9510 4.297417994510508
352 8401 1.3265059799304548
352 8619 9.3214805526114
352 8399 5.888105744268954
353 286 15.01217457991636
353 354 16.350621252466002
354 165 4.206399981167857
354 338 31.20611218737718
355 735 6.420403792813273
355 120 3.0682591948998974
356 80 2.0551144085412614
357 1440 7.821819999403255
357 1435 8.869978717834954
357 8650 4.383398138726513
358 570 7.5619593914421745
358 8374 11.431421248509364
358 1399 2.894693535998931
359 6339 0.9351397610616358
359 1536 30.879903269431267
360 147 6.8332441929064895
360 57 5.2942965941223825
360 361 24.094127713513327
361 362 14.332112704820567
361 360 24.094127713513327
361 3952 4.27163269279204
362 361 14.332112704820567
362 9220 0.6884610094950387
362 5676 8.728233108843895
363 6940 2.501592138203431
363 364 53.66377424241536
363 365 24.189000209448796
364 363 53.663774242415364
365 8223 0.6543972115887434
365 8311 0.5809534067396204
365 363 24.189000209448796
366 2161 1.3510132363544347
366 1877 16.675549597630642
366 3949 8.100152652928813
367 1357 15.287002375648457
368 369 14.519502265791681
369 368 14.519502265791681
369 126 5.999897434215208
370 371 7.460794899951914
370 1424 0.8900384899800259
371 370 7.460794899951914
371 725 10.733206407030137
372 8794 5.74982947863801
372 1884 28.637086359144902
372 1194 5.25737740309937
373 9460 0.29900559913943847
373 8900 6.7132338888097065
373 1193 6.063963171037342
374 9461 2.4674479312085964
374 3688 16.929990263860876
374 4128 17.3989911675751
374 9460 2.328844474839678
375 3912 1.6046807808877535
375 3911 27.271193480067865
375 1885 5.561407328678122
376 4736 4.893877333870346
376 4131 13.543459789861698
377 4107 4.25378490302975
377 4074 4.931384428909342
377 4104 3.709411929613557
378 8528 1.3795825714796166
378 2930 1.0410710632997997
378 3476 7.066774913121467
379 303 26.318426922118064
379 2432 11.72180718945893
379 380 10.22673160881168
380 382 6.526992642954088
380 379 10.22673160881168
380 8382 50.27938643666545
381 9450 1.612104986321197
381 383 29.27529978338137
381 382 25.596186511076592
382 380 6.526992642954088
382 381 25.596186511076592
382 383 9.474277693027187
383 384 3.796858114992712
383 381 29.275299783381374
383 382 9.474277693027187
384 383 3.796858114992712
385 5985 3.7829439867808423
385 3564 13.02858825204122
385 4498 5.971061903549962
385 288 5.885978124945218
386 5989 7.3347898269811385
386 6880 15.750023411247309
386 3554 8.812902931076861
387 7396 2.464112434732468
387 3584 7.437545387780434
387 3590 11.336841682041042
388 389 12.239984580553934
388 6452 5.512537796473394
388 6457 5.529761258665263
389 390 4.850587407303065
389 388 12.239984580553932
389 6448 13.349289707111776
390 7396 5.16137430569701
390 389 4.850587407303064
390 4491 8.115632469001312
391 3590 7.545895917171569
391 3784 23.088594039186734
391 3596 14.524769205300197
392 3580 1.420498266326149
392 289 12.862310626736619
392 3586 14.11417562892942
393 3596 8.55015003219373
393 397 5.278584773059775
393 3589 7.100147480492063
393 3595 16.925921046242248
394 395 9.475765840927469
394 6484 5.7227022569053725
394 397 9.68228085790646
395 394 9.475765840927469
395 8283 5.498541270268513
395 3485 23.654826161866843
396 3482 5.778866170202563
396 6484 22.60890414370563
396 1678 15.442381272752987
397 6490 22.97383442336345
397 393 5.278584773059775
397 394 9.68228085790646
398 3777 8.705770474558584
398 3784 23.814612532943386
398 3783 20.566643910013646
399 3787 1.811024838568602
399 4073 17.04202679340738
399 3779 4.738657270968925
400 4966 7.367105548367244
400 4477 10.417358880621057
400 1082 10.716115492680363
401 3446 16.340833761144513
401 402 34.071416912551506
402 632 10.818560159535872
402 5273 5.430173392400513
402 4044 13.875006511222212
403 632 21.521847510666486
403 1690 4.927685948521974
403 1299 30.892093373957337
403 1704 14.030039878599919
404 98 0.8199125447693408
404 447 13.33678195048871
405 9175 1.4977266896966548
406 7081 3.222011409154757
406 2687 13.826126199864028
406 2688 22.194829490182578
407 4025 17.190665840687164
407 8294 13.616177959271946
407 2687 8.69911837140655
408 411 0.6043895895300341
409 415 0.7424558432212608
410 3504 15.83299603441743
410 409 0.9454427846860196
411 9471 0.7563462754080197
411 9472 1.8620079008988666
412 8860 3.4411593835828316
412 6168 24.784725842853128
413 4601 5.0894679873878745
414 8546 2.8349750666652476
415 6167 1.9387044356105239
415 6169 0.7700132175256105
416 236 3.780426400399757
416 260 9.728722971619469
416 235 3.506069115180917
417 7145 23.926590623252515
418 7145 0.9720730807693735
418 1597 5.632734110672619
418 1598 21.548065171283962
419 5706 0.7013254025459206
419 4449 3.3480851261692433
419 420 6.9741056329573405
420 419 6.97410563295734
420 3524 14.6246109824924
420 4445 10.263497973589221
420 1147 4.7779180705720234
421 422 6.9670409550930295
422 421 6.9670409550930295
422 9140 14.261802842271234
422 8917 7.3662114684358055
423 8917 22.88678940863602
424 6207 0.8600987780957411
424 1308 31.130987889030205
424 6208 8.801377258258292
425 6207 14.10641195507116
425 325 3.3974048648546473
426 3933 7.887858667357127
426 1427 3.4552738565376315
427 8956 9.409016171906744
427 6893 15.526068888190816
427 2072 8.587986614233554
428 429 3.668069517057128
428 21 3.211894407631576
429 428 3.668069517057128
430 8076 0.13846446274888138
430 432 6.346825837716167
431 430 5.965790876563507
431 5791 7.834979213363586
432 8036 3.2987988272164936
432 21 7.616051282972402
432 430 6.346825837716167
433 6358 0.7143872057362562
433 6900 4.340306425758016
433 434 6.430880839056573
434 433 6.430880839056575
434 8686 5.504704870133652
434 3027 13.100795171292036
435 436 8.820827968443306
436 770 18.82183214633389
436 435 8.820827968443307
436 437 4.562273523499253
437 9172 4.414433197913718
437 1422 9.086050119084167
437 436 4.562273523499253
438 4900 3.3285682672917973
438 3027 7.430816219345443
438 468 5.293031593441125
439 4111 35.73245596946711
440 906 1.7654531219620309
440 1587 2.739029114677103
440 2014 4.177881922413809
441 668 5.037125478936197
441 442 4.328187825031907
442 688 7.292555976767645
442 669 5.846699517738124
443 671 3.866599130190942
443 670 6.635901319216572
444 8823 6.246694351697167
444 321 3.9101490249849675
445 446 14.759933810038302
445 745 40.97985914739457
446 805 8.148744084232156
446 806 10.823221309029142
447 448 6.4270466184498805
447 404 13.336781950488708
447 450 11.954732299408866
448 447 6.4270466184498805
449 6294 12.365372725716899
449 451 10.177919315348197
450 451 3.987633772328586
450 447 11.954732299408866
450 744 2.922785326894393
451 450 3.987633772328587
451 449 10.177919315348197
451 6333 14.5958007937145
452 9491 4.752729159980778
453 455 15.823959414059306
453 805 6.224120899172807
454 312 2.514825970633078
454 6503 4.235948120974709
454 809 12.14324721964639
455 8837 7.373071172277616
455 9521 4.851171084504715
456 457 3.3114027388115663
456 8095 7.745679551608274
456 6503 5.151454881019584
457 456 3.3114027388115663
458 9373 1.4062248481039297
458 9374 2.7645320784997693
459 6155 22.55541160578285
459 3930 8.88322673649497
459 460 11.132547761070308
460 9260 6.593353356734941
460 459 11.13254776107031
460 461 18.872208124325503
460 8835 6.287757589449554
461 4463 1.849589470778058
461 460 18.872208124325503
461 7961 6.488330430844945
462 7358 77.62586190975173
462 5560 5.132698304118237
462 6926 8.952599381918164
463 8130 2.6668246944617797
463 464 102.94593028040366
464 9137 16.32555061560612
464 8656 34.31987712046908
464 463 102.94593028040364
465 631 6.367482062773701
465 9138 19.30785113032423
465 9170 14.974888533897756
466 7379 7.618985828639441
467 6357 1.141501745425518
467 4899 4.122201160980166
467 7378 3.03388090821149
468 3031 15.162721077929337
468 4391 8.71170168516604
468 438 5.293031593441125
469 470 7.037243590338053
469 9425 10.920623529043379
469 612 9.877720538583121
470 476 7.976800636987734
470 469 7.0372435903380515
470 477 9.106088468905556
471 607 3.700870183911371
471 7677 9.242790201005416
471 472 10.162969580952419
472 602 8.976430247907837
472 473 8.725017729163913
472 471 10.162969580952419
473 586 5.9013535239869155
473 472 8.725017729163913
473 597 6.77192690814383
474 7357 1.7197335884382532
474 7351 0.7932486558723808
475 476 3.3659178634377027
475 2071 5.630758843808743
475 7296 2.850185685959678
476 3035 3.1625739365210004
476 470 7.976800636987734
476 475 3.3659178634377027
477 501 8.031244367096555
477 505 16.30561996322704
477 470 9.106088468905554
478 491 5.428173171590814
478 492 4.703998408154917
478 500 5.553430748682186
479 481 5.4033784166214565
479 615 5.461310850693081
479 8020 10.309377850220645
480 481 6.41862848200472
481 479 5.4033784166214565
481 483 5.447736445571622
481 480 6.41862848200472
482 483 6.410194428452921
483 481 5.447736445571622
483 485 5.409616421769246
483 482 6.410194428452921
484 485 6.430788775497881
485 483 5.409616421769246
485 5276 1.8064206518075756
485 484 6.430788775497881
486 487 6.429387786658354
487 5276 3.7053335246162513
487 489 5.452820598349751
487 486 6.429387786658354
488 489 6.4187449226465905
489 487 5.452820598349751
489 491 5.356800057947836
489 488 6.4187449226465905
490 491 4.231150351180052
491 489 5.356800057947836
491 478 5.428173171590814
491 490 4.231150351180052
492 499 7.373444160880819
492 8677 18.384288647641295
492 478 4.703998408154916
493 495 6.078862925577833
493 494 13.056678105114404
493 8020 8.032542414791743
494 493 13.056678105114402
495 493 6.078862925577833
495 496 5.825609213627784
495 8677 7.011079512394248
496 497 3.8559864927872454
496 498 1.186711309509476
496 495 5.825609213627785
497 496 3.8559864927872454
498 496 1.186711309509476
499 492 7.373444160880819
500 5275 20.653046275498948
500 478 5.553430748682186
500 619 5.519025647317452
501 8021 0.4315766923302769
501 619 7.031611722028511
501 477 8.031244367096555
502 622 8.550520505199176
502 504 18.038332076093358
502 503 5.0917965686562665
502 2936 5.843324050651709
503 2650 9.626215485016134
503 502 5.0917965686562665
503 2651 5.14298439859967
504 630 18.113935478214664
504 502 18.038332076093358
504 628 5.458823159088656
504 2937 4.908280840686445
505 508 11.731350389163977
505 506 5.312531030545245
505 477 16.30561996322704
506 505 5.312531030545246
507 508 6.690149035625831
508 509 3.6067011687969184
508 505 11.731350389163977
508 507 6.690149035625831
509 508 3.6067011687969184
510 511 4.794157490297931
510 8039 10.097362877932875
511 510 4.794157490297931
511 3753 14.512995876179202
511 3751 3.2785838475875058
512 7667 5.217084991966849
512 3753 7.604239432201573
512 4267 11.3095439418308
513 8864 5.737502973523568
513 3772 10.011720044928072
514 6330 21.621690640337256
514 1187 20.70286866359787
514 7636 5.738009719237671
515 4023 4.953600796937894
515 2650 7.840474984265626
515 9361 29.887886102902755
516 2650 7.529842515237464
516 2938 3.717729138672188
516 8676 2.5177574449796283
517 7692 1.539796931355425
517 518 2.0142599581168494
517 6357 17.681641441343384
518 5341 1.893702741492323
518 517 2.0142599581168494
518 8030 2.76369577367125
519 6914 3.246031453028373
519 5336 40.20588465398309
519 6357 5.952631034309681
520 3050 0.874805842685483
520 75 4.63876322182394
520 2599 12.264259133365343
521 2594 23.85635963191508
521 522 7.921066421618512
522 2872 21.587447087432164
522 2589 4.177907796558752
523 2871 4.248623426356521
523 524 11.77785287519022
523 2872 4.436180487706213
523 729 23.031246966045213
524 523 11.777852875190224
525 1854 12.550826302671684
525 1238 19.697409179692357
525 8498 54.47759325140399
526 1238 0.8195107102265878
526 1240 6.553903400008912
526 6070 42.80546696833409
527 7348 14.785934446969959
527 4895 21.183199892189247
527 3973 53.94417634906515
528 9529 1.6075493682693704
529 4895 1.2844375597928992
530 531 0.19998710179831797
531 7345 1.9159188866369419
531 7344 1.2367282237685662
532 530 11.944621188067922
533 6929 14.859022269927776
534 7016 30.21272942570507
534 1040 10.93568663051126
534 6932 13.60954242871203
535 3981 16.905847005043956
535 4286 4.8989978957888445
535 3979 10.331537172319619
536 6596 0.9000496297689144
536 706 16.36216317519533
537 9114 1.5862721120490568
537 706 26.277350360944016
537 7965 19.33580778214945
538 539 19.870943904275155
538 1676 13.750365664035714
538 577 20.960805616169583
539 1432 18.9223869995015
539 538 19.87094390427515
539 540 13.14017128224057
540 7964 23.80433666790097
540 539 13.14017128224057
541 542 21.67272577686629
541 544 6.51025921908564
541 543 28.060578946535454
542 541 21.67272577686629
542 543 6.5052784616403825
542 768 10.315156791157268
542 545 6.475314060746288
543 7014 5.75010104133116
543 542 6.5052784616403825
543 541 28.060578946535454
544 8821 5.7443251172436405
544 541 6.51025921908564
544 545 21.52941747647931
545 542 6.475314060746288
545 150 7.198360577903841
545 546 13.071847884148607
545 544 21.52941747647931
546 545 13.071847884148607
547 8053 2.129270999059361
547 548 10.276965546865986
547 740 11.782341465370138
548 547 10.276965546865984
549 1507 4.615539566842354
549 1508 6.733098523363864
549 6359 13.003470428628322
549 6936 9.278465064988225
550 6359 2.0997491203165537
551 1381 15.436748141879843
551 31 4.224520020758466
552 1354 1.92801892207576
553 3947 1.2553591573523821
554 5571 0.7161811609639851
554 1383 0.4564324321975883
555 3822 1.705140857353394
555 2008 28.573448831260748
556 1198 7.472647984872548
556 558 3.221588720015487
556 557 27.243043911780305
557 9191 5.19499279739142
557 556 27.2430439117803
557 7587 0.8161728090778244
558 1195 8.945891033092003
558 556 3.221588720015487
558 8885 7.24762796822234
559 1197 10.324655493513738
559 560 12.669782718036496
559 2103 7.373460958965009
560 559 12.669782718036496
560 8950 11.961648217560795
560 2204 16.514845752840223
561 1220 0.590442692338911
561 1229 6.514611776175528
562 1291 13.8291273541197
562 2098 18.686675021490146
562 7569 6.5718819292428385
563 1275 14.03345610414368
563 1222 23.363014952260936
563 1221 3.6563358534636063
564 5162 34.049737256471545
564 3947 8.80623248843793
564 1374 9.723628591971915
564 5666 6.066956783802731
565 7399 5.062391646487022
565 566 23.080922352013616
565 3911 1.7429820567235312
566 1322 15.946734696043485
566 565 23.08092235201361
566 1325 5.109412188202615
567 0 98.19370402218439
567 2258 6.658493855753142
567 2264 4.73708770300299
568 8042 1.2036972092051745
569 570 2.494990782773801
570 569 2.494990782773801
570 3806 5.083327842097974
570 358 7.5619593914421745
571 102 2.427636088694102
571 3734 2.511974730807547
571 3733 1.4597812756806043
572 8066 0.612827387897909
572 5784 11.283693890354526
572 937 8.872503137405475
573 931 6.806843960684433
573 3801 4.172922939592302
573 934 31.680991563113857
574 677 11.106457098618332
574 5771 1.2777438969761785
575 9317 0.7121326002994219
575 751 6.908832768283114
576 574 1.2118282714102646
576 3914 15.805907350160156
577 8275 3.23415553525416
577 538 20.960805616169583
578 1511 12.803076125906255
578 1512 18.186926337493258
578 6941 16.083484912341515
579 580 7.434635303152412
580 581 3.1447349013336474
580 579 7.434635303152412
580 584 3.9676419505430904
581 582 1.6142916758310601
581 580 3.144734901333647
581 4467 5.328274952833376
582 581 1.6142916758310601
582 583 6.960389481604508
582 585 2.6002636157158743
583 582 6.960389481604507
583 7950 16.540364070889304
583 586 11.717962221104726
584 580 3.9676419505430904
585 582 2.6002636157158743
586 587 3.4338648078167453
586 583 11.717962221104726
586 473 5.9013535239869155
587 588 3.769184060948938
587 586 3.4338648078167457
587 591 4.902846271255872
588 592 4.969839582168906
588 589 7.879499949460024
588 587 3.769184060948938
589 588 7.879499949460024
590 6224 0.7420119176209048
591 6224 2.6666080159396235
591 8031 0.8598716863326594
591 587 4.902846271255872
592 588 4.969839582168906
593 594 3.5233398320140865
594 7674 0.8812280016261379
594 593 3.5233398320140865
594 595 4.241052294591964
595 4386 4.271923082788632
595 596 4.299189926932088
595 594 4.241052294591964
596 600 5.648517432636505
596 597 2.261618711938193
596 595 4.299189926932088
597 599 4.048326914950741
597 473 6.77192690814383
597 596 2.261618711938193
598 4386 1.7967834803221392
599 4285 1.529183487909179
599 597 4.048326914950741
599 4289 1.565828870673724
600 7676 0.8789687086743743
600 601 0.8856600190196913
600 596 5.648517432636507
601 600 0.8856600190196915
602 4387 9.733035778875069
602 472 8.976430247907839
602 604 6.093479913730344
603 7669 0.899585895599654
603 7668 0.8998416227497092
603 604 8.052201238969669
604 603 8.052201238969669
604 602 6.093479913730343
604 8752 3.9562850625976367
605 606 4.4838826141376265
605 8035 7.5297582547141975
605 8033 4.094349226570189
606 607 2.8348801182709296
606 605 4.4838826141376265
606 609 4.057621381436358
607 471 3.700870183911371
607 606 2.8348801182709296
607 611 4.995675927901873
608 8033 0.5218067543949898
609 606 4.057621381436358
610 611 12.32077616853432
611 610 12.320776168534323
611 607 4.995675927901873
611 3040 15.3380800120634
612 613 10.910273566705197
612 469 9.877720538583121
612 614 5.058230181271578
613 612 10.910273566705197
614 612 5.058230181271578
615 5275 18.228894661328106
615 616 5.51005717551753
615 479 5.461310850693081
616 5279 18.15891156479039
616 615 5.51005717551753
616 617 7.1741348078860385
617 5278 17.82309305944281
617 616 7.1741348078860385
617 618 6.226067883406348
618 2651 5.6682847745997575
618 5277 16.948000516926886
618 617 6.226067883406349
619 5279 20.16868315207783
619 500 5.519025647317453
619 501 7.03161172202851
620 625 2.3189976802777292
620 622 15.505313345866732
620 5277 6.176060781337613
621 8021 8.860088447647094
621 625 10.598404481619678
621 5277 11.674395451985923
622 502 8.550520505199176
622 623 6.82411292541193
622 2651 3.852847647261508
622 620 15.505313345866732
623 627 3.026092746183823
623 622 6.82411292541193
623 626 17.42838630726005
623 624 4.621563898505613
624 629 2.626025779661129
624 628 4.661180478649515
624 623 4.621563898505614
625 621 10.59840448161968
625 620 2.3189976802777292
625 626 6.193802885365882
626 623 17.42838630726005
626 625 6.193802885365882
626 5340 4.038796780601913
627 623 3.026092746183823
628 624 4.661180478649515
628 4095 5.950251536032304
628 2425 16.553592961488636
628 504 5.458823159088656
629 624 2.626025779661129
630 504 18.113935478214664
630 4096 1.1220954841744717
630 4089 7.82263701757092
631 2939 2.5934494768941754
631 465 6.367482062773701
631 4089 12.104310123664876
631 2935 3.431323618323648
632 403 21.521847510666483
632 402 10.818560159535872
632 1299 28.259385141560642
633 5083 3.9928551352181185
633 7184 4.770802141569855
633 3066 4.622596143371327
634 3143 3.3386915449178787
634 7798 3.1393650426832616
634 4303 11.381505624261465
634 5087 21.816929509588473
635 873 4.566991526443921
635 639 15.960546795007726
635 5089 5.592301336775475
635 140 3.995908073163176
636 638 2.753274120899477
636 637 6.101646068555712
636 141 20.788390257553257
637 636 6.101646068555712
637 4115 5.901641424430017
637 4917 3.072980695276253
638 636 2.753274120899477
639 8724 5.7401648405452885
639 635 15.960546795007726
639 7184 4.660328659870662
640 123 11.845246511175699
641 5815 1.0285919355083974
642 736 2.774956881931206
642 643 18.327663582199328
642 5815 24.521410497348942
643 3739 36.06722685069412
643 642 18.327663582199328
643 9111 3.0012036893637073
645 4043 12.02805674387666
645 7366 5.587248722480873
646 6868 0.6120363259314936
647 645 0.2895325337837308
648 2921 2.3877775852698426
648 2906 18.664968855733974
648 3472 2.3960099046896497
649 6241 2.0818006066583616
650 6239 6.227057866923659
650 5592 7.848600463359248
650 5630 9.31644441986006
651 5592 7.6728024306543
651 836 11.324817126273768
651 700 11.21798561796954
652 5116 20.014695436590905
652 6918 6.356211696895289
652 4666 7.952311745281714
653 655 3.1957681531466218
653 2454 6.161996590366934
654 5203 15.941709985758642
654 50 6.609905339978805
655 2453 1.6253845813158208
656 4759 9.58756317295843
656 828 1.1635196331652895
657 4186 1.6929710521052443
657 6164 1.5992741635418124
658 799 1.1230364133305688
658 4757 5.294799464010559
659 658 1.3914507014905337
659 2064 5.171145373089934
660 8097 0.16184372214304335
660 4313 8.13373772824081
660 1797 19.410871980379305
661 2112 3.9750058284743925
661 1254 12.84862082205123
661 6977 18.647287156224923
662 3826 3.00477302540254
662 3944 5.0930361992493225
663 6445 19.948949285419275
663 678 24.405820974138184
663 665 8.88903393415439
664 668 6.791751655845562
664 5314 6.381708623685748
664 665 21.906622005821013
664 666 30.061944579528586
665 664 21.906622005821017
665 747 34.284802293939414
665 669 7.773522345700114
665 663 8.88903393415439
666 664 30.061944579528575
666 676 20.47122184885543
666 667 6.504196373802783
666 690 27.058735821020537
667 668 16.89227759213465
667 674 19.933489401203662
667 5772 5.763524544863141
667 666 6.504196373802783
668 664 6.791751655845562
668 441 5.037125478936197
668 669 11.847841704947355
668 667 16.89227759213465
669 668 11.847841704947355
669 670 28.321609347534874
669 442 5.846699517738124
669 665 7.773522345700114
670 747 7.2371098807918335
670 443 6.635901319216572
670 669 28.321609347534867
670 672 8.742467844863096
671 675 8.130200337501986
671 672 6.744230770134182
672 673 6.9587204804544465
672 670 8.742467844863095
672 674 18.951098640501634
672 671 6.744230770134182
673 672 6.9587204804544465
673 691 7.655322715624321
673 747 14.164345763238478
673 5770 26.264079818281317
674 667 19.933489401203666
674 675 6.368697215004107
674 676 7.223887961100228
674 672 18.951098640501634
675 689 8.733590685032736
675 674 6.368697215004107
676 666 20.47122184885543
676 674 7.223887961100228
676 690 6.496016257591536
676 5770 5.175113894632138
677 574 11.106457098618332
677 747 8.569312125417405
677 679 12.816872314989824
677 711 14.143718238793568
678 680 7.618334460820806
678 663 24.405820974138184
678 679 4.215412563443892
679 677 12.816872314989823
679 678 4.215412563443892
679 5771 18.692409477927136
680 8092 0.6012710591863702
680 678 7.6183344608208055
680 751 24.804379602278566
681 6444 2.783300515096626
681 760 8.173079605690225
682 713 8.032425826767064
683 684 2.2807597064608762
683 3935 11.364025866628433
684 685 1.2307288684617752
684 686 18.936634978023772
685 683 1.8681986406465017
686 750 4.55836962174173
686 687 8.949442259809935
686 684 18.936634978023772
687 1588 8.49203513900087
687 686 8.949442259809935
687 685 26.12441247405467
688 5772 5.9846736904438895
688 689 9.386398007099913
689 443 11.529208094012512
689 688 9.386398007099913
690 666 27.05873582102054
690 692 30.51621079916579
690 676 6.496016257591536
691 712 5.411144868005717
691 711 7.1975980412245075
691 673 7.655322715624319
692 690 30.516210799165787
692 807 3.583361108219506
692 749 8.22650292039268
693 6898 15.275461810812505
693 6870 13.20811651889228
693 1308 9.216030837839135
694 8955 0.7382820152769993
694 696 6.496121497622135
694 695 1.908924499191807
695 694 1.9089244991918068
696 9 0.41749447356437364
697 9493 0.5457818241675767
697 9492 1.0602406065864336
698 5632 2.4450908076177966
698 5628 5.210483633356508
698 6235 14.202937655202481
699 5612 1.9095405246229924
700 7913 5.875960720277435
700 651 11.21798561796954
700 6285 24.9244592127621
701 7913 3.962695146989153
701 7915 11.996519538429272
701 702 16.1661090184242
702 7924 0.8750228625049049
702 4543 13.79239454493322
702 701 16.166109018424198
703 52 6.297022427527368
704 2263 5.345516744391915
704 2885 11.253697221224307
704 5664 11.64757813063017
705 1410 5.103024069451287
705 5665 12.39182261864562
705 3093 7.612142907558476
706 536 16.362163175195338
706 1432 41.66017450249331
706 537 26.27735036094401
707 708 1.6746803931022336
708 707 1.6746803931022336
708 3802 1.4462448722202148
708 3774 4.852219049740513
709 229 2.2528951672000805
709 3794 23.02291057236119
710 230 3.3952144921988485
710 7023 6.117180631308289
711 3914 3.7240235231084746
711 691 7.1975980412245075
711 677 14.143718238793568
712 691 5.411144868005717
712 748 3.736929617354763
713 807 8.123349777917067
713 748 3.112208174545979
713 682 8.032425826767064
714 9132 2.603076839716923
714 8956 6.032506164956049
715 9118 2.081246917653675
715 7381 3.43375364007475
716 1306 3.2252258522233155
717 716 0.9229246809965722
717 8824 4.115798571037964
718 9232 0.524953404674627
718 5087 9.459279724770742
718 8280 22.378138161440038
719 1299 16.52168828208147
719 6404 11.670184434023836
719 6869 10.181809963206783
720 6867 0.9881162833417602
721 8417 0.2182078840205821
721 720 21.299952851775952
721 1916 3.9172917465777815
722 7122 4.229563413401763
722 6310 2.532655555920778
723 7517 0.2933143813124265
724 6577 4.636190367735805
724 723 2.8766733891456524
725 144 27.212389002187628
725 2428 17.707835432141064
725 371 10.733206407030137
726 1700 1.523436043462272
726 6558 1.8557460912459085
727 803 18.597385376295993
727 2428 7.6810597932596645
728 1915 31.484111522433388
728 6866 24.309322557629027
728 1963 12.163358286986004
728 1914 6.359757965994167
729 730 0.3400060651400472
729 523 23.031246966045213
730 733 4.842379970348443
730 129 35.05375623427812
731 2951 12.514416442395884
731 9495 5.620323399263461
732 134 2.3996862796417466
733 369 5.946333211033401
734 128 0.23871393050798526
735 102 2.81464275874879
735 120 6.348215648392015
736 13 1.7585207430334435
736 14 11.147538379614003
736 642 2.774956881931206
737 1380 14.990917696293339
737 6939 4.728902155682363
738 8050 3.1972679418183363
738 7803 1.5251212213291778
739 6594 27.953150480767675
739 740 5.049040513149429
740 739 5.049040513149429
740 9114 163.2141991715441
740 547 11.782341465370136
741 8 2.988993476555847
741 3749 11.070544436189651
742 743 12.142020625076052
742 9513 15.7243519559764
743 2429 2.544785595131008
743 6403 7.2885800013859265
744 745 2.755286917973904
744 450 2.9227853268943926
744 806 10.356744762529692
745 445 40.97985914739458
745 744 2.755286917973904
745 8091 52.192001347499485
746 3992 0.6665378048650192
746 3995 4.395943971495423
747 677 8.569312125417405
747 670 7.2371098807918335
747 665 34.28480229393943
747 673 14.164345763238478
748 713 3.112208174545979
748 712 3.736929617354763
748 749 16.92715740526216
749 5770 10.642871512908375
749 692 8.22650292039268
749 748 16.927157405262165
750 686 4.55836962174173
750 4314 5.552255239010248
750 751 10.890480972371039
751 750 10.890480972371037
751 575 6.908832768283114
751 1305 10.699806258448872
751 680 24.804379602278562
752 8092 15.721493248828343
753 1701 0.5759431587629473
753 139 3.6382867236271563
754 99 1.3251876991371971
755 757 2.051906567492254
756 755 2.851872921966039
756 9015 0.854320069047393
757 758 1.2852925343280026
757 6402 1.9621012829769535
758 139 0.6913470982069326
758 6402 1.8490248507565277
759 1587 24.356850421851135
759 5314 21.41537072292501
759 8079 12.911811350501937
760 5314 1.5717519964281417
760 681 8.173079605690225
762 761 3.9112018906877117
762 890 24.70142875476692
762 6870 2.942322622726221
763 765 26.60628543899056
763 5158 9.99070424505888
763 764 16.098067623575034
764 6498 1.1831885872650445
764 6499 1.5388339149698897
764 763 16.098067623575034
765 763 26.606285438990565
766 1316 1.591380399642775
767 5158 4.5677406525697375
767 1439 14.951888510391045
768 542 10.315156791157268
769 6595 5.888131880857709
769 6596 1.4681946204452605
770 436 18.821832146333886
771 914 3.973153500154736
771 7836 31.423854135194908
771 915 3.8605157297372332
772 1768 10.487572353584993
772 1235 18.588727744457053
772 1802 7.7368703448703915
773 4719 8.807952064594064
773 1788 19.0242524311208
773 3942 5.508162194612496
774 3941 17.220285708046646
774 5327 10.79389535985716
774 1788 17.55909967970952
775 1737 31.614672325679994
775 7372 3.9727196197751917
775 1385 5.0425043103900276
776 777 6.147580515319575
776 3397 10.368193149387087
776 2121 7.563572498211874
777 6977 1.107086224047434
777 3830 1.580177630876018
778 3830 1.9149061094898332
778 776 6.236967207171228
778 3826 14.116835327759643
779 4819 5.324726768854877
779 780 2.937877056092231
780 781 2.538058079302561
780 1246 38.88064872330553
781 782 2.9062027123783367
781 2117 5.195075997025266
782 779 2.5945865453490566
782 5321 18.553491094805175
783 784 3.050454510684367
783 5321 6.291548727709716
784 785 3.218476216930352
784 3395 8.774925028748271
785 6517 3.1175515405687015
785 3394 19.95517813999255
786 3887 10.214411906540395
786 787 5.715641371706285
787 3889 10.269655849273535
787 788 3.4736716362113422
788 1263 15.01592979264007
788 789 3.521838808711153
789 4761 10.273925682848065
789 795 5.732733034909288
790 1271 14.852929624919737
790 786 3.6058699054135848
791 792 9.652707914703708
791 6144 25.630610235553757
791 2060 9.947263355380542
792 793 6.493862145781153
792 791 9.652707914703708
792 9200 7.861313482694574
793 794 25.116149831543492
793 792 6.493862145781154
793 4758 10.160087561161912
794 6144 35.661015268798046
794 793 25.116149831543492
794 798 7.607243483033448
795 1272 15.38534406670164
795 790 3.5553054891225018
796 2127 9.078752787820877
796 8446 8.4153824738653
796 1259 29.188406949174624
796 1250 4.01757005679996
797 3895 9.54645335944854
797 799 21.654227821318266
797 3885 31.278333165135326
797 4758 10.559840391997858
798 4758 35.081121531124424
798 3885 16.992718209416598
798 794 7.607243483033448
799 656 1.7583568328557095
799 797 21.654227821318266
800 7974 6.1175072249540525
800 1398 12.174800829973213
800 8374 3.8817988744481684
801 8809 0.7221718069640399
802 7382 2.3928953441245384
802 7381 6.922597740741486
803 727 18.597385376295993
804 6511 7.298112096571917
804 995 5.765128770596961
805 446 8.148744084232154
805 806 8.224503998270933
805 8837 14.532545172479528
805 453 6.224120899172807
806 805 8.224503998270931
806 744 10.356744762529692
806 446 10.823221309029144
807 692 3.583361108219506
807 713 8.123349777917067
807 808 6.743962918528405
808 807 6.743962918528406
809 454 12.14324721964639
809 309 7.808788387479361
810 2460 10.811576832947143
810 2462 2.117353362980099
810 2458 30.513539026395527
811 6462 17.647022603669825
811 2740 37.35565382277669
811 2800 5.162547804134871
812 950 5.228987837223783
812 1149 13.65501054493092
812 4462 6.666921117871872
813 8065 3.9035752490727664
813 1413 0.4582159604168456
814 816 1.2627217662503243
814 4569 14.871976661571004
815 814 1.4593623806656586
815 4234 0.6588318093202153
816 1647 1.5834204813020423
816 815 1.7980520233192956
817 4447 10.399136171466523
817 4449 4.95040986269018
817 1149 5.630631506718065
818 1007 5.9743238300278305
818 1018 15.393050060005395
818 1014 6.3794761620766085
819 8990 10.358379234127513
819 1018 7.836349515569605
820 8409 0.61230007045045
820 821 15.822619244642587
820 5318 22.060430781756537
821 4834 28.881959280812467
821 820 15.822619244642588
821 6122 11.541901866975225
822 4825 2.6143555794528988
822 4813 4.597794320901788
822 4817 14.386797655381423
823 4158 5.21093078739612
823 4149 4.953817904611292
823 4147 3.3221144159867735
824 5134 5.303255713849093
824 4162 18.670177953901643
824 5728 9.96657884058313
825 3254 19.239122986489527
825 4163 17.323889423494364
826 4819 1.0767144182190203
826 3014 7.346065186676063
826 5151 29.006308714851148
827 1601 5.534929595694605
828 659 1.7934015016529938
828 2059 34.247155363830714
829 5290 9.722413721113886
829 830 3.9371518818168028
829 5010 11.490323193920846
830 829 3.9371518818168028
830 5013 4.697805357794894
830 5292 15.751356653908022
831 4985 17.12194642300726
831 832 11.218295559542835
831 5013 4.4796201349471065
832 5004 4.377731864241927
832 5501 9.591887880591884
832 831 11.218295559542838
833 3634 7.022795081142541
833 9064 5.202604993879941
833 4989 15.93971987544277
833 5020 2.9099490090154685
834 6261 8.725930142159427
834 6254 8.872535914502164
834 7927 8.627711274000916
835 6253 12.016968898832724
835 836 7.702806944497631
835 6243 6.171907283182538
836 651 11.32481712627377
836 835 7.702806944497631
836 4666 8.545658877561769
837 4539 9.319718060178543
837 4673 7.975882243146498
837 4865 4.713308545181075
838 4403 14.556986347660251
838 1001 2.7516335980889477
838 9064 1.3182615062165348
839 4178 9.108301764256991
839 5110 13.328201907179476
839 6915 7.2924446651282375
840 9089 10.941865533285856
840 9109 24.871871966710657
840 1218 19.139513895440977
841 4425 10.936912366815918
841 842 10.997056163171736
841 4424 8.187261277915173
842 841 10.997056163171736
842 7924 15.406391676075447
842 4579 17.43246003963132
843 4412 6.7018542346571595
843 4356 5.012545181587339
843 4413 11.391768619770973
844 4366 4.687408443399803
844 4412 11.79949922660759
844 4418 11.38058870361387
845 7613 2.095516868332429
845 846 1.8121685633323186
846 847 1.4053252321369856
847 848 2.541456622702071
847 7605 4.139398307161647
848 849 1.3947729639902309
849 7604 2.4803987243772325
849 856 2.0727221042493644
850 7304 2.3877983803014606
850 7611 3.2945247357652137
851 7483 1.485323660260983
851 852 1.5916196331754398
852 853 0.6133237764518747
853 7485 1.7041148896558345
853 8820 1.2662937464506412
854 851 0.6371743087704971
855 4658 10.540120664155396
855 4657 13.843491405820473
855 7593 2.738312009968636
856 850 1.3550903023144751
857 5270 1.132889737075718
857 7310 2.965027698868734
858 7309 0.2597167426968704
859 4668 8.918372642714184
859 4667 7.557324514014771
859 8268 3.6851202161452554
860 9250 0.37406187183447287
860 7896 3.5465879789711905
861 5656 3.1158701096729287
861 4177 9.235242698278801
861 5109 3.068506324913757
862 5104 19.94623769303481
862 4177 7.3158603084166485
862 7899 9.185016000171562
862 4644 6.207297847001442
863 4634 2.2399799406605516
863 9345 1.9789562380143233
864 4542 9.550430906660834
864 4886 3.330606757576019
864 4880 11.263313412646575
865 4673 1.8567285552975572
865 4688 18.695858830285147
865 7552 10.76658531259239
866 5845 23.870887885560848
866 4880 5.133022065501989
866 5828 8.668571373357993
867 4688 1.1928903182183266
867 4687 19.824714973207318
867 4689 3.8585638937094013
868 869 8.881869491781668
868 4535 7.09828075197377
868 5829 15.340791353660983
869 870 8.050254771508365
869 868 8.88186949178167
869 3673 13.1381413504007
870 869 8.050254771508365
870 7735 7.637167275302206
870 4874 5.95413370609053
870 5828 22.493525603745752
871 4398 2.2244989048762576
871 5024 2.6469915167496745
871 7758 8.010624548863316
872 4138 9.359444300623569
872 3120 5.225411168472143
872 880 6.319522474419163
872 4142 22.321905517045355
873 3122 3.6756195583832194
873 4944 4.30049467748259
873 635 4.566991526443921
874 3701 2.432755374804346
874 3339 12.498293061762105
874 875 5.480745663372948
874 876 18.154645827290693
875 3729 1.813180697758119
875 3726 1.250252130084644
875 874 5.480745663372949
876 874 18.1546458272907
876 2886 11.61530904056769
876 877 5.701998234171244
877 3178 3.629583207127448
877 876 5.701998234171244
877 4071 5.276743207108641
877 3730 7.163093251921448
878 3052 2.3871497821149696
878 4070 1.6966853772487023
878 3080 11.392310387123976
879 4137 4.638187186054498
879 4139 1.7310865650159983
879 3077 3.2807980369389815
880 872 6.319522474419163
880 4136 6.136569183393337
880 3922 11.200237016359258
881 2875 5.833194158505689
881 884 15.096366539878977
881 1043 8.094363799378364
882 2874 4.791361255756034
882 3156 2.612467386342511
883 882 18.10938025339146
883 2876 3.7234374807839234
883 916 9.451353315184399
884 881 15.096366539878977
884 3 5.264548796719977
884 2876 3.5167629300409216
885 1307 13.762970456822822
885 3338 10.442896476833102
886 249 0.5627899208054181
886 328 5.519236512619918
886 993 8.263607829765634
887 3934 17.61560073918164
887 4034 3.5890473369748355
888 3698 6.646150033194243
888 7614 23.770236156893528
889 885 1.5709889434431417
889 6149 3.642359615974123
890 3991 3.1390171408938508
890 762 24.701428754766923
890 5748 6.759844273963768
891 935 23.10577144454717
891 5784 6.6965313084988685
891 931 6.88570512690787
892 8066 4.984865970512155
893 939 5.109457072114085
893 8830 7.910965751909482
893 937 10.657520768582012
893 895 5.607652307595069
894 228 2.0649214218800473
894 3741 1.8183629025305625
895 896 8.62877689990817
895 893 5.607652307595069
895 938 3.5752098913806667
896 895 8.628776899908171
896 3741 1.900280499745247
896 7 2.2057204522208784
897 900 7.023881970880376
897 6 2.7387399492387847
897 898 5.60455961640436
898 1486 32.31331163303296
898 5 5.985751735502168
898 897 5.60455961640436
898 8068 14.831716135254148
899 8081 13.769753878605846
899 936 15.139824961381708
899 8068 9.565092949544567
900 897 7.023881970880376
900 8069 1.3118514560907137
900 939 7.094971292759819
901 904 4.699656274144841
901 906 6.357848996583184
901 902 7.6054789965194765
902 903 5.232485975089959
902 905 3.955400063667604
902 901 7.6054789965194765
903 902 5.232485975089959
904 901 4.699656274144841
905 902 3.955400063667604
905 3067 0.8774998696358839
905 3999 3.033859927577203
906 440 1.7654531219620309
906 4007 4.789331527445761
906 901 6.357848996583185
907 909 4.580782314495472
907 908 19.932643619011774
907 3067 3.7116982320921084
908 1587 1.1890325419004897
908 910 4.607670716543676
908 907 19.932643619011774
909 910 21.955255676417437
909 907 4.580782314495472
909 3065 1.0486765638276143
910 909 21.955255676417437
910 908 4.607670716543676
910 912 3.7545005968632013
911 3065 2.6117570557400973
911 4928 1.4628054653934945
911 912 24.313176389756418
912 910 3.7545005968632013
912 932 1.4789272340279047
912 911 24.313176389756418
913 4928 2.510820946348861
913 1586 1.7617511874057066
913 9166 26.23477608337466
914 771 3.973153500154736
914 932 2.4611947096016795
915 917 18.604618084756122
915 771 3.8605157297372332
915 930 2.7737292137820133
916 9038 7.441293860242683
916 883 9.451353315184399
916 15 15.890619953871468
917 915 18.604618084756122
917 3053 17.07931711962893
917 1406 4.897374364985564
918 9038 30.445672629895768
918 4 2.9541949259719638
918 3 5.4156535294205765
919 3053 3.811935956326156
919 1406 18.40310350878649
919 4948 9.826480501759004
920 929 2.5114631036283996
920 930 1.6225127102050745
921 9038 2.9559624944966116
921 922 28.146366050066018
921 923 5.15332030908592
922 921 28.146366050066018
922 4 2.322629845994057
922 924 4.208627858971091
923 9168 25.25714426702316
923 921 5.15332030908592
923 925 5.143645603904462
924 927 1.1514006281908946
924 922 4.208627858971091
925 926 24.288287070389096
925 1406 5.438623550867799
925 923 5.143645603904462
926 925 24.288287070389096
926 929 1.2700878050288162
926 927 2.8668824905403074
927 924 1.1514006281908946
927 988 23.627408150187637
927 926 2.8668824905403074
928 989 6.377908399760014
928 5316 22.198626621566586
928 932 33.52291892168455
929 988 19.84592291433213
929 920 2.5114631036283996
929 926 1.2700878050288162
930 989 22.599088426976166
930 915 2.7737292137820133
930 920 1.6225127102050745
931 934 24.25547691172864
931 891 6.88570512690787
931 573 6.806843960684433
932 912 1.4789272340279047
932 914 2.4611947096016795
932 928 33.52291892168456
933 5784 21.521013295839335
933 935 6.399469259929347
934 935 6.361252107505182
934 931 24.25547691172864
934 573 31.680991563113857
935 934 6.361252107505182
935 933 6.399469259929347
935 891 23.10577144454717
936 899 15.139824961381708
937 893 10.657520768582014
937 572 8.872503137405475
937 8913 13.852445677615897
938 8067 3.4903753408499725
938 895 3.5752098913806667
938 7 4.972916936347111
939 893 5.109457072114085
939 8067 9.139866177311237
939 900 7.094971292759819
940 8911 5.461375181774172
941 949 12.882970078576767
941 957 21.4139261161573
941 4448 5.22291883381601
942 948 9.825238972071835
942 944 6.304848153652763
942 296 5.115880052545827
943 946 2.00344321271826
943 944 18.288882175217715
943 5698 3.5514052921616117
944 942 6.304848153652763
944 945 6.359627960405651
944 943 18.288882175217715
945 944 6.359627960405651
946 947 6.532095931601496
946 943 2.00344321271826
946 950 12.593913787452426
947 948 6.507344914664992
947 946 6.532095931601496
947 951 12.377954076126363
948 949 12.695976821079338
948 942 9.825238972071835
948 947 6.507344914664992
949 941 12.882970078576767
949 948 12.695976821079338
949 951 6.610527984805105
950 952 1.1491739359887994
950 812 5.228987837223783
950 946 12.593913787452426
951 954 1.6055545044432624
951 947 12.377954076126363
951 949 6.610527984805105
952 954 3.387234964067062
952 950 1.1491739359887994
952 953 9.309201072360947
953 952 9.309201072360949
954 951 1.6055545044432624
954 952 3.387234964067062
954 955 15.642115547882366
955 4448 2.3123206758888
955 4447 2.3939907946706604
955 954 15.642115547882366
956 1005 21.76471846343341
956 1008 4.1476058330097745
956 9085 12.72184715667077
957 1012 4.482178079273885
957 1014 22.4676881686707
957 941 21.4139261161573
958 959 12.059576049615456
958 5351 9.70373937538001
958 3624 16.551056653684867
959 960 1.1415395816609777
959 958 12.059576049615458
959 7584 7.153710325996902
960 961 4.616683232594031
960 959 1.1415395816609777
960 962 8.14849841784843
961 960 4.616683232594031
962 7585 1.1208389556663378
962 7586 1.1342953916170924
962 960 8.14849841784843
963 966 9.682712515453552
963 6548 12.467727876629718
963 6895 9.70510386265785
964 7584 1.9735921663883527
964 5351 8.310967237424792
964 966 7.784731646055456
965 967 0.360463049991968
965 5709 5.275692976909798
966 964 7.784731646055456
966 963 9.682712515453554
966 5709 5.067185923634773
967 969 2.3860618896669803
967 9086 11.668538678241829
968 6896 7.047362828785072
968 969 6.3458088055363495
969 967 2.3860618896669807
969 296 5.09927267296163
970 8061 1.9982063799251064
971 8054 0.9946819252506751
971 246 5.044187334988228
972 1596 11.11215891176372
972 1638 1.1782063177801883
972 1405 34.75344409499774
973 1638 3.3216830585992536
973 1636 1.978443578133409
973 4235 15.651175271499861
974 4733 29.49869803941373
974 7390 6.068584978521342
975 1660 5.775314768433463
975 976 11.175470522938813
975 1655 7.578472386313305
976 975 11.175470522938813
976 1663 7.329161276149685
976 3328 5.032080413137499
977 2894 4.249691147467605
977 3271 4.510969621680866
977 3277 9.42521196843488
978 6577 1.774950951619679
978 723 4.416384299715774
979 242 2.6684202034798474
979 6579 1.3074389603354797
980 1901 19.776199027277123
980 143 2.4854935949993955
981 7117 12.927943980916602
981 3284 10.778010230080076
981 9459 4.197090875457285
981 7119 4.832975074372345
982 3288 15.128006923395928
982 3279 4.97090171621037
982 3282 2.984754966707381
983 3629 10.023610427867776
983 3222 24.805620160971124
983 5445 16.54631805752648
983 6218 5.853714679645792
984 3103 7.374207703990172
984 142 2.9668324747469197
985 2258 7.00773831224345
985 986 3.9569950671110132
986 8798 1.2305990532990572
986 9490 1.4165122758542128
987 540 19.193181547930678
987 1379 13.345392302228129
988 989 6.180950722480775
988 8080 11.893484611172966
988 929 19.84592291433213
988 927 23.627408150187637
989 928 6.377908399760014
989 988 6.180950722480775
989 5317 22.09666845678895
989 930 22.599088426976166
990 5818 3.761417762811484
990 445 4.390580120673383
991 1624 8.186516076493906
991 1625 2.842088198488623
992 4432 2.4422610217115928
993 1618 9.452783865540693
993 8063 0.8336354160918061
993 886 8.263607829765634
994 9196 4.886926212358009
994 9197 3.677668848841413
995 9427 0.6674193837524076
996 5263 19.319404737049908
996 2277 3.8502518450900505
997 6195 5.192906849242843
997 998 17.218961525768187
997 5264 23.970718369031758
997 5391 5.081286780120035
998 5428 4.0483365546118915
998 5427 8.74249920120809
998 997 17.218961525768187
999 7405 0.573191878208572
999 3353 24.86633997521517
999 7179 5.2732140192133485
1000 3342 21.557919822265657
1000 4986 3.3515019405670716
1000 1225 4.253001442974034
1001 3634 3.6984968054104326
1001 838 2.7516335980889477
1001 9064 2.9157865180931943
1002 1502 15.022962730537207
1002 1492 4.793625806456442
1002 1493 7.201266010627189
1003 1486 7.956214940293655
1003 1492 8.906062523949904
1003 1491 24.3720224263349
1004 1460 12.801507985876908
1004 1853 8.244743574427542
1004 221 5.022877750061447
1005 1006 6.155377603572592
1005 1008 14.998016011663886
1005 956 21.76471846343341
1006 1005 6.155377603572592
1006 1009 13.743610647027298
1006 5763 6.623865115060011
1007 5763 14.429265892971644
1007 818 5.9743238300278305
1007 1010 8.42764321676024
1008 1005 14.998016011663886
1008 9093 3.8543287962956523
1008 956 4.1476058330097745
1009 1006 13.743610647027298
1009 9094 0.6866752518078849
1009 9093 0.24732473464309226
1010 5701 1.20942805981838
1010 4318 5.290223003538198
1011 1012 3.4180193349184
1011 1016 12.907519534251326
1012 1011 3.4180193349184
1012 957 4.482178079273885
1012 1013 22.488876333477823
1013 1015 5.290151823848863
1013 1014 6.849710990450518
1013 1012 22.488876333477823
1014 1013 6.849710990450518
1014 818 6.3794761620766085
1014 957 22.4676881686707
1015 1013 5.290151823848863
1015 1016 10.564251344856904
1016 1602 20.471211617216323
1016 1011 12.907519534251326
1016 1015 10.564251344856904
1017 1021 2.11562176013747
1017 3329 10.44225635158987
1018 819 7.836349515569605
1018 1019 8.455955309542071
1018 818 15.393050060005391
1019 1018 8.45595530954207
1019 5717 4.23864098159002
1019 4958 3.267343109026767
1020 1021 7.776961963950217
1020 1023 27.025932973348002
1020 5712 7.602351521889182
1021 1017 2.11562176013747
1021 5717 0.8095619335799881
1021 1020 7.776961963950217
1022 1023 9.100913333833516
1022 1024 7.5707825276289595
1022 4963 11.700615351006165
1023 1022 9.100913333833514
1023 1020 27.025932973348006
1023 5714 8.140502410584428
1024 1022 7.5707825276289595
1024 1025 8.077707376422564
1025 1024 8.077707376422564
1025 7253 15.831250129738216
1026 1027 10.12294703030882
1026 3615 5.357554111103226
1026 1028 8.820460734487826
1027 1026 10.12294703030882
1027 1052 10.655025130910039
1027 1418 2.5615355803524125
1028 1026 8.820460734487826
1029 1052 25.886566384376486
1029 1055 9.448434599017896
1029 9046 17.917613200907514
1029 1036 6.509737391051526
1030 1049 6.287864748938696
1030 1117 6.281954261945024
1030 2319 6.018288729504656
1031 4961 4.545403841485631
1031 4517 8.920340520390306
1031 3621 9.505069426469454
1032 1033 34.026476607126895
1032 1034 6.843775687844983
1032 3334 10.563043622848541
1033 1032 34.0264766071269
1034 1032 6.843775687844983
1035 1037 2.6483436528181685
1036 3612 7.7747939390945415
1036 7255 2.5513441759171727
1036 1029 6.509737391051526
1037 3612 8.736473719244163
1037 1035 2.6483436528181685
1037 1038 16.021439486710744
1038 1037 16.021439486710747
1039 5159 3.166929902606524
1039 1317 12.927260679795134
1039 1316 10.161502176075231
1040 534 10.93568663051126
1041 1042 6.256879159164991
1042 1041 6.256879159164991
1042 104 17.179686365481125
1042 8822 2.5217504593357183
1043 881 8.094363799378364
1043 11 1.8102101469151755
1043 2 16.827226910325724
1044 1045 12.146603722554033
1045 1044 12.146603722554033
1045 1048 3.8092823570686525
1045 1047 5.9948150347657645
1046 1047 2.693033823032341
1046 8306 1.1007798197979748
1046 8307 1.4805190366043919
1047 1046 2.693033823032341
1047 8626 0.9300878277131711
1047 1045 5.994815034765765
1048 1049 6.8821347139260425
1048 4531 2.2240083122950742
1048 1045 3.8092823570686525
1049 1030 6.287864748938696
1049 1048 6.882134713926042
1049 8297 12.21940951458667
1050 8297 0.8678174510520165
1051 3335 7.169533971562206
1051 5078 12.180432950395815
1051 2313 1.7131198764843591
1052 1053 8.34996630740022
1052 3610 17.111403484561524
1052 1027 10.655025130910039
1052 1029 25.886566384376486
1053 1054 4.3754974943673695
1053 1052 8.349966307400218
1053 1061 10.922839436484141
1054 1053 4.3754974943673695
1054 4090 10.69149227886331
1054 7252 10.263373120657867
1055 1056 0.6275396390268287
1055 1058 24.880773477181734
1055 1029 9.448434599017896
1056 1055 0.6275396390268287
1056 1057 6.450587794200707
1056 1061 12.059722960812296
1057 1056 6.450587794200707
1057 1058 3.0445040033509843
1057 4090 9.94312851479093
1058 1057 3.0445040033509843
1058 1059 5.220130494621025
1058 1055 24.880773477181734
1059 1058 5.220130494621025
1059 1060 6.3795067284002815
1059 1062 17.11582273784727
1060 1059 6.3795067284002815
1060 1067 4.651258565806878
1060 1065 3.5321067890139357
1061 1053 10.922839436484141
1061 1056 12.059722960812296
1061 4090 5.231483269348273
1062 8764 1.4353390811720816
1062 1063 1.2258725329882758
1062 1059 17.11582273784727
1063 1062 1.2258725329882758
1064 7752 0.970040113585622
1065 7747 10.975038535960527
1065 1066 2.9621085570015806
1065 1060 3.5321067890139357
1066 1065 2.9621085570015806
1067 1060 4.651258565806878
1067 1069 12.876083513190471
1067 2353 5.688129872255994
1068 1420 40.71529293650137
1068 1071 9.376351843281887
1068 1069 3.8024499390470785
1069 1068 3.8024499390470785
1069 1067 12.876083513190475
1069 1070 12.15630360792708
1070 1069 12.156303607927079
1071 1068 9.376351843281888
1071 2357 19.21035504350289
1071 8765 10.344337059415295
1072 8967 3.706998520161556
1072 8971 7.212398875703109
1072 2357 7.991141057968612
1073 1870 70.35678441595309
1073 1074 9.089039409482279
1073 1080 9.085829846537475
1074 1075 16.089121128607573
1074 1073 9.089039409482277
1074 1104 8.500496952925888
1075 1076 5.969583555319847
1075 1074 16.089121128607573
1075 7753 7.947588541240439
1076 1077 6.820574005159888
1076 1075 5.969583555319847
1076 7748 8.69455568883758
1077 1078 24.88991216343484
1077 1076 6.820574005159889
1077 1100 7.674204508412566
1078 1097 6.285246464003773
1078 1079 23.31025154794453
1078 1077 24.88991216343484
1079 8485 14.41019426894109
1079 1096 7.23353964424233
1079 1078 23.310251547944535
1080 1073 9.085829846537475
1080 1087 6.954659522023969
1080 9046 6.629665313311641
1081 7858 9.35183825620296
1081 8971 6.174177770365573
1081 1096 6.417079028279256
1082 1093 9.613240789858699
1082 1127 12.155935658534744
1082 400 10.716115492680363
1083 1092 11.304754428152632
1083 1084 10.457298075228467
1083 1127 6.800737510942062
1084 1090 9.79135177760593
1084 1085 7.879134642065783
1084 1083 10.457298075228467
1085 8614 8.835357861255671
1085 1086 6.898281853364746
1085 1084 7.879134642065783
1086 1088 10.289378433905515
1086 1873 7.410854992557621
1086 1085 6.898281853364746
1087 1874 18.497604645626854
1087 1080 6.954659522023969
1087 1873 12.99895360369129
1088 1086 10.289378433905515
1089 1090 6.934393931538529
1090 1091 4.8910919577341385
1090 1089 6.934393931538529
1090 1084 9.791351777605929
1091 1090 4.8910919577341385
1092 1083 11.304754428152632
1093 1082 9.613240789858697
1094 7858 1.0430067127084337
1095 1096 11.449761361385566
1096 1095 11.449761361385566
1096 1081 6.417079028279256
1096 1079 7.23353964424233
1097 1098 3.2205512096939573
1097 1078 6.285246464003773
1097 8486 1.298453614652806
1098 1097 3.2205512096939573
1099 1100 3.6083615634431037
1100 1099 3.6083615634431037
1100 1077 7.674204508412566
1100 1101 11.897653402680922
1101 1100 11.897653402680922
1102 7748 6.084747273462554
1103 7753 1.0528157027869545
1104 1074 8.500496952925888
1105 8212 4.990808297229208
1105 4527 7.0357287656471446
1105 8622 13.960311033093992
1105 4468 8.774571502093734
1106 6538 4.280681881342216
1106 4468 8.873599912924519
1107 1428 4.9657588551274445
1107 1623 4.193708315004512
1107 6539 8.247704586528885
1108 1428 3.992359421985855
1108 1109 2.1880789997762773
1109 5720 6.051746591728773
1109 1108 2.1880789997762773
1109 1110 7.426685075377933
1110 4041 3.933391686878445
1110 1109 7.426685075377933
1110 1618 12.25179131273899
1111 7301 0.4980797744893031
1112 1113 12.053497301884216
1113 3530 2.646378098536224
1113 1112 12.053497301884214
1113 1115 10.381868371587313
1114 6491 5.075145409176423
1114 6548 11.096219762447591
1114 6479 5.235540723542887
1115 6548 1.458857729763225
1115 3526 5.252789019361711
1115 1113 10.381868371587313
1116 8299 1.4454058548675583
1117 2313 9.51574176536027
1117 1030 6.281954261945025
1117 8299 6.2821834766563
1118 3781 0.9736806752168461
1118 4504 11.516684979435118
1118 3588 6.573904981445307
1119 4503 1.4647542699311569
1119 4504 6.2047842539979365
1119 8846 16.755888106219135
1120 4478 9.894605192757565
1120 5071 15.18574580348364
1120 4476 6.733075887542203
1121 4475 2.350421771751021
1122 4475 6.526036373558157
1122 4483 7.334300457969887
1122 3567 12.735121014196721
1123 1124 12.319334411001815
1124 8288 3.266252080967467
1124 1125 3.952620791261273
1124 1123 12.319334411001815
1125 1126 3.1979434067965027
1125 1130 4.0065608327977795
1125 1124 3.952620791261273
1126 1125 3.1979434067965027
1126 1127 3.613816703298323
1126 1131 10.214083822905808
1127 1126 3.613816703298322
1127 1083 6.800737510942062
1127 1082 12.155935658534744
1128 8288 7.817914594319367
1129 8288 5.9394584204847645
1130 1125 4.0065608327977795
1131 1126 10.21408382290581
1132 1134 4.919281100803514
1133 4224 3.149661884936745
1133 1134 7.733947236404312
1133 1135 5.839991202922753
1134 1132 4.919281100803514
1134 6904 4.367826228126884
1134 1133 7.733947236404312
1135 6592 5.36984036544127
1135 1133 5.839991202922753
1135 6903 1.7468855067031823
1136 6592 1.1602993720757033
1137 1142 3.9428680858030596
1137 1138 4.50934107389313
1137 4464 6.684308002891935
1138 1140 6.7243186026411035
1138 1137 4.50934107389313
1138 1139 14.249855849380328
1139 6901 10.83506899658728
1139 1138 14.249855849380324
1139 5705 9.087304184631655
1140 1138 6.7243186026411035
1141 1142 4.028356123638005
1142 1141 4.028356123638005
1142 1148 2.262032305023377
1142 1137 3.9428680858030596
1143 1144 4.721424248203643
1144 1148 1.7534834450382428
1144 1143 4.721424248203643
1144 1146 4.178905232916192
1145 1146 5.834654756884261
1146 1145 5.834654756884261
1146 1147 3.2964480258276843
1146 1144 4.178905232916192
1147 3524 16.85255487680159
1147 420 4.7779180705720234
1147 1146 3.2964480258276843
1148 1144 1.7534834450382428
1148 1142 2.262032305023377
1148 1149 14.629150443770921
1149 1148 14.629150443770921
1149 817 5.630631506718064
1149 812 13.65501054493092
1150 6362 3.7536036854457113
1151 5537 7.9252893888462745
1151 6362 16.487081276065492
1151 1155 3.7690883986221317
1152 1169 7.097395567199561
1153 1165 9.061502614643018
1153 1164 6.349485151133215
1153 1167 5.133234753006416
1154 6363 2.932845387251258
1155 1156 7.277700053254318
1155 1151 3.7690883986221317
1155 6363 13.474635359122521
1156 1155 7.277700053254318
1156 1158 6.28056734264678
1156 6368 16.513878271553338
1157 1160 1.3265725836623807
1158 1156 6.28056734264678
1158 1160 9.350707971796012
1158 1162 9.045960470918827
1159 6374 0.9915132010839339
1160 1158 9.350707971796012
1160 1157 1.3265725836623807
1160 6374 4.926513607888531
1161 1162 6.958272347837532
1161 6371 1.613227655726967
1161 6366 1.269413714988676
1162 1161 6.958272347837532
1162 1158 9.045960470918827
1162 1164 6.213751596811209
1163 1164 9.557837440928134
1164 1163 9.557837440928134
1164 1162 6.213751596811209
1164 1153 6.349485151133215
1165 1153 9.061502614643018
1165 6372 0.7532736961957824
1165 6364 0.7342423480678552
1166 6365 0.7054941758990636
1166 6373 0.8325515218500934
1166 1167 11.589236371974652
1167 1170 5.611293865932578
1167 1153 5.133234753006416
1167 1166 11.589236371974652
1168 6370 1.3310592407958026
1168 1169 11.294176030611338
1169 1168 11.294176030611338
1169 1152 7.097395567199561
1169 1170 12.303587012173
1170 1167 5.611293865932578
1170 5539 7.351125449144594
1170 1169 12.303587012172997
1171 1173 4.357373633694011
1171 260 6.331019518265854
1171 7822 19.65389257151847
1171 3523 4.548142694510812
1172 1173 13.87683555962224
1172 1174 4.72980978539048
1172 259 6.3522642658147275
1172 4451 5.161763388728722
1173 1172 13.87683555962224
1173 1171 4.357373633694011
1173 1630 1.68589922358397
1174 1421 9.57361651189619
1174 4441 12.581556555193847
1174 1610 4.765306765663169
1174 1172 4.72980978539048
1175 4452 0.8629087302933321
1175 1611 2.2451386196132095
1175 1176 4.515089545430925
1176 235 4.445064958999524
1176 4437 7.560259763463051
1176 1175 4.515089545430925
1176 1177 3.3821189301592915
1177 4436 7.700195049922892
1177 1176 3.3821189301592915
1177 4450 6.430357126497531
1178 4450 2.9211022610237283
1179 1180 4.344709857580625
1180 1179 4.344709857580625
1180 5532 7.662287523220054
1180 1185 7.67211612365238
1181 1183 7.3366884075673084
1182 1183 5.012972103333407
1183 1181 7.33668840756731
1183 1185 3.4792642208099065
1183 1182 5.012972103333406
1184 1185 7.590759026876602
1185 1184 7.590759026876602
1185 1183 3.4792642208099065
1185 1180 7.672116123652378
1186 3873 15.586193245409543
1186 3926 15.927484842578792
1186 9384 5.169563065172708
1187 514 20.70286866359787
1187 3873 6.434930552084001
1187 1188 5.000571558601286
1188 1187 5.000571558601286
1188 8077 1.3293135854725693
1188 8078 4.212154357747263
1189 7655 10.952766363824514
1189 8096 8.644656940445392
1189 311 2.592310807432283
1190 2896 3.604401964387513
1190 1191 14.058796813835354
1190 2903 4.186404538187616
1191 7194 5.560386949274754
1191 1190 14.058796813835354
1191 7196 5.246179438001192
1192 7192 13.405225598071315
1192 7187 3.003794862365216
1192 7195 6.266307073503563
1193 1884 19.699454314366157
1193 8794 0.31066251198350886
1193 373 6.063963171037342
1194 2400 11.517379557825501
1194 372 5.25737740309937
1194 8949 10.83704901852349
1195 1196 25.60348478070758
1195 558 8.945891033092003
1196 2104 1.659118654194527
1196 1195 25.60348478070758
1197 2104 8.470576602746304
1197 559 10.324655493513738
1197 1214 7.518186588370071
1198 556 7.472647984872548
1198 2267 7.011322374048961
1198 5666 13.016044388701035
1199 1202 10.742872070202653
1199 1213 22.383156469685527
1199 5583 10.961339590725174
1199 1200 7.682438372130412
1200 1207 5.7887694332278015
1200 1211 20.17602753611695
1200 1201 34.958354171150745
1200 1199 7.682438372130412
1201 1206 4.722520165336743
1201 1202 49.88966724739771
1201 1200 34.958354171150745
1202 1203 5.234776442766174
1202 1201 49.88966724739771
1202 1199 10.742872070202653
1202 1251 5.57631316081016
1203 1202 5.234776442766174
1203 1212 2.101350199194266
1204 1205 18.42561990818034
1204 1210 2.07733143600797
1205 1204 18.42561990818034
1205 1208 2.2268624287492096
1206 1201 4.722520165336743
1206 1209 2.437209118465653
1207 1212 4.929095811827596
1207 1200 5.7887694332278015
1207 1208 23.946327959791294
1208 1207 23.946327959791297
1208 1206 2.6447206075565144
1209 1210 27.893660368186385
1209 1205 1.9607779007282942
1210 1209 27.89366036818639
1210 1203 2.1535226855990985
1211 1213 8.520055246011514
1211 1200 20.17602753611695
1211 8794 52.01889414097323
1212 1207 4.929095811827596
1212 1204 2.0639820528587243
1213 1211 8.520055246011514
1213 1199 22.383156469685527
1213 5582 13.74490872735383
1214 1215 7.49310727398606
1214 1197 7.518186588370071
1214 2103 13.06272774492451
1215 1216 7.761101949195886
1215 1214 7.49310727398606
1215 2102 19.004062340408158
1216 1215 7.761101949195886
1216 2100 6.184695443976697
1216 1217 19.44231210492423
1217 1216 19.44231210492423
1217 1219 39.35896864936608
1217 1218 26.413524663300223
1218 1217 26.413524663300223
1218 840 19.139513895440984
1218 8891 11.573917940313162
1219 1220 15.013276985329103
1219 1217 39.358968649366076
1219 1848 7.700135264714359
1220 561 0.590442692338911
1220 7569 0.5710195158625381
1220 1219 15.013276985329103
1221 1850 5.480242022191845
1221 563 3.6563358534636063
1221 3904 6.953632314323619
1222 6604 1.0112377337760488
1222 563 23.363014952260933
1223 8253 7.372908755451616
1223 1224 7.211955322240865
1223 3359 4.631011469928214
1224 1225 42.036543085071926
1224 1223 7.211955322240865
1224 3367 10.506640990618253
1225 4857 4.099975754014147
1225 1000 4.253001442974034
1225 1224 42.036543085071926
1226 4870 14.277151453599584
1226 4857 7.717146641794109
1226 5010 12.600974122054224
1227 5026 1.541367010268035
1227 4870 5.889521862231442
1227 4856 4.392710364311332
1228 1229 19.812303821136705
1229 2198 4.153917295613867
1229 1228 19.812303821136705
1229 561 6.514611776175528
1230 9483 1.3034990504620965
1230 9110 0.7664727490354042
1231 5161 1.0937677950443256
1231 5162 4.971338869195757
1232 5163 7.4198320921093694
1232 1466 6.2382614656805035
1232 1829 10.915837838809223
1233 9494 2.232354371756562
1233 1813 7.659694089756881
1234 3824 0.6522628725727682
1234 7375 4.537897388970891
1235 1777 8.189748271389034
1235 3942 10.49717815524189
1235 772 18.588727744457053
1237 1236 13.798067675593893
1237 6386 15.81380154783321
1237 5800 4.822395548406474
1238 526 0.8195107102265878
1238 525 19.697409179692357
1239 1240 7.351907632515821
1239 1238 6.782694055501324
1240 26 7.018022185552035
1241 5558 1.0071951117924096
1241 6943 10.570011549987907
1241 1512 16.93517273644929
1242 1243 25.261262854519245
1242 6947 10.490295596050998
1243 6951 11.58222804154296
1243 1242 25.261262854519245
1243 3990 3.9872448900838817
1243 6950 26.493206133595116
1244 257 8.94902193286726
1245 1269 7.5310224440569735
1245 1245 26.412628438873693
1246 1260 8.303149572722335
1246 780 38.88064872330553
1246 1256 8.02900466322387
1246 8994 28.729148408150554
1247 1265 9.019794440410303
1247 1248 30.68713004819974
1247 1271 35.83304181455236
1248 1266 7.477848803233354
1248 1249 8.802333124910062
1248 1247 30.687130048199734
1249 1264 7.098160525443467
1249 1250 17.813123759799577
1249 1248 8.802333124910062
1250 3378 15.4113661791577
1250 796 4.01757005679996
1250 1249 17.813123759799577
1251 1202 5.57631316081016
1252 1259 7.550650954334543
1252 2129 10.170397435661636
1252 2128 10.268388242646756
1253 1258 7.811697857312267
1253 4313 10.041469661701065
1253 2130 15.062504266310098
1254 2113 11.221083894770457
1254 1257 23.689537669466418
1254 661 12.848620822051227
1255 1273 8.064726553563593
1255 1255 23.21556315982518
1256 2117 33.847769891309504
1256 1257 22.623352851471495
1256 1246 8.02900466322387
1257 1261 7.563961516730139
1257 1254 23.68953766946642
1257 1258 30.72853042627924
1257 1256 22.623352851471495
1258 1262 8.93757610087743
1258 1253 7.811697857312267
1258 1259 29.209311613113695
1258 1257 30.72853042627924
1259 1252 7.550650954334543
1259 1263 7.429564525850259
1259 796 29.188406949174624
1259 1258 29.2093116131137
1260 8445 1.403552639409988
1260 1246 8.303149572722335
1260 1261 25.722312249581005
1261 1257 7.563961516730139
1261 1273 7.488314824759705
1261 1262 26.057818121521276
1261 1260 25.722312249581005
1262 1274 10.186326372891552
1262 1258 8.93757610087743
1262 1261 26.057818121521276
1262 1263 22.14162756299905
1263 1259 7.429564525850259
1263 788 15.01592979264007
1263 1262 22.14162756299905
1263 1267 21.906693548614335
1264 1249 7.098160525443467
1265 1247 9.019794440410303
1265 1268 9.845766060516677
1265 1266 26.065932041765258
1265 1271 22.009509332922395
1266 1248 7.477848803233354
1266 1269 7.439960714611809
1266 8446 25.7299410485403
1266 1265 26.065932041765258
1267 8446 1.0556133398151615
1267 1270 9.414881488149858
1267 1263 21.90669354861433
1268 1265 9.845766060516677
1268 3887 4.579103743885915
1268 1269 22.057522519147746
1269 1245 7.5310224440569735
1269 1266 7.439960714611809
1269 1270 22.021997763563647
1269 1268 22.05752251914775
1270 1267 9.414881488149858
1270 3889 4.602179707613746
1270 1269 22.021997763563654
1271 790 14.852929624919737
1271 1265 22.009509332922395
1271 8445 21.761719142453707
1271 1247 35.83304181455237
1272 8445 8.663324486227827
1272 795 15.38534406670164
1272 1273 21.86286985438816
1273 1255 8.064726553563593
1273 1261 7.488314824759705
1273 1274 22.23084383686236
1273 1272 21.862869854388162
1274 4761 4.4643999120150974
1274 1262 10.186326372891552
1274 1273 22.23084383686236
1275 2141 6.495492679181523
1275 1276 12.962503463391444
1275 9511 12.406888913741751
1275 563 14.03345610414368
1276 1277 9.552605299753475
1276 1275 12.962503463391444
1276 1346 28.530065372074564
1277 2143 10.191949323269428
1277 1276 9.552605299753475
1277 1278 25.38453159811881
1278 1277 25.38453159811881
1278 1345 7.099938296258759
1278 1344 5.060383763319172
1279 1287 8.35640117019899
1279 1279 22.212445754645284
1280 1341 12.01434638031388
1280 1285 16.779252052533455
1280 1286 19.896009624949883
1281 1293 20.018766600628492
1281 7331 10.41536456517071
1281 3883 45.79318174813872
1282 1337 12.474621777904968
1282 1283 12.934801831968919
1282 1286 24.225256724308583
1283 1335 15.189736618990114
1283 1284 17.441981247366876
1283 1282 12.934801831968919
1284 1334 12.278913841915081
1284 1285 22.16956409420126
1284 1283 17.441981247366876
1285 1343 12.007476952262477
1285 1280 16.779252052533458
1285 1284 22.16956409420126
1286 1289 11.90667921899438
1286 1282 24.225256724308583
1286 1280 19.896009624949883
1287 1279 8.35640117019899
1287 1293 25.851749380354335
1287 1292 14.205945246133703
1288 3843 0.9545284930064638
1288 4714 4.401815616755217
1288 3844 18.209880353549842
1289 1290 8.15051307494677
1289 1286 11.90667921899438
1289 1340 15.871382492738556
1290 8450 12.03540860055434
1290 1289 8.15051307494677
1290 1337 43.19255571941166
1290 1292 18.765189459008987
1291 8450 1.003044195097454
1291 3900 7.4563621674649765
1291 562 13.8291273541197
1292 1481 18.870858392437
1292 1340 18.54566800024688
1292 1287 14.205945246133703
1292 1290 18.765189459008987
1293 1281 20.018766600628492
1293 1341 26.132366947098742
1293 1326 10.048384267718925
1293 1287 25.851749380354338
1294 1295 9.96830818711297
1294 4714 4.08538056011119
1294 4726 29.34426576194519
1295 4715 3.5113597924151216
1295 4713 8.082174801049565
1295 1294 9.96830818711297
1296 4715 8.055156688752568
1296 1730 15.847365263562132
1296 1786 14.305187346779975
1297 1729 8.321872359624168
1297 1786 14.674544608057136
1297 1731 16.388393589448146
1298 697 10.308392672629068
1298 9513 6.8875735094832145
1298 9491 0.7085910217937096
1299 632 28.259385141560657
1299 719 16.521688282081467
1299 403 30.892093373957344
1300 4304 5.3467267956444795
1300 718 16.20925024384126
1301 3140 9.544649961396681
1301 1302 5.915054391831189
1301 6502 3.9630763995509235
1302 1704 6.195708102375937
1302 1707 22.423342639513333
1302 1301 5.915054391831189
1303 8724 11.149725610467302
1304 8309 5.735244884464112
1304 6222 11.68145301204486
1304 1411 7.648986180813918
1305 751 10.699806258448872
1305 8093 8.976926513942912
1305 8094 22.901617392156812
1305 8092 34.2642418400198
1306 9141 4.957308475466112
1307 885 13.762970456822822
1307 7839 4.757074284857643
1308 693 9.216030837839135
1308 6893 30.85524244889578
1309 224 1.4785704669896695
1310 3973 1.6085087580677
1311 8044 5.059618732256295
1311 3797 9.497501665741433
1311 7972 4.533228041592906
1312 5090 5.1257581580072
1312 1313 9.894022280599659
1312 4733 8.266036908765841
1313 1312 9.894022280599659
1313 7404 2.8152022119364872
1314 1315 9.30388537418658
1314 1433 8.195737699879885
1314 8037 9.615529510516913
1314 8809 9.733460485440158
1315 1316 9.962784670454411
1315 1314 9.30388537418658
1315 1317 9.578924106578162
1316 1315 9.962784670454411
1316 766 1.591380399642775
1316 1039 10.161502176075231
1317 1039 12.927260679795134
1317 8037 10.073992583416786
1317 1315 9.578924106578162
1318 1319 1.1750341931690347
1318 8604 9.642477547090431
1318 6865 6.554595963409344
1319 4319 3.2384060696839887
1319 1318 1.1750341931690347
1319 4904 8.741408088591069
1320 5362 7.902707626676882
1320 1675 15.122931911396934
1320 3261 7.577155452443756
1321 8123 2.7812326075052582
1321 218 3.28410258976054
1322 1323 7.217190376388548
1322 566 15.946734696043485
1322 1324 9.38332161599393
1323 1322 7.217190376388548
1324 1322 9.38332161599393
1324 33 1.8771963440414678
1325 566 5.109412188202615
1326 1327 1.1415836012968033
1326 1293 10.048384267718923
1326 8605 7.7596686705115365
1327 1326 1.1415836012968033
1327 1328 15.080476833591078
1327 1348 5.915075348438239
1328 1329 5.204136571813047
1328 1342 22.46236232488729
1328 1327 15.080476833591078
1329 1353 7.823388032280492
1329 1328 5.204136571813047
1329 1330 9.494670193270034
1330 2208 10.110159829816185
1330 1331 9.34024155736481
1330 1329 9.494670193270034
1331 2214 12.830403024048943
1331 1343 14.937536652022047
1331 1332 17.996181209901742
1331 1330 9.34024155736481
1332 2216 1.1390042690131055
1332 2217 5.268160161223195
1332 1331 17.996181209901742
1333 4855 6.174397443434168
1333 1334 11.852553956501716
1333 2063 13.50943361842137
1334 1284 12.278913841915081
1334 1347 11.103478247040806
1334 1335 31.443164327100654
1334 1333 11.852553956501714
1335 1346 11.420441465845897
1335 1283 15.189736618990114
1335 1336 12.154498955963945
1335 1334 31.443164327100657
1336 4852 7.208035485244031
1336 1337 11.259291869216373
1336 1335 12.154498955963946
1337 2141 9.892749006158096
1337 1282 12.474621777904968
1337 1290 43.192555719411665
1337 1336 11.259291869216373
1338 2210 15.264907133332198
1338 2228 7.908324869269016
1338 6055 5.203055131790329
1339 6055 1.2245961501912672
1340 1341 16.964313168916497
1340 1289 15.871382492738556
1340 1292 18.545668000246877
1341 1280 12.01434638031388
1341 1293 26.132366947098742
1341 2206 7.132694651552543
1341 1340 16.964313168916497
1342 1328 22.46236232488729
1342 1343 13.913490667141895
1342 2206 6.996865291926194
1343 1285 12.007476952262477
1343 1331 14.937536652022047
1343 1342 13.913490667141893
1344 1222 2.7640329383270497
1344 1278 5.060383763319172
1345 6057 21.03916627184179
1345 2138 10.342438479239847
1345 1278 7.099938296258759
1346 6057 15.215098635621109
1346 1335 11.420441465845897
1346 1347 41.694957191580805
1346 1276 28.530065372074564
1347 1346 41.69495719158081
1347 1334 11.103478247040806
1347 2064 10.076673829445044
1348 1349 26.43335333477766
1348 1352 4.4554957738553504
1348 1327 5.915075348438239
1349 1348 26.433353334777667
1349 1350 14.829698821795287
1349 1352 4.7667645374237
1350 1349 14.82969882179529
1351 1353 20.57130753088483
1352 1353 24.310126636215397
1352 1349 4.7667645374237
1352 1348 4.4554957738553504
1353 1329 7.823388032280492
1353 1351 20.571307530884834
1353 1352 24.3101266362154
1354 552 1.92801892207576
1354 1355 9.167590338621428
1354 3814 16.696152314708492
1355 3945 4.117220081935661
1355 1354 9.167590338621428
1355 3946 5.055145899709619
1356 3813 7.658031143843331
1356 3812 2.2628668216423025
1357 367 15.287002375648457
1357 2951 10.522301033120542
1357 2950 4.853364112266566
1358 7014 0.931905543727669
1359 1360 8.670495307720731
1359 93 10.345574579024396
1359 91 22.772874417657434
1360 1361 9.127767361617378
1360 1359 8.670495307720731
1360 92 33.35120445973888
1361 1362 14.262809883125962
1361 1360 9.127767361617378
1361 5675 41.539736638907
1362 1361 14.262809883125962
1363 1364 6.675863823411003
1364 1363 6.675863823411003
1364 1366 23.973714192473103
1364 4249 18.71293439769227
1365 1366 5.764548029875347
1365 4249 1.4802102848519363
1365 73 13.888733263444294
1366 1365 5.764548029875347
1366 1364 23.9737141924731
1366 3813 0.9371092124085972
1367 2256 1.6113831883439642
1367 2048 0.9018908129636808
1367 1368 3.718538303100527
1368 1367 3.718538303100527
1368 1369 1.7677763859939164
1369 1368 1.7677763859939164
1369 2256 1.894726754840516
1370 1371 4.3000604011746795
1371 1370 4.3000604011746795
1371 1373 105.7814104647379
1371 1372 10.178505059096002
1372 1371 10.178505059096002
1373 3814 1.4602612633042829
1373 1381 25.78381920388679
1373 1371 105.7814104647379
1374 564 9.723628591971915
1374 7934 9.417274608988823
1374 1375 15.082521209251121
1375 1374 15.082521209251118
1376 5581 15.695627314380328
1377 1378 14.611109548048704
1378 1377 14.611109548048704
1378 557 4.510673473055906
1379 6593 22.4190271275821
1379 6594 34.89520340447608
1380 536 3.9415245081990578
1380 6596 3.5506311604222067
1381 1382 3.3843484429971205
1381 1373 25.78381920388679
1381 551 15.436748141879843
1382 3810 0.4711153314544333
1382 1381 3.3843484429971205
1382 3811 0.927014781520078
1383 5540 0.4999288633962648
1383 5581 4.548985972710031
1384 2257 20.782805076559658
1385 2011 14.984050147861856
1385 775 5.0425043103900276
1385 5327 8.981991040278405
1386 1533 11.501193882560402
1386 3864 8.47881759377978
1386 3970 22.38767573759811
1387 3854 6.8554910418814305
1387 3849 11.74807614305079
1387 3864 12.67346632643866
1388 1529 6.514038080929249
1388 1389 5.976954733344599
1388 3849 7.83529701172648
1389 1388 5.9769547333446
1389 4246 3.0417244498750824
1389 3862 9.213848116074985
1390 4247 2.291211259744942
1390 3861 16.465510343014813
1390 3862 3.4498883650398477
1391 3860 6.370904768040123
1391 1465 12.69853556303097
1391 1392 17.258664456850177
1392 1462 8.777675807789537
1392 1393 18.016968481857162
1392 1391 17.25866445685018
1393 1527 3.910330986808992
1393 4245 7.4430174891648635
1393 1392 18.016968481857162
1394 221 2.812475265631701
1394 3868 12.876858905402973
1394 187 7.440830536292718
1395 216 7.861498376641666
1395 213 22.826902403939275
1395 212 27.041715553032223
1396 7348 1.9123858965559415
1396 528 1.4551643531077836
1397 6065 7.304650237047492
1398 8497 9.110183378355103
1398 800 12.174800829973213
1399 358 2.894693535998931
1399 8651 2.054827130933896
1400 1687 6.974854238441262
1400 5493 4.9823444875532585
1400 1403 17.413281051043153
1400 1689 20.418716472119087
1401 5493 0.8043681649648902
1401 1689 19.318183248186777
1401 1402 4.187895214292619
1402 1690 23.445698587891563
1402 1401 4.1878952142926185
1402 1693 2.31552013556047
1403 1400 17.413281051043153
1403 1404 10.373738469903428
1403 4306 6.729272105667988
1403 9131 3.771049621994566
1404 1682 5.421654104417086
1404 1679 7.3171426068154775
1404 1403 10.373738469903428
1405 972 34.75344409499774
1405 3501 4.8366609642707
1405 9156 42.17472023657715
1406 9167 20.31592257450994
1406 919 18.40310350878649
1406 917 4.897374364985564
1406 925 5.438623550867799
1407 640 19.30395498636959
1407 129 7.817821255868671
1408 5349 1.0975940196280667
1408 5794 0.5429542789569239
1408 1409 20.408462332697574
1409 1503 8.093500258378675
1409 9111 2.1417335073816703
1409 1408 20.408462332697574
1410 3690 3.5977963210941426
1410 3695 13.50431238679402
1410 705 5.103024069451287
1411 3116 8.655574274390984
1411 6328 2.308534652176139
1411 6329 2.1253717541850032
1411 1304 7.648986180813918
1412 6295 4.191405784131906
1412 7184 10.739214077420588
1413 294 9.671488685778536
1413 7991 6.435072241334624
1413 813 0.4582159604168456
1414 1415 0.5493087020386691
1414 5720 4.184735965227693
1415 1108 6.44731856563298
1415 6539 2.774660113177106
1416 1106 3.772193141970893
1416 6538 1.3053090686563618
1417 7731 2.6402822423608865
1417 4516 6.668298567593553
1417 7730 5.2020519573866135
1418 6541 5.91948409411647
1418 4091 30.429073836619818
1418 1027 2.5615355803524125
1419 4063 0.5892198912030209
1419 2933 8.91203181776032
1419 5551 12.063368895492433
1420 1068 40.71529293650137
1421 1174 9.57361651189619
1421 1630 3.198473787055767
1421 1634 2.377992278150431
1422 437 9.086050119084167
1422 6007 6.145348278688053
1423 4389 3.2282553173291912
1423 8690 6.252005823291913
1424 370 0.8900384899800259
1424 10 3.742393899275938
1425 5747 10.75007843033632
1425 6010 4.2084936570132205
1426 3872 1.5712698146674322
1426 1427 6.286991411986988
1427 1426 6.286991411986987
1427 6894 3.38563129194844
1428 4041 8.435516575300424
1428 1107 4.9657588551274445
1429 4035 2.1253940549095405
1430 8023 0.7168160103103199
1430 6482 4.264367838730171
1430 3538 5.6147097615541055
1431 3799 1.6966472722783539
1432 539 18.922386999501498
1432 987 12.003974966134905
1432 706 41.66017450249331
1433 7013 7.402256733455599
1433 150 9.372965410475578
1433 1314 8.195737699879885
1434 1437 13.664586873877404
1435 102 3.1228037165056626
1435 357 8.869978717834954
1435 1437 3.5335304097602496
1436 1438 10.394104171748973
1437 1434 13.664586873877404
1437 1438 5.607362476006968
1437 1435 3.5335304097602496
1438 9383 0.8298566180736379
1438 1436 10.394104171748973
1438 1437 5.607362476006968
1439 5555 0.56603853824346
1439 8494 53.61820328408235
1440 8042 3.8701043376197743
1440 357 7.821819999403255
1440 3738 5.852721492369165
1441 1442 4.933924860694889
1442 1441 4.933924860694889
1442 321 3.640134494868834
1442 3987 5.110641749631183
1443 1444 10.153005734335856
1443 1447 15.119172770708447
1443 6343 13.237868608074566
1444 1443 10.153005734335856
1444 1445 21.602244142994177
1444 1447 32.80552413553101
1445 1444 21.602244142994177
1445 6342 11.826956042368515
1446 6342 0.35277053734584524
1446 6338 3.158062262260527
1446 9379 3.0131333179585824
1447 1443 15.119172770708447
1447 1444 32.805524135531016
1447 1853 20.77304728584253
1448 1449 20.744703505606996
1449 1451 5.767434362442419
1449 1448 20.744703505606992
1449 3869 9.979548411380033
1450 1451 15.417507976385503
1451 1449 5.767434362442419
1451 1450 15.417507976385503
1451 1454 8.426298321977077
1452 1453 6.637140481177338
1452 186 8.607429524496105
1453 1452 6.637140481177338
1453 1454 11.728799658388553
1454 1453 11.728799658388553
1454 1451 8.426298321977077
1454 3954 8.061121893626614
1455 1456 8.756240214810518
1456 1457 20.013034016579898
1456 1455 8.756240214810518
1456 1458 10.610973681018221
1457 1456 20.013034016579898
1457 187 9.553651731372168
1457 186 24.700707065558515
1458 186 10.962001145011445
1458 1456 10.610973681018221
1458 1459 7.223846276810591
1459 8258 0.6958132161001707
1459 8257 0.752248084829403
1459 1458 7.223846276810591
1460 1004 12.801507985876908
1460 4321 6.184986089855934
1461 1462 0.8176117109240542
1462 1461 0.8176117109240542
1462 1463 0.8868963342589022
1462 1392 8.777675807789537
1463 1462 0.8868963342589022
1464 1465 1.9190820040291152
1465 1464 1.9190820040291152
1465 6209 1.600771523314623
1465 1391 12.698535563030973
1466 1466 36.70736788661781
1466 1232 6.2382614656805035
1467 1468 9.15523427609853
1467 1242 7.151739350333257
1468 1467 9.15523427609853
1469 1470 10.366322143357966
1469 1479 4.013145668767128
1469 170 4.129374718422285
1470 1471 10.352228044148525
1470 1469 10.366322143357966
1470 188 18.48901160249974
1471 1473 5.480360748543293
1471 1472 18.327768627813832
1471 1470 10.352228044148523
1472 212 2.5664776630819297
1472 1471 18.327768627813835
1472 188 34.03174138728948
1473 1471 5.480360748543293
1474 192 1.5748206983559285
1474 55 12.274785793308086
1474 1475 8.375531808688029
1475 1477 7.946459762141716
1475 1476 3.9187910810714746
1475 1474 8.375531808688029
1476 1475 3.9187910810714746
1477 1475 7.946459762141716
1478 1479 19.38474106045333
1479 1478 19.38474106045333
1479 181 7.966716969368641
1479 1469 4.013145668767128
1480 7570 1.80137004519272
1480 561 12.072727432090101
1481 1292 18.870858392437
1481 3883 9.323667371727826
1481 1480 10.083099528750605
1482 1484 2.3312475793741796
1483 1484 7.571755772511654
1483 3790 5.037783985359921
1483 6 6.419753865657852
1484 1483 7.571755772511654
1484 1482 2.3312475793741796
1484 7025 6.684596676778033
1485 1491 20.15301708087621
1485 7 1.666442328716583
1485 3774 10.8007884988694
1486 898 32.31331163303297
1486 1003 7.956214940293655
1486 1487 3.2732692749069745
1487 1489 7.3876063260809985
1487 1486 3.2732692749069745
1487 8164 5.047837769519389
1488 1489 0.7482718066348203
1489 1488 0.7482718066348203
1489 1490 3.963216578381299
1489 1487 7.3876063260809985
1490 1489 3.963216578381299
1490 8165 1.2548055667565956
1490 8166 1.038810245407026
1491 1003 24.372022426334894
1491 1492 19.272870595161404
1491 1485 20.15301708087621
1492 1003 8.906062523949904
1492 1002 4.793625806456441
1492 1491 19.2728705951614
1493 1494 17.034972618239134
1493 306 11.945554131193537
1493 1002 7.201266010627191
1494 3026 6.6126837887326335
1494 1493 17.034972618239138
1494 3735 24.086960421479642
1495 1496 11.21915981815899
1496 1495 11.21915981815899
1496 8041 9.645139203415969
1496 1497 11.038662268856832
1497 1496 11.038662268856832
1497 5512 7.936470867173421
1497 3794 5.341440736948801
1498 7746 0.5163495343879957
1499 7746 7.4200745890673385
1499 1501 7.500780902131396
1499 1500 5.84756362024802
1500 1499 5.84756362024802
1501 1505 3.331416036383456
1501 1499 7.500780902131396
1501 1502 19.79935372622876
1502 1506 7.348892943175037
1502 1002 15.022962730537204
1502 1501 19.799353726228752
1503 1505 23.35438421540932
1503 0 11.070576982134805
1503 1409 8.093500258378677
1504 8085 0.9415091909199274
1504 8088 0.8030524580119498
1504 1505 14.084124418509711
1505 1501 3.331416036383456
1505 1503 23.354384215409322
1505 1504 14.084124418509711
1506 1502 7.348892943175037
1506 1 8.293487427855151
1506 8086 7.176955755608865
1507 549 4.615539566842354
1508 549 6.733098523363864
1509 5821 6.561132490010793
1509 1509 18.40082323383967
1510 1510 18.04031177800058
1510 5820 6.44700216002636
1511 6919 23.468751192625522
1511 578 12.803076125906257
1512 578 18.18692633749326
1512 1241 16.93517273644929
1512 7832 7.157822684706616
1513 1514 32.97177843369144
1513 3403 4.4417191440533825
1513 1878 16.792004949354105
1514 1516 7.420039206217312
1514 1515 21.445530824496462
1514 1513 32.97177843369143
1515 2172 3.572228298271816
1515 1516 25.094408159180627
1515 1514 21.445530824496455
1516 1514 7.420039206217312
1516 1517 4.1865254162296095
1516 1515 25.094408159180624
1517 4259 1.348472233941207
1517 4258 2.6770215218594706
1517 1516 4.1865254162296095
1518 194 5.793811367901689
1518 182 8.14240436358394
1518 1519 19.516675146156683
1519 1520 8.359430268853131
1519 1518 19.516675146156683
1519 1523 22.973957842911727
1520 1521 8.344337632039982
1520 1519 8.359430268853131
1520 1522 19.319741262263715
1521 1520 8.344337632039982
1521 184 8.502081490063956
1521 177 18.48110346403769
1522 1549 3.519245302813471
1522 177 7.742187467770022
1522 1520 19.319741262263715
1523 1519 22.973957842911727
1523 176 7.9431583568538615
1523 1524 9.001426282088845
1524 8190 2.9842332110581835
1524 1525 0.960254174916007
1524 1523 9.001426282088845
1525 1524 0.960254174916007
1526 1527 1.1594970559163034
1527 1393 3.910330986808992
1527 1526 1.1594970559163034
1527 1528 1.045696391907092
1528 1527 1.045696391907092
1529 8814 1.1925098990849985
1529 1530 7.772329105542725
1529 1388 6.514038080929249
1530 1532 0.9917159667138117
1530 1531 7.619090747875485
1530 1529 7.772329105542725
1531 1530 7.619090747875483
1532 1530 0.9917159667138117
1533 1535 3.5191331745708743
1533 4260 4.15836693438121
1533 1386 11.501193882560402
1534 4263 1.6727535389341002
1534 4262 0.838381061783377
1534 4261 2.910911254102385
1535 1533 3.5191331745708743
1536 1537 9.36213912772797
1536 1539 8.803317566217673
1536 359 30.879903269431267
1537 1536 9.36213912772797
1537 1538 8.269883092062972
1537 8988 6.459631715367559
1538 1537 8.269883092062972
1538 2173 4.229087586748661
1538 8988 10.991077287464726
1539 1536 8.803317566217673
1539 3418 34.51496968364882
1539 1540 9.956814242403057
1540 5329 5.912475388781156
1540 1539 9.956814242403057
1540 3958 35.395772383377725
1541 1542 2.7480382963472487
1541 183 14.117996273135514
1541 178 3.314135206340151
1542 1541 2.7480382963472487
1542 2163 9.674150275740377
1542 1543 8.31952018185883
1542 1547 20.435940405165596
1543 1546 16.47376561781594
1543 1544 40.71504248927427
1543 1542 8.31952018185883
1544 1546 19.928103756609982
1544 1545 22.034686519468337
1544 1543 40.71504248927427
1545 1548 6.400832349086757
1545 185 12.78483799631069
1545 1544 22.034686519468337
1546 1547 8.191913137882452
1546 1544 19.928103756609982
1546 1543 16.47376561781594
1547 1546 8.191913137882452
1547 1548 37.21584541345615
1547 1542 20.435940405165592
1548 180 2.0074068209287157
1548 1545 6.400832349086759
1548 6015 7.464475082994357
1548 1547 37.21584541345616
1549 1522 3.519245302813471
1549 179 17.772753260661695
1549 5531 3.8780431189210547
1550 1551 3.438033014320196
1550 5531 2.9277640621773156
1550 8188 5.2523986543040415
1551 1550 3.438033014320196
1552 1553 4.125571185782217
1552 5531 6.8537681611825985
1552 1557 8.18061562306111
1553 1554 1.8901982307581793
1553 1552 4.125571185782217
1553 1556 8.687679340253172
1554 8197 1.411130884604876
1554 1553 1.8901982307581793
1554 1555 4.941766751908423
1555 1554 4.941766751908423
1556 1553 8.68767934025317
1557 1552 8.18061562306111
1558 5546 3.677042501593285
1558 1571 8.984574283170632
1558 1576 9.643507580697719
1559 1561 5.114497161154673
1559 5547 6.501593527864647
1559 1576 8.795503366242036
1560 1561 2.7149093924229373
1561 1562 2.6602199762965952
1561 1560 2.7149093924229373
1561 1559 5.114497161154673
1562 1561 2.6602199762965952
1563 5550 6.856647134705639
1564 8181 3.4069452386614825
1565 8181 3.8036876927463883
1565 5547 1.9020495560795165
1565 1570 7.142612526961476
1566 1567 2.865359651393994
1566 5699 12.992830742904403
1566 5546 7.1180311953014925
1567 1566 2.865359651393994
1567 5548 1.4297839145742528
1567 1571 2.505770373524666
1568 6115 0.9861352954956922
1568 1569 8.259501693663456
1568 6114 1.6415621377252352
1569 8183 0.9749615231013027
1569 1570 4.430589314231313
1569 1568 8.259501693663456
1570 1574 3.5478226416743617
1570 1569 4.430589314231313
1570 1565 7.142612526961476
1571 1558 8.98457428317063
1571 1567 2.505770373524666
1571 1578 11.112264726667853
1572 8187 0.7026193338356431
1573 8187 3.3378588683209425
1573 6118 2.2592181767366104
1573 1574 5.419616048455838
1574 1578 6.035586913180223
1574 1570 3.5478226416743617
1574 1573 5.419616048455838
1575 8184 0.819950364721525
1576 8184 3.3829891206019567
1576 1559 8.795503366242036
1576 1558 9.643507580697719
1577 6119 0.9926946193404026
1578 6119 3.322240349271875
1578 1571 11.112264726667851
1578 1574 6.035586913180223
1579 5367 2.8645220541494396
1579 48 2.1156338764439964
1580 4986 8.836400947018651
1580 3343 2.3898012690962975
1580 3342 12.688143565612188
1581 1582 2.4688113062189188
1581 7391 5.670836624793192
1581 1583 3.835638939899935
1582 1581 2.468811306218919
1583 1584 1.9859570328767446
1583 1581 3.835638939899935
1583 1585 4.497699382387116
1584 1583 1.9859570328767446
1585 1583 4.497699382387116
1586 913 1.7617511874057066
1586 7836 1.9227386294193132
1586 3051 29.04798608901429
1587 908 1.1890325419004897
1587 440 2.739029114677103
1587 759 24.356850421851135
1588 444 6.140653643179227
1588 687 8.492035139000873
1589 1590 1.2710425144114048
1589 8111 6.292211715430235
1590 1591 1.1619737558238759
1590 3747 14.642449058065518
1591 1592 1.1946253274028884
1591 3748 4.719356597790716
1592 1589 1.2144645101395473
1592 4291 16.835377837845822
1593 6044 10.829628387893099
1593 232 2.290805429279325
1594 1595 34.793726898363374
1594 1398 10.043333227734754
1595 5347 1.093052177980918
1595 5348 1.3808003939438167
1595 1594 34.793726898363374
1596 1597 14.058529649864363
1596 972 11.11215891176372
1596 1598 5.065066159205497
1596 4235 4.694249912888032
1597 1596 14.058529649864363
1597 418 5.632734110672619
1597 7142 0.3208721540359487
1598 418 21.548065171283962
1598 1599 5.68204275417849
1598 1596 5.065066159205497
1598 5722 7.367372833987783
1599 5662 11.255525468926015
1599 1598 5.68204275417849
1599 1601 11.315367971197047
1600 1610 10.197392449986829
1600 1634 2.4183622048029947
1600 1636 3.1351132717032635
1601 827 5.534929595694605
1601 4216 29.366297545893435
1601 1599 11.315367971197048
1602 1016 20.471211617216323
1602 1603 3.3945060687203954
1602 4444 29.923075507745736
1603 1602 3.3945060687203954
1604 7142 24.06422789271417
1605 4443 24.77564810278638
1606 4440 19.60779388984895
1607 4233 18.908923511364762
1608 4232 18.713523406045965
1609 4439 15.246887129262104
1610 1600 10.197392449986829
1610 1640 6.66305606150764
1610 1174 4.765306765663169
1610 4235 4.960697225209227
1611 1175 2.2451386196132095
1611 4438 5.650842636511719
1611 1612 7.989017057024323
1612 4451 4.6239700282459095
1612 4209 8.225810285295536
1612 1611 7.989017057024323
1613 1614 6.923091051652202
1613 4220 18.692016630719863
1613 4225 20.792694800345163
1614 1613 6.923091051652202
1614 1615 4.258474205095667
1614 4207 29.66949336546192
1614 4211 31.887497030555913
1615 1614 4.258474205095667
1616 235 14.252561747802698
1616 8923 10.32601730267131
1616 4201 11.104575560058004
1616 3520 8.817570640552134
1617 8923 7.975054900876427
1617 3516 6.85353513140797
1617 3518 19.644947252847146
1618 7301 0.9509748521611818
1618 1110 12.25179131273899
1619 6896 6.025562789149062
1619 9296 12.78460579978965
1619 6895 1.816984217102571
1620 4437 11.200614860729454
1621 4205 13.720609593573908
1622 1623 8.5990500798551
1622 991 2.892977861068901
1623 4470 2.6179304789518407
1623 1107 4.193708315004512
1624 1626 2.6805350498994724
1624 4470 1.6328483763863684
1625 253 4.417566397566157
1625 1626 7.926655181385438
1626 1624 2.6805350498994724
1626 4469 2.2865777503180067
1627 8683 8.9184708127316
1627 8819 5.24838695054136
1627 245 1.1017891051891486
1628 3786 0.620197356997936
1628 3592 22.137186472481172
1628 3591 5.86968446043662
1629 3251 15.828391779536805
1629 6530 21.543717641171405
1629 3250 14.400618581808159
1630 1631 15.239462170209567
1630 1173 1.68589922358397
1630 1421 3.198473787055767
1631 1630 15.239462170209567
1631 1635 5.536514611041305
1631 1633 4.321905889907952
1632 1639 2.974720965094129
1633 1631 4.321905889907952
1634 1635 14.529888036448899
1634 1421 2.377992278150431
1634 1600 2.4183622048029947
1635 1631 5.536514611041305
1635 1637 5.789127665967937
1635 1634 14.529888036448899
1636 1637 13.211638933825139
1636 1600 3.1351132717032635
1636 973 1.978443578133409
1637 1635 5.789127665967937
1637 1639 5.825422967917999
1637 1636 13.211638933825139
1638 4453 5.567809438841371
1638 973 3.3216830585992536
1638 972 1.1782063177801883
1639 1637 5.825422967917999
1639 1632 2.974720965094129
1639 4453 6.223297064342513
1640 1610 6.66305606150764
1640 4442 6.135110761263357
1640 4214 14.559318808737043
1641 4232 2.4468523080702114
1641 5662 18.17473689456655
1641 4233 3.1872004831129686
1642 1643 7.965225407179132
1642 1644 7.979037674945619
1642 1645 6.6952246096106665
1643 5491 9.32329487622952
1643 1644 8.260989072616974
1643 1642 7.965225407179134
1644 5492 4.951718013630104
1644 1642 7.979037674945619
1644 1643 8.260989072616974
1645 1642 6.6952246096106665
1645 4569 5.488572580860602
1645 8385 13.726390604582553
1646 9123 0.41346920424520117
1646 4568 10.118963599327778
1647 816 1.5834204813020423
1647 1648 6.967012997175592
1647 4148 6.838801947584153
1648 1658 10.705244327450332
1648 1649 24.16760160267274
1648 1647 6.967012997175592
1649 4150 8.482313081836233
1649 1659 8.531062541119612
1649 1650 8.090435861651402
1649 1648 24.16760160267274
1650 1651 8.104844242627303
1650 1665 32.25169789493412
1650 1649 8.090435861651402
1651 1665 21.088806954520447
1651 1650 8.104844242627303
1651 1652 8.612524457218214
1652 8728 17.9183316607133
1652 1651 8.612524457218214
1652 1653 8.820393189046893
1653 4150 43.49660783314958
1653 1654 5.365378080688085
1653 1652 8.820393189046893
1654 8728 16.330563394565857
1654 1653 5.365378080688085
1655 9126 3.21379574435857
1655 1656 14.29718419331736
1655 975 7.578472386313305
1656 1657 5.781702160634457
1656 1655 14.29718419331736
1656 5740 5.620245413077978
1657 1658 24.208632566644273
1657 1656 5.781702160634457
1657 1659 23.241215459289197
1658 1659 17.72565978431634
1658 1648 10.705244327450334
1658 1657 24.208632566644273
1659 1658 17.72565978431634
1659 1657 23.241215459289194
1659 1649 8.531062541119612
1660 1661 3.036459051991936
1660 975 5.775314768433463
1660 1662 12.195694698577876
1660 9259 3.955045713952541
1661 1660 3.036459051991936
1662 1660 12.195694698577876
1663 976 7.329161276149685
1664 8728 1.0974378855053168
1664 1665 8.376371764282231
1664 3328 10.275625177388681
1665 1651 21.088806954520447
1665 1650 32.25169789493412
1665 1664 8.376371764282231
1666 7742 15.710211459683821
1666 7977 10.366380091120057
1666 7150 9.97314566882884
1667 8040 1.0816563117332023
1667 3304 12.449146440148288
1667 1668 13.699379351860665
1668 1667 13.699379351860667
1668 3315 8.790578608799722
1668 4394 6.208384914813359
1669 1670 7.044453659826491
1669 9459 12.303502413243912
1669 7117 7.440688187144975
1669 3276 18.74981944281219
1670 1669 7.044453659826491
1670 1673 7.699945759648472
1670 1671 6.159279647211656
1671 9012 2.1241953659570174
1671 1672 7.143045394549499
1671 1670 6.1592796472116556
1672 1671 7.143045394549499
1672 1673 4.627494876401247
1672 3268 4.923101032506685
1673 1674 6.313205624681835
1673 1670 7.699945759648472
1673 1672 4.627494876401247
1673 3270 12.342804927545172
1674 1673 6.313205624681835
1674 3270 5.732881461191087
1674 3272 17.156119655825787
1674 3265 14.118185168128885
1675 1320 15.122931911396934
1675 4903 15.446998280715581
1675 3264 5.679754949248831
1676 538 13.750365664035714
1676 132 25.450584856481203
1677 6593 19.743401177931453
1678 1680 6.6066222883962835
1678 1679 18.749973740272058
1678 396 15.442381272752987
1679 4072 4.456566222372205
1679 1678 18.749973740272058
1679 1404 7.3171426068154775
1680 1681 7.283713963801111
1680 1687 3.4672561613926507
1680 1678 6.6066222883962835
1681 1680 7.283713963801111
1681 1682 5.8944539545086085
1681 1683 8.906222866646297
1682 1681 5.8944539545086085
1682 1684 8.80875318299761
1682 1404 5.421654104417086
1683 1681 8.906222866646297
1684 1682 8.80875318299761
1685 1686 7.107018083959317
1685 9131 2.1374968111872192
1685 5719 11.6842521800188
1685 145 19.265122181662413
1686 9435 8.016724832061827
1686 5718 8.131521784250378
1687 1400 6.974854238441262
1687 1680 3.4672561613926507
1687 1688 6.553718598654414
1688 8151 0.8613926093357276
1688 1687 6.553718598654414
1688 8150 0.9553813745596043
1689 1401 19.318183248186777
1689 1400 20.418716472119087
1689 1690 5.374056569292629
1690 1402 23.44569858789156
1690 1689 5.374056569292629
1690 403 4.927685948521974
1691 1692 4.359123142354272
1691 5493 3.836424276119927
1691 8291 3.825635973565621
1692 1691 4.359123142354272
1693 1699 0.9072497249040832
1693 1694 4.672348109905158
1693 1402 2.31552013556047
1694 8293 4.3120930242488695
1694 1693 4.672348109905158
1694 8290 3.633877827757988
1695 8290 0.8111603977630466
1696 1697 8.81671945193302
1697 1696 8.81671945193302
1697 307 6.8645120101721275
1697 6012 12.463109265078975
1698 3604 4.054453007424771
1699 1693 0.9072497249040832
1700 726 1.523436043462272
1700 7589 9.736011635176673
1700 144 6.802788512938989
1701 753 0.5759431587629473
1701 1702 3.8629895629725417
1701 1705 32.93742574072229
1702 4308 1.3313176622531357
1702 1701 3.8629895629725417
1702 4292 9.695096727887973
1703 3997 5.369556840806427
1703 4308 5.165772424255877
1704 1302 6.195708102375937
1704 1705 21.714597515551276
1704 403 14.030039878599919
1705 1707 7.463916835481566
1706 7801 6.746314011295887
1706 4292 9.272499171083387
1706 4293 6.886108812667068
1707 4297 3.6729684276114556
1707 7801 6.984079075582925
1708 7802 6.816588672118727
1708 3140 14.484574008862657
1708 4301 9.527494139305972
1708 4297 6.947597306925109
1709 4310 1.3297249729389333
1710 3130 8.180655394712236
1710 4310 8.260184246194035
1710 8874 0.3995788878945741
1711 5674 0.648605193981893
1711 5673 0.6477013401851155
1711 1716 10.613771065993806
1712 6350 0.8344638540086998
1712 6355 0.8874976415724777
1712 1715 13.122787565693727
1713 5672 0.8086472676144637
1713 5671 0.9396909625688585
1713 1716 15.443290610797382
1714 6352 0.9940190107696104
1714 6351 0.858886005459838
1714 1715 7.073956167695792
1715 1714 7.073956167695792
1715 1716 9.356859198065523
1715 1712 13.122787565693727
1716 1711 10.613771065993806
1716 1713 15.443290610797382
1716 9220 9.564031000983508
1716 1715 9.356859198065523
1717 1722 27.022893802343507
1717 3944 3.923498122069957
1717 1723 9.944872053935004
1718 4722 8.076597266596023
1718 4726 16.87213974366443
1718 4721 16.61843260597417
1719 1730 8.641820289075836
1719 3835 8.436823821575404
1719 4717 16.752027939376767
1719 8236 12.953627768551833
1720 3836 10.601338932139193
1720 1721 18.009573429780122
1720 4722 8.391897042926605
1721 1720 18.009573429780122
1721 1722 7.162670638716828
1721 4721 15.879248349423664
1722 1721 7.162670638716828
1722 1717 27.022893802343507
1722 8228 8.377715384112976
1723 4721 14.844089205178303
1723 1717 9.944872053935004
1723 8229 8.63176990071375
1724 3834 3.316078202665272
1724 3825 0.6339677869568519
1724 4721 8.119118783491995
1725 4726 8.122308929089963
1725 3842 0.5427518975075305
1725 1724 21.394325717485522
1726 1727 7.427923371484956
1726 8239 1.0313548878732217
1726 8238 1.0384143216416584
1727 1726 7.427923371484956
1727 4726 9.742865735782901
1727 3835 10.139058327908606
1728 1734 7.6894460026184115
1728 1729 13.330099646902529
1728 4717 13.562190730983454
1729 1297 8.321872359624168
1729 1728 13.330099646902527
1729 1782 11.280953682874273
1730 1719 8.641820289075836
1730 1296 15.847365263562132
1730 1731 11.226009285233006
1731 4717 8.359498976509672
1731 1297 16.388393589448146
1731 1730 11.226009285233006
1732 1734 9.975739941444699
1733 1734 9.68225884763868
1733 8249 0.949313075899064
1733 8250 0.8983158631780596
1734 1728 7.6894460026184115
1734 4718 8.41420008860973
1734 1732 9.975739941444699
1734 1733 9.68225884763868
1735 2012 3.938781568516989
1735 1882 12.084742760888862
1736 1737 21.405978572630016
1736 3943 24.063382314722276
1736 1738 7.611289091771205
1736 3839 8.605882556445119
1737 1784 8.009184721738931
1737 775 31.614672325679994
1737 1736 21.405978572630016
1737 3841 9.239641504965443
1738 2009 4.5986515843341165
1738 4710 16.432178054269034
1738 1736 7.611289091771205
1739 1740 48.76116048262053
1739 5694 7.365433721034426
1740 2144 5.063938993489944
1740 1739 48.76116048262053
1740 2155 4.770058200762859
1741 6120 10.433956163029723
1741 3422 31.57271485850205
1742 5962 9.213757307072415
1742 1880 3.9738656577752587
1742 1743 9.94760884892733
1743 1879 8.234650960861023
1743 1745 26.365881995852973
1743 1742 9.947608848927333
1744 1745 5.703561145263002
1745 1743 26.36588199585297
1745 1746 15.61824050015324
1745 1744 5.703561145263002
1746 3401 10.009434799263882
1746 1747 15.324459605988107
1746 1745 15.61824050015324
1747 1746 15.32445960598811
1747 8698 3.803917752221475
1747 3422 8.18393833678642
1748 1749 5.336193337302565
1749 1750 6.84757044055989
1749 1748 5.336193337302565
1750 1749 6.84757044055989
1750 1769 1.7190500902058388
1750 1756 6.893196417494204
1751 4762 13.344570106594329
1751 1752 14.630586324132514
1751 1769 33.202327625067454
1751 1775 8.883857498233574
1752 1780 21.080019572145346
1752 1751 14.630586324132514
1752 1772 9.640535284453708
1752 1771 8.05566769215579
1753 4762 24.098199841076454
1753 1880 10.361544555890923
1753 1755 26.143353932273033
1754 1755 6.020716084540066
1754 8117 0.717709164081375
1754 8118 0.7597216770517842
1755 1754 6.020716084540066
1755 1753 26.143353932273033
1755 1879 13.915999286956687
1756 1750 6.893196417494204
1756 4656 7.943161801060867
1756 1758 35.278479056738824
1757 1758 5.789498737585923
1757 8115 1.0197964554554626
1757 8116 0.8932566249771033
1758 1757 5.789498737585923
1758 1756 35.27847905673882
1758 4762 10.255856214729565
1759 1760 8.374458439198722
1759 8152 0.9949668143662086
1759 8153 0.982513464089454
1760 4762 7.300405593783352
1760 1759 8.374458439198722
1760 1764 10.972672625390215
1761 1762 1.5787155283868646
1762 1763 1.5351600838501864
1762 1761 1.5787155283868646
1762 1764 5.692446320224832
1763 1762 1.5351600838501864
1764 1765 9.290138778990825
1764 1762 5.692446320224832
1764 1760 10.972672625390215
1765 1764 9.290138778990825
1765 1877 12.421690156919295
1765 1768 23.52545557949182
1766 4728 6.016193468174116
1766 1767 7.985629257616447
1766 1777 19.919322399863606
1766 1772 6.721236270265901
1767 1776 4.703863108116421
1767 1768 8.270885483323386
1767 1766 7.985629257616447
1768 772 10.487572353584993
1768 1765 23.52545557949182
1768 1767 8.270885483323386
1768 1775 14.74162452066748
1769 1750 1.7190500902058388
1769 4720 13.996477635691575
1769 1751 33.20232762506746
1770 1771 3.4870528303434627
1770 4720 7.239112282064753
1771 1770 3.4870528303434627
1771 1752 8.05566769215579
1772 1773 5.3283009457478245
1772 1766 6.7212362702659005
1772 1752 9.640535284453708
1773 1772 5.3283009457478245
1773 1774 4.989824167969776
1774 1775 5.656552540763652
1774 1773 4.989824167969777
1775 1751 8.883857498233574
1775 1768 14.74162452066748
1775 1774 5.656552540763652
1776 1767 4.703863108116421
1776 8154 0.8697609420959348
1776 8155 0.6311752320353249
1777 1235 8.189748271389034
1777 4711 8.570345472334862
1777 4719 27.4607886528676
1777 1766 19.919322399863606
1778 4718 14.820325162092805
1778 4720 20.27771878096896
1778 8248 3.159311003385679
1779 1783 3.0305389015508406
1780 1752 21.080019572145346
1780 1779 3.8931805563456763
1781 4711 11.981358870212446
1781 1780 5.1580945773922435
1782 1781 5.410901284290302
1782 1729 11.280953682874273
1783 1782 3.02016205810686
1783 8248 3.4134274547972385
1784 1737 8.009184721738931
1784 2009 16.796067541045336
1784 2011 12.857513347005852
1784 1792 22.617781852720846
1785 2010 17.1271038504354
1785 2012 12.94980989330035
1785 1786 16.018608024103784
1785 1790 22.082306855481622
1786 1297 14.674544608057136
1786 1296 14.305187346779975
1786 1785 16.018608024103784
1787 1788 8.203894270417916
1787 4712 7.518073906071809
1787 2011 44.33054736243712
1787 4719 30.544818008166477
1788 1787 8.203894270417916
1788 774 17.559099679709522
1788 773 19.024252431120797
1789 5964 1.0191524718057445
1790 2010 15.338463432917699
1790 1785 22.082306855481622
1790 4712 9.010057582459416
1791 4724 8.039142628539661
1791 9001 2.566463576253928
1791 4725 2.401582756373247
1792 9001 7.099382200933462
1792 4712 8.981033510980023
1792 1784 22.617781852720842
1793 2110 14.614355710471477
1793 1794 28.048944833874454
1793 1836 24.839532470847406
1794 1798 15.566232372415707
1794 1795 8.20316440918578
1794 1793 28.048944833874454
1795 6972 0.5966883499669566
1795 1794 8.20316440918578
1795 2109 15.65715762874891
1796 2139 9.330191878841816
1796 2140 6.521694518946462
1796 1797 18.814188128968553
1797 8449 27.402647109085734
1797 660 19.410871980379305
1797 1796 18.814188128968556
1798 1794 15.566232372415707
1798 2109 7.864107261310995
1798 2110 7.616503277102582
1799 1800 6.635151957320968
1799 2112 17.382217147817283
1799 6977 18.3120257684476
1800 1799 6.635151957320968
1800 1800 57.7960589502925
1801 5968 0.9882196447699692
1802 6966 6.965755367174277
1802 772 7.7368703448703915
1802 5980 15.525394057183567
1803 5966 4.169756489034789
1803 3942 17.88526872534584
1803 5980 27.35792522674284
1804 5977 3.0877921238550057
1804 5972 3.008170841820119
1804 6965 5.370857219214163
1805 5977 1.248669836813679
1806 6957 0.9268788165135917
1806 6958 1.1205621593727946
1806 5979 4.735411924874916
1807 5979 7.021641519926503
1807 6963 3.877399568546358
1807 5972 4.813849580335662
1808 4654 8.29977219159815
1808 1810 7.291513909474602
1808 1809 6.90122322782451
1809 1808 6.90122322782451
1810 1808 7.291513909474602
1811 1812 15.420095184363197
1811 1817 10.383099985388045
1811 1820 10.338151053393371
1812 1813 11.140218834787987
1812 1811 15.420095184363197
1812 7875 8.0181303023982
1813 1812 11.140218834787985
1813 5667 18.81412155384296
1813 1233 7.659694089756881
1813 1816 15.600288325386497
1814 1827 1.0033396166747182
1814 1823 15.160682417831882
1814 1822 17.429707280473778
1815 1823 10.99161614435266
1815 6975 8.291675775123371
1815 1824 15.370547881053959
1815 1816 16.074411410860744
1816 4705 6.933403059131097
1816 1813 15.600288325386494
1816 1815 16.074411410860744
1817 4354 42.43472242741432
1817 1811 10.383099985388043
1817 3824 21.404780255188488
1817 1819 19.4913287228716
1818 4354 6.115110308636373
1818 1827 9.17020863807313
1818 6976 10.328827003953661
1818 1819 19.59671911057145
1819 4703 6.822955850035253
1819 6080 7.1857114512452736
1819 1818 19.596719110571446
1819 1817 19.4913287228716
1820 1821 8.651182581232424
1820 7871 4.794035113354975
1820 1811 10.338151053393371
1821 4703 2.159958643106545
1821 1820 8.651182581232424
1821 4704 14.919242184266015
1822 4703 2.1360538647249947
1822 1814 17.429707280473778
1822 5695 14.439108541961133
1823 1815 10.99161614435266
1823 1814 15.160682417831882
1823 4705 18.004527195920765
1824 1825 6.526727897316518
1824 1815 15.370547881053959
1824 5667 3.6178621882123316
1825 1824 6.526727897316518
1825 1825 29.347055121604637
1826 3823 4.163521936722466
1827 1814 1.0033396166747182
1827 1818 9.170208638073127
1827 8731 8.512074088640919
1828 1835 7.618893507908473
1828 3817 8.555450874831255
1828 3818 10.856123621712051
1829 1831 19.11605173169135
1829 1232 10.915837838809223
1829 3819 17.614276408901386
1830 1831 4.326939136656601
1831 1833 9.919787356867637
1831 1830 4.326939136656601
1831 1829 19.11605173169135
1832 1833 4.127064917539166
1833 1831 9.919787356867637
1833 1835 9.783399229898793
1833 1832 4.127064917539166
1834 1835 4.133151967844764
1835 1833 9.783399229898793
1835 1828 7.618893507908473
1835 1834 4.133151967844764
1836 1793 24.839532470847402
1836 8449 3.5647817298375912
1836 4729 23.58237774540269
1837 1838 12.415628694832069
1837 4765 7.320982687300163
1837 6582 11.83385508109025
1838 1839 22.44990159921476
1838 1837 12.415628694832069
1838 6583 17.883448602992672
1839 6580 9.331085116774368
1839 1838 22.449901599214762
1839 6581 13.184582608584265
1840 1849 6.317808583528947
1841 3904 6.346284600179577
1841 1842 19.54010455143362
1841 2098 14.275136330464951
1842 3901 9.914678748742075
1842 1849 12.715934187297746
1842 1841 19.54010455143362
1843 3901 11.55075104243565
1843 1845 11.259797576914789
1843 2098 19.242578705590052
1844 1845 9.074237134284617
1845 1843 11.259797576914789
1845 1848 11.390123862543337
1845 1844 9.074237134284617
1845 1846 5.741093746346563
1846 1845 5.741093746346563
1847 1848 9.07070545543951
1848 1845 11.390123862543337
1848 1847 9.07070545543951
1848 1219 7.700135264714358
1849 1842 12.715934187297746
1849 1850 19.218896657606106
1849 1840 6.317808583528947
1850 1849 19.218896657606106
1850 1221 5.480242022191845
1850 5679 50.11676405320522
1851 4729 7.292745427488967
1851 1852 9.487265068577186
1851 4730 10.90074402185971
1852 1851 9.487265068577186
1853 9054 15.824990444805982
1853 1447 20.77304728584253
1853 1004 8.244743574427542
1854 1857 11.84065888694723
1854 525 12.550826302671684
1854 1855 13.602237861627124
1855 5774 1.3222849680844093
1855 1856 6.817877844511164
1855 1854 13.602237861627124
1856 5773 1.007586529252182
1856 5775 5.420404321437479
1856 1855 6.817877844511164
1857 1854 11.840658886947228
1858 3974 6.0460004594481385
1859 4612 3.513716147254175
1859 3978 24.39365169460587
1859 4532 16.765143128545756
1860 8098 1.8654144399926966
1861 4612 7.273072689718089
1861 1864 23.20956511156922
1861 4271 9.880721013907197
1862 1863 3.258942259839376
1862 4272 4.21343888630931
1863 4272 1.0045243667618573
1863 7352 0.7503625599207492
1864 1866 17.522429661617522
1864 1861 23.20956511156922
1865 1866 2.838381763176496
1866 1867 1.2347732442044548
1866 1865 2.8383817631764963
1866 1864 17.52242966161753
1867 1866 1.2347732442044548
1868 345 17.37126048500784
1869 1872 8.778358991383008
1870 1073 70.35678441595307
1870 4063 12.437762886229383
1870 1872 27.26138704810859
1871 1872 5.127847472674149
1872 1871 5.127847472674149
1872 1869 8.778358991383008
1872 1870 27.261387048108595
1873 1874 11.153679226497342
1873 1087 12.99895360369129
1873 1086 7.410854992557621
1874 7334 4.910368891340895
1874 1873 11.153679226497342
1874 1087 18.497604645626854
1875 6911 7.2366843816817585
1875 304 11.558324473661203
1876 2347 6.709112126034198
1876 2397 7.602418005642756
1877 6966 1.8734826190718223
1877 1765 12.421690156919295
1877 366 16.675549597630642
1878 4654 6.747937792976936
1878 2161 5.024482442436687
1878 1513 16.792004949354105
1879 1743 8.234650960861023
1879 6507 14.729756429916186
1879 1755 13.915999286956685
1880 1753 10.361544555890923
1880 1881 3.9682695787709146
1880 1742 3.9738656577752587
1881 3401 6.927389218594814
1881 8698 8.62113638361598
1881 1880 3.9682695787709146
1882 4711 7.052053561725554
1882 1735 12.084742760888862
1883 8896 2.321508055516277
1884 1193 19.699454314366157
1884 1885 7.996862635136792
1884 372 28.637086359144902
1885 1884 7.996862635136792
1885 375 5.561407328678122
1885 4127 5.764016639910968
1886 2273 15.23329091895645
1886 4633 7.268940659699542
1886 4060 7.408283835178056
1887 1888 2.4944506970725318
1887 1895 8.485993231831682
1887 1909 8.311638100667311
1888 1887 2.4944506970725318
1888 1894 8.1157112613288
1888 1891 11.40298535375469
1889 264 0.42819192933114925
1889 7131 5.977352150558095
1889 240 8.740649477047313
1890 1891 4.095896178172918
1890 7131 1.2815728244390243
1890 7132 6.362894287546107
1891 1890 4.095896178172918
1891 1888 11.40298535375469
1891 1893 9.69296113657657
1892 1913 3.331461697920324
1892 1911 7.904274980934819
1892 7095 15.368882418620693
1893 1891 9.69296113657657
1893 1894 8.897096088142465
1893 1940 13.01665815441143
1894 1895 13.465707827422344
1894 1888 8.1157112613288
1894 1893 8.897096088142465
1894 1900 6.108540089130509
1895 1887 8.485993231831682
1895 1894 13.465707827422344
1895 1896 4.4326753266485515
1896 1909 6.091116664306461
1896 1911 6.002431085728203
1896 1895 4.4326753266485515
1897 1898 4.925236284862606
1897 1905 15.304576424374156
1897 1938 18.912722353568363
1897 8795 7.069513437603915
1898 1897 4.925236284862606
1898 1906 14.942117198782924
1898 1937 18.098023524829134
1898 1902 5.111612536181595
1899 1960 18.62024793253675
1899 1900 5.351725427443551
1899 1939 13.438745825114378
1900 1906 5.572734177188881
1900 1899 5.351725427443551
1900 1894 6.108540089130509
1900 1902 14.135339092130982
1901 1935 5.510136544051441
1901 1937 26.897411388987674
1901 980 19.77619902727712
1902 1939 5.343203699449371
1902 1898 5.111612536181595
1902 1900 14.135339092130982
1902 1941 21.137226485185604
1903 1956 5.9547018233381355
1903 8795 5.160812037283051
1903 1922 10.7636773014574
1904 1953 6.325793682897266
1904 1905 7.341980398869441
1904 9458 13.734355648274953
1905 1904 7.341980398869441
1905 1906 5.213858019810065
1905 1897 15.304576424374156
1906 1905 5.213858019810065
1906 1900 5.572734177188881
1906 1898 14.942117198782924
1907 1910 4.573965184114421
1908 6891 2.3930952169606856
1908 1910 8.796069782209782
1908 1911 8.240675009444557
1909 1896 6.091116664306461
1909 1887 8.311638100667311
1909 1910 10.79766903994328
1910 1908 8.796069782209782
1910 1907 4.573965184114421
1910 1909 10.79766903994328
1911 1892 7.904274980934819
1911 1896 6.002431085728203
1911 1908 8.240675009444557
1912 1913 6.519742526655009
1912 7092 15.056325079479423
1912 1950 6.841876440763158
1913 1912 6.519742526655009
1913 1892 3.331461697920324
1913 6882 4.9150752849466315
1914 1918 7.121928278421784
1914 1961 21.679624061445605
1914 1966 13.162000644316716
1914 728 6.359757965994167
1915 1919 7.569678342288547
1915 1966 11.157985812311995
1916 1961 24.869736620728478
1916 1920 4.828022675352041
1916 721 3.9172917465777815
1917 1930 5.2354048776144815
1917 1918 21.760442617044365
1917 1931 7.954605440416422
1917 1961 7.224207820244235
1918 1928 5.356696066721275
1918 1917 21.760442617044365
1918 1914 7.121928278421784
1918 1967 13.130661934357242
1919 1915 7.569678342288547
1919 1929 6.043235960882128
1919 1967 9.10547647983802
1920 1931 17.364012878307207
1920 1933 22.493482713209815
1920 1916 4.828022675352041
1921 1922 5.956516657553594
1921 1923 11.465213412726255
1921 1956 10.738702687067962
1922 1921 5.956516657553594
1922 1903 10.7636773014574
1922 1938 13.294584708760706
1923 1927 5.6771975134682116
1923 1921 11.465213412726255
1923 1954 16.011313376119748
1923 1932 7.83612967856451
1924 1957 6.280277278464019
1924 1925 5.725915088090574
1924 8527 2.5769501729730555
1924 1954 5.850559918044399
1925 1924 5.725915088090574
1925 1928 5.239402396085658
1925 1927 21.838601315632783
1925 1926 17.95233344233459
1926 1929 5.446581081587149
1926 1925 17.95233344233459
1926 1950 6.290709264075483
1927 1923 5.6771975134682116
1927 1930 5.277372410041787
1927 1925 21.838601315632783
1928 1925 5.239402396085658
1928 1918 5.356696066721275
1928 1930 21.789691288049745
1928 1929 19.887668965591896
1929 1926 5.446581081587149
1929 1919 6.043235960882128
1929 1928 19.887668965591896
1930 1917 5.2354048776144815
1930 1927 5.277372410041787
1930 1928 21.789691288049745
1931 1932 15.76095850253707
1931 1917 7.954605440416422
1931 1920 17.364012878307207
1932 1931 15.76095850253707
1932 1923 7.83612967856451
1932 1933 37.28256019189429
1933 1932 37.28256019189428
1933 1935 5.596559674649675
1933 1920 22.493482713209815
1934 241 1.3131691932461538
1934 1944 9.68136589516515
1934 7125 2.520399150479462
1935 1901 5.510136544051441
1935 1936 21.059801687708056
1935 1933 5.596559674649675
1936 1937 3.2437112541476867
1936 1938 1.531606386992952
1936 1935 21.059801687708056
1937 1936 3.2437112541476867
1937 1898 18.098023524829134
1937 1901 26.897411388987674
1938 1936 1.531606386992952
1938 1897 18.912722353568363
1938 1922 13.294584708760706
1939 1902 5.343203699449371
1939 1899 13.438745825114378
1939 1941 13.753110766817967
1939 1943 5.294227755753671
1940 1960 3.684450297653863
1940 7152 36.37861380769015
1940 1893 13.01665815441143
1940 240 4.624000979429093
1941 1942 5.1761910825590896
1941 1939 13.753110766817967
1941 1902 21.137226485185604
1942 1944 5.312089033730823
1942 1941 5.1761910825590896
1942 1943 10.98842540093012
1943 1945 4.935097179955397
1943 1942 10.98842540093012
1943 1939 5.294227755753671
1944 1942 5.312089033730823
1944 1945 8.460146422367137
1944 1934 9.68136589516515
1945 1943 4.935097179955397
1945 1944 8.460146422367135
1945 7125 9.429684051444806
1946 281 20.901149702751614
1947 1948 22.928523045536696
1948 1947 22.928523045536696
1948 280 1.3180693715815053
1948 281 4.8541511538323805
1949 1950 4.861688003801505
1950 1949 4.861688003801505
1950 1958 6.711786092641265
1950 1912 6.841876440763158
1950 1926 6.290709264075483
1951 3280 0.42581361692126946
1951 3261 13.655942826147637
1951 7100 13.439710532017909
1952 1953 11.41443983151244
1952 1955 5.901477528119408
1952 9458 7.204192667881482
1952 1957 5.221895953733053
1953 1958 5.549836221649119
1953 1904 6.325793682897266
1953 1952 11.41443983151244
1954 1955 11.466745636195098
1954 1924 5.850559918044399
1954 1923 16.011313376119748
1955 1956 5.161484432274001
1955 1952 5.901477528119408
1955 1954 11.466745636195098
1956 1955 5.161484432274001
1956 1903 5.9547018233381355
1956 1921 10.738702687067962
1957 1924 6.280277278464019
1957 1958 13.34063186839955
1957 1952 5.221895953733054
1958 1950 6.711786092641265
1958 1953 5.549836221649119
1958 1957 13.34063186839955
1959 3280 9.442719593112212
1959 7114 3.667142898164481
1959 7101 14.34778150554032
1960 1899 18.62024793253675
1960 1940 3.684450297653863
1960 278 1.4201320480595967
1961 1917 7.224207820244235
1961 1914 21.679624061445605
1961 1916 24.869736620728478
1962 1963 8.599913573304697
1962 1965 7.055715765392641
1962 1964 4.4607412039467755
1963 1962 8.599913573304697
1963 6876 12.577366042638984
1963 728 12.163358286986004
1964 1962 4.4607412039467755
1965 1962 7.055715765392641
1966 5508 4.779573249410237
1966 1967 6.996482900132053
1966 1915 11.157985812311997
1966 1914 13.162000644316716
1967 1966 6.996482900132053
1967 1919 9.10547647983802
1967 1918 13.130661934357242
1968 1979 5.287411018338285
1968 6527 3.2048070028954196
1969 1977 5.285712244698697
1969 1974 5.317125449073408
1969 1979 5.662025294508301
1970 1980 2.5836038881834544
1971 1983 7.229174703706718
1971 1973 8.510536747155035
1971 1981 19.530303268222447
1972 1983 4.588067501604246
1972 8529 6.775439053180881
1972 1984 8.27661254277294
1973 1974 9.184156873889163
1973 1971 8.510536747155035
1973 1980 10.654580590909994
1974 1973 9.184156873889163
1974 8529 23.37268282155795
1974 1969 5.317125449073408
1975 1978 3.2097218762036293
1976 1977 1.8592462012977224
1977 1976 1.8592462012977224
1977 1978 5.6455548313471615
1977 1969 5.285712244698697
1978 1977 5.6455548313471615
1978 1975 3.2097218762036293
1978 1979 7.616249587986404
1979 1969 5.662025294508301
1979 1968 5.287411018338287
1979 1978 7.616249587986404
1980 1970 2.5836038881834544
1980 1973 10.654580590909994
1980 1981 10.944897688733239
1981 1982 10.643820074953261
1981 1980 10.944897688733239
1981 1971 19.530303268222443
1982 1981 10.643820074953261
1982 1994 9.482199685920875
1982 1983 24.420639758832497
1983 1972 4.588067501604246
1983 1971 7.229174703706718
1983 1982 24.420639758832497
1984 1972 8.27661254277294
1985 8529 0.877588720750608
1985 1997 11.37367299009963
1985 1988 9.202291160777659
1986 2020 8.171573538083337
1987 7905 1.216633335195896
1987 1968 4.142107711390929
1988 7905 38.28898981946848
1988 2020 6.9450980593714515
1988 1985 9.202291160777662
1989 7905 2.3454156651607114
1989 2023 6.040553808419895
1989 3688 5.688240847362968
1990 2023 19.255424544879823
1991 3101 4.679955044654388
1991 5520 7.309676348097355
1991 1994 8.64115021922149
1991 3104 6.520836573259209
1992 1993 3.085367647467509
1992 1996 3.404538655573456
1992 6306 6.34515451593613
1993 2001 9.727356454297322
1993 1992 3.0853676474675096
1993 6307 2.2227638468258717
1994 1982 9.482199685920877
1994 1996 8.665714315550789
1994 1991 8.64115021922149
1995 1996 4.339444655195619
1996 1992 3.404538655573456
1996 1994 8.665714315550789
1996 1995 4.339444655195619
1997 6317 6.077707053758473
1997 2047 5.761820455049403
1997 1985 11.373672990099628
1998 1999 6.991921656978312
1999 6312 1.8170325837827246
1999 2001 3.5047777376031575
1999 1998 6.991921656978312
2000 2001 3.8790602584628724
2001 1999 3.5047777376031575
2001 2000 3.8790602584628724
2001 1993 9.727356454297322
2002 6313 4.780069306349787
2002 2004 3.2851097699088156
2002 2003 4.7445288675753785
2003 2002 4.7445288675753785
2004 2002 3.2851097699088156
2005 2006 3.2412765252806772
2006 6878 5.236635588228859
2006 2005 3.2412765252806772
2006 6315 4.073504472026151
2007 6080 1.8956912665560506
2008 3823 0.672866606122341
2008 1234 19.034322994243546
2009 1738 4.5986515843341165
2009 1784 16.796067541045336
2009 9001 9.654385857380403
2010 1785 17.1271038504354
2010 4710 8.553312326238327
2010 1790 15.338463432917699
2011 1784 12.857513347005852
2011 1385 14.98405014786186
2011 1787 44.33054736243712
2012 1735 3.938781568516989
2012 5964 6.363356997281846
2012 1785 12.94980989330035
2013 2014 6.916957822835935
2014 5315 3.838055091849592
2014 440 4.177881922413809
2014 2015 11.745113844134337
2014 2013 6.916957822835935
2015 2014 11.745113844134337
2016 279 14.47747985562101
2017 2024 1.026861775971976
2017 2025 0.7815173429265728
2017 2018 6.390054967427511
2018 2017 6.39005496742751
2018 2021 7.1559905636446555
2018 2026 9.305774835584378
2019 2020 2.0814630894936523
2020 2019 2.0814630894936523
2020 1986 8.171573538083337
2020 1988 6.945098059371453
2020 2021 12.192545791578578
2021 5787 5.375104361586467
2021 2020 12.192545791578578
2021 2018 7.1559905636446555
2022 2023 5.6004300116646135
2023 2022 5.6004300116646135
2023 1989 6.040553808419895
2023 1990 19.255424544879823
2024 2017 1.026861775971976
2025 2017 0.7815173429265728
2026 2028 2.3090065289390624
2026 2030 7.006805874255089
2026 2018 9.305774835584378
2027 2030 0.5860808584281273
2028 2026 2.3090065289390624
2029 2030 1.0619193348205402
2030 2026 7.006805874255089
2030 2027 0.5860808584281273
2030 2029 1.0619193348205402
2031 2032 5.862758346306426
2031 7388 12.150498379009795
2031 6879 10.367361858088312
2032 2033 4.745672804998325
2032 2031 5.862758346306425
2032 2034 10.092382301430339
2033 2032 4.745672804998325
2034 2036 1.1505078241511315
2034 2035 1.7048476888478152
2034 2032 10.09238230143034
2035 2034 1.7048476888478152
2036 2034 1.1505078241511315
2037 8973 4.35187792186522
2038 2065 6.267856203437794
2038 40 10.813688790999622
2038 8264 9.832652798505405
2038 8973 25.092469364051148
2039 5787 0.6371108139014731
2040 5787 1.230615434398804
2041 8530 0.8858769559769671
2042 8530 2.490912064336777
2042 2044 2.612136060388046
2042 2058 7.833680152452503
2043 7123 0.6876095487986024
2044 7123 1.7861829601764738
2044 2042 2.612136060388046
2044 2046 4.067488180509808
2045 2046 1.1567321839643465
2046 2045 1.1567321839643465
2046 2044 4.067488180509808
2046 5788 5.986096551088943
2047 2058 2.9695461179495055
2047 2056 10.761147320380385
2047 1997 5.761820455049403
2048 1367 0.9018908129636808
2048 2049 5.755394594355151
2048 6150 11.511475079441201
2049 2048 5.755394594355151
2049 2257 1.7510579782596873
2049 2050 20.244445134219635
2050 2049 20.244445134219635
2051 2052 24.466812235490096
2052 2051 24.466812235490096
2052 2264 12.932723003591185
2052 7365 0.6651633466168918
2053 2054 5.848192713954754
2053 2056 4.913517037970355
2053 2055 4.834839751766605
2054 2053 5.848192713954755
2055 2053 4.834839751766605
2056 2053 4.913517037970355
2056 6871 7.8025713408965585
2056 2047 10.761147320380385
2057 2058 9.450854882132985
2058 2042 7.833680152452503
2058 2047 2.9695461179495055
2058 2057 9.450854882132983
2059 2219 9.369464421281938
2059 828 34.247155363830714
2059 2061 6.1162987049703625
2060 4809 6.359367774422205
2060 4759 13.644953154245835
2060 791 9.947263355380542
2060 2223 12.65190066397402
2061 2227 11.17714812499839
2061 2059 6.1162987049703625
2061 5766 12.67110390854742
2062 2225 8.082022067967898
2062 2224 6.778064023850599
2062 2223 9.532668668508759
2062 2227 9.655498657517997
2063 2216 1.1462010756906555
2063 1333 13.50943361842137
2063 3379 21.18077399595588
2064 1347 10.076673829445044
2064 659 5.171145373089934
2064 3379 16.332487307334944
2065 2038 6.267856203437794
2065 2067 7.964292293945072
2065 2066 18.54861847179466
2066 2065 18.54861847179466
2067 2065 7.964292293945072
2068 2246 22.925420723942228
2068 8264 10.146906048731113
2068 2069 16.04033854158127
2069 2252 13.33620226288965
2069 2070 13.357538502184102
2069 2068 16.04033854158127
2070 3340 6.915379153870217
2070 3342 29.87414912767494
2070 2069 13.357538502184102
2071 475 5.630758843808742
2072 427 8.587986614233554
2073 9025 0.6416211039390715
2073 7335 1.7526544687028967
2074 2081 14.29248055997707
2074 2091 6.023693070065376
2074 7336 3.272312257522951
2075 2082 27.07034691737912
2075 2078 5.469512890583871
2075 2076 5.872451716339494
2076 5937 8.698333152611763
2076 2077 8.263136852517109
2076 2075 5.872451716339494
2077 5912 13.767116529771366
2077 2076 8.263136852517109
2077 5911 5.89524406621349
2078 2075 5.469512890583871
2078 2081 22.83974436063148
2078 8442 14.42091006621632
2079 2085 6.227906993516592
2079 5905 2.453595680638321
2079 5909 9.190862962480843
2080 5934 7.709720448294844
2080 5909 12.225445379736337
2080 5929 7.9111081794896805
2081 2078 22.839744360631478
2081 2074 14.29248055997707
2081 5906 12.083878661373559
2082 5936 7.978368056820734
2082 2075 27.07034691737912
2082 5938 8.274285770008664
2083 5905 24.38563286108932
2083 5930 15.684603318895043
2083 2084 19.49878493168585
2084 5892 28.023332849055087
2084 2083 19.49878493168585
2084 5895 14.583730443929436
2085 8712 0.29058989630325716
2085 2079 6.227906993516592
2085 5893 16.60798114120431
2086 9291 1.0736893758427952
2086 2273 3.530366192885097
2087 2088 72.35700297827113
2087 2086 2.527388015307073
2088 4538 7.6676430549324746
2088 2087 72.35700297827113
2088 5094 3.5290749753634665
2089 9033 18.007321628820886
2089 5427 35.1985964871523
2089 7735 4.816231616260043
2090 8008 2.22218207147997
2091 6225 3.91610650870249
2091 4776 26.483264160590846
2091 2074 6.023693070065376
2092 7631 8.853175813147631
2092 4776 7.1914097422921905
2092 6226 4.965311194592848
2093 6654 6.0419604020971835
2093 6653 4.430868718588002
2094 6838 18.422947653658383
2094 4766 3.0217055200285654
2095 5476 12.698064860551181
2095 4764 10.770362901121194
2095 5954 5.0268013910002525
2096 2097 2.8505209761289083
2097 5951 3.9247402059437375
2097 5456 5.060072110531621
2097 2096 2.8505209761289083
2098 1843 19.242578705590052
2098 1841 14.275136330464953
2098 562 18.686675021490146
2099 5679 0.6105915978746889
2099 8447 1.3105971590180754
2100 1216 6.184695443976697
2100 2101 11.959980573704817
2100 6967 10.70192522261908
2101 2100 11.959980573704817
2102 1215 19.004062340408158
2102 7740 10.479011226752991
2102 2103 7.646580463343771
2103 1214 13.062727744924512
2103 2102 7.646580463343771
2103 559 7.373460958965009
2104 1197 8.470576602746304
2104 1196 1.659118654194527
2104 2105 12.730087239000296
2105 2104 12.730087239000296
2106 2267 5.765465452558336
2106 5666 20.622842581782788
2106 2269 3.289901215723862
2107 7934 3.3119032177988768
2108 7290 22.53209367231084
2108 4776 22.355530146753992
2108 8712 12.599715625835506
2109 1798 7.864107261310995
2109 2139 23.523203751331238
2110 1798 7.616503277102582
2110 1793 14.614355710471477
2110 2111 4.802169873965684
2111 2110 4.802169873965684
2111 8856 4.191439147665487
2111 8448 4.3909886410384145
2112 661 3.9750058284743925
2112 7576 2.66701955663775
2112 1799 17.382217147817283
2113 2114 3.347518793409603
2113 1254 11.221083894770457
2113 2124 8.692225578293302
2114 2113 3.347518793409603
2114 2115 5.696785261542331
2114 2119 6.204998375576324
2115 2116 3.346976455958756
2115 2114 5.696785261542331
2115 2118 6.158153166873306
2116 2115 3.346976455958756
2116 2123 8.651281147949316
2116 2117 11.046182925657394
2117 781 5.195075997025266
2117 2116 11.046182925657394
2117 1256 33.847769891309504
2118 2119 4.8166409108647805
2118 2115 6.158153166873307
2118 3398 11.369440038422175
2119 2114 6.204998375576324
2119 2118 4.8166409108647805
2119 2120 17.717045095554973
2120 2121 4.127586847798532
2120 2119 17.717045095554973
2121 2120 4.127586847798532
2121 776 7.563572498211874
2122 2123 3.550865461547791
2123 2124 12.17657674789347
2123 2122 3.550865461547791
2123 2116 8.651281147949316
2124 2125 3.736420000750766
2124 2123 12.17657674789347
2124 2113 8.692225578293302
2125 2124 3.736420000750766
2126 3891 10.369332191198625
2126 2127 16.607778927550108
2126 4757 10.178598609274204
2127 796 9.078752787820877
2127 2126 16.607778927550104
2127 2128 26.21391666085636
2128 1252 10.268388242646756
2128 2127 26.21391666085636
2128 2129 33.88147465528732
2129 1252 10.170397435661636
2129 2130 10.498044920885153
2129 2128 33.88147465528732
2130 2131 5.065429630364234
2130 1253 15.062504266310098
2130 2129 10.498044920885153
2131 2130 5.065429630364234
2131 8444 3.6707167676491883
2131 8443 3.6268145119510966
2132 2133 4.409330640864488
2132 2134 19.256968059522855
2132 7572 6.775785945158125
2133 2132 4.409330640864488
2134 2132 19.25696805952286
2135 2136 4.15992333114115
2135 6604 9.358907127503873
2136 5678 11.880912166552465
2136 6978 0.9770141696086554
2137 2138 4.545848177645307
2137 4313 6.259803889915458
2138 1345 10.342438479239847
2138 2135 1.6574474550158116
2139 1796 9.330191878841816
2139 5678 0.6193463893910427
2139 6978 11.988405085996721
2140 1796 6.521694518946462
2141 1275 6.495492679181523
2141 1337 9.892749006158096
2141 2142 10.773882593016035
2142 2141 10.773882593016035
2143 1277 10.191949323269428
2143 2143 17.037357076833374
2144 1740 5.063938993489944
2144 6507 2.8602209467875914
2144 2145 11.41940032386213
2145 2146 13.64597615852285
2145 2152 10.669650205633411
2145 2144 11.419400323862131
2146 2147 8.093487426473578
2146 2145 13.64597615852285
2146 2155 11.309097497104005
2146 2154 10.552215232319444
2147 9108 0.9127241286722972
2147 2146 8.093487426473578
2147 2148 23.35832774453617
2148 2149 21.13466534612307
2148 2147 23.35832774453617
2148 2156 6.118527308254297
2149 2152 9.06103809893258
2149 2148 21.13466534612307
2149 2150 15.391586179215802
2150 8199 8.540060744151665
2150 2151 12.17743353630724
2150 2149 15.391586179215798
2151 2157 2.4357269421976553
2151 2152 10.617939050525251
2151 2150 12.17743353630724
2152 2149 9.06103809893258
2152 2145 10.66965020563341
2152 2153 8.83278356915107
2152 2151 10.617939050525251
2153 2154 6.981581588813902
2153 2152 8.832783569151069
2154 2153 6.981581588813902
2154 2146 10.552215232319444
2155 2146 11.309097497104005
2155 5694 1.7137392982833188
2155 1740 4.7700582007628585
2156 2148 6.118527308254297
2157 2151 2.4357269421976553
2157 6506 0.6275592326182889
2157 6505 0.7183556114700321
2158 2159 2.7399090197442275
2158 3949 8.274349196967114
2158 6507 5.396419427528565
2159 2158 2.7399090197442275
2159 2159 10.60609599120346
2160 8199 0.987851016191477
2161 1878 5.024482442436687
2161 366 1.3510132363544347
2161 6956 13.12356376594419
2162 6955 2.0544580483691877
2163 1542 9.674150275740375
2163 2168 10.160871152288506
2163 4255 2.800175652940788
2164 8261 3.387719202924051
2164 2165 3.460934521671812
2164 2166 6.757275605024552
2165 2164 3.460934521671812
2166 2167 4.967510290145126
2166 2164 6.757275605024552
2166 2168 6.150652724312829
2167 2166 4.967510290145126
2168 2169 3.5443143953350926
2168 2166 6.150652724312828
2168 2163 10.160871152288506
2169 2170 2.091932781440556
2169 2168 3.5443143953350926
2169 2171 12.40889194428378
2170 2169 2.091932781440556
2171 2169 12.40889194428378
2172 1515 3.572228298271816
2173 1538 4.229087586748661
2174 2193 4.089502112026879
2174 2175 4.549286632374174
2174 5684 5.321822753454129
2175 2174 4.549286632374172
2175 2189 4.573975468022805
2175 5668 6.836958132254454
2176 2178 4.0502635465190195
2176 5683 7.646607539371996
2176 5668 5.112539292450698
2177 5683 0.5351604323798954
2177 6975 5.346994509713439
2178 2176 4.0502635465190195
2178 2181 4.3251907296323555
2178 2179 4.6988879818536695
2179 2185 3.597409815225545
2179 2180 6.28495435568858
2179 2178 4.6988879818536695
2180 5670 1.1166343351122863
2180 5669 1.1588129370177767
2180 2179 6.284954355688581
2181 2183 2.5683308218544414
2181 2195 3.9566633404622453
2181 2178 4.3251907296323555
2182 2183 1.4376377094187711
2183 2184 1.3734775274946291
2183 2182 1.4376377094187711
2183 2181 2.5683308218544414
2184 2183 1.3734775274946291
2185 2179 3.597409815225545
2186 2187 1.7389105993366978
2186 5668 5.48585404404867
2186 2188 1.1191976608859526
2187 2186 1.7389105993366978
2188 2186 1.1191976608859526
2189 2190 0.9470154326481753
2189 2191 1.4270797664732453
2189 2175 4.573975468022805
2190 2189 0.9470154326481753
2191 2189 1.4270797664732453
2192 2193 1.0160205079414613
2193 2194 1.0816754861744171
2193 2192 1.0160205079414613
2193 2174 4.089502112026879
2194 2193 1.0816754861744171
2195 2181 3.9566633404622453
2196 7740 0.4487795777103929
2197 9279 0.7696878104495238
2197 9276 0.8959797542504349
2197 2202 19.90099019628927
2198 2204 2.0810083378997506
2198 1229 4.153917295613867
2198 2200 7.963818128818967
2199 9280 0.7058206771187776
2199 9278 0.7367470875406597
2199 2200 9.52007074545343
2200 2199 9.52007074545343
2200 2198 7.963818128818967
2200 2202 11.40058389689743
2201 9281 0.7475451035046922
2201 9277 0.703243438549409
2201 2202 10.856267667922616
2202 2201 10.856267667922616
2202 2200 11.40058389689743
2202 2197 19.90099019628927
2203 7739 0.8516765459339615
2203 7741 1.1066386625250024
2203 2204 6.801281249323843
2204 2198 2.0810083378997506
2204 2203 6.801281249323844
2204 560 16.514845752840223
2205 2206 7.863238153549458
2206 2205 7.863238153549458
2206 1342 6.996865291926194
2206 1341 7.132694651552543
2207 8605 0.7951087271988978
2208 1330 10.110159829816185
2209 2210 4.257737155797128
2210 1338 15.264907133332198
2210 2214 3.087316833592104
2210 2209 4.257737155797128
2211 2212 5.723583095546569
2211 6050 0.697104518047723
2211 8975 2.275419403232105
2212 2211 5.723583095546569
2212 2214 9.188613752007193
2212 6054 4.453489465326352
2213 6054 1.5980455871262516
2213 5765 0.8258167996326187
2213 5764 0.7177567140389163
2214 2212 9.188613752007193
2214 2210 3.087316833592104
2214 1331 12.830403024048943
2215 2216 7.318520499312773
2216 2063 1.1462010756906555
2216 1332 1.1390042690131055
2216 2215 7.318520499312773
2217 1332 5.268160161223195
2217 2218 17.255018777554977
2217 2221 9.513100884094346
2218 2220 6.624752285016376
2218 2219 22.976398655700294
2218 2217 17.255018777554977
2219 2059 9.369464421281938
2219 5309 10.953588039407029
2219 2222 7.831415393682001
2219 2218 22.97639865570029
2220 2218 6.624752285016376
2221 2217 9.513100884094346
2222 2219 7.831415393682001
2223 2226 6.8633501868726
2223 2060 12.651900663974017
2223 2062 9.532668668508759
2224 2062 6.778064023850599
2225 2062 8.082022067967898
2226 2223 6.8633501868726
2226 2226 25.237365299414446
2227 4183 13.846028924785603
2227 2062 9.655498657517997
2227 2061 11.17714812499839
2228 8976 9.806900172407056
2228 8452 10.468911059528459
2228 1338 7.908324869269016
2229 8976 1.2137065391034718
2230 42 2.2265055328481607
2230 2231 9.092083545523518
2230 8264 11.318078789050993
2231 2232 6.702589840354385
2231 2230 9.092083545523518
2231 2240 3.8418224633825764
2232 2233 6.504098660800119
2232 2231 6.702589840354384
2232 7744 6.480961189730008
2233 2238 3.5322378843171602
2233 2234 3.50609358432034
2233 2232 6.504098660800119
2234 2235 7.65697544643881
2234 2233 3.50609358432034
2234 2237 16.620834721685213
2235 2236 11.06432016809269
2235 2234 7.65697544643881
2235 2240 9.0067304772617
2236 2235 11.06432016809269
2237 2234 16.620834721685213
2238 2233 3.5322378843171602
2239 7744 0.9671314951125537
2240 2235 9.006730477261698
2240 2231 3.8418224633825764
2240 2241 5.64391655270978
2241 8451 1.1372115339671285
2241 2242 6.483456722370685
2241 2240 5.643916552709782
2242 2241 6.483456722370685
2243 2244 3.7149362160074815
2243 8263 4.711409294981518
2243 8264 7.426269288657263
2244 2243 3.7149362160074815
2245 8263 0.36547597555390504
2246 2247 19.068482495623655
2246 2068 22.92542072394222
2246 2248 7.678871083331347
2246 42 10.151082756810311
2247 2246 19.068482495623652
2247 4739 4.671356000117475
2247 34 15.235893504190459
2248 2246 7.678871083331347
2248 2249 19.18476717680065
2248 2253 10.80262856081703
2249 2250 18.767068637431265
2249 2248 19.18476717680065
2249 34 8.536027648224907
2250 2251 9.52961310939681
2250 2249 18.767068637431265
2250 3341 19.185739297525952
2251 3340 5.681303809358892
2251 2252 9.495314024733212
2251 2250 9.529613109396808
2252 2069 13.33620226288965
2252 2253 7.932724986558855
2252 2251 9.495314024733212
2253 2255 4.024632533768403
2253 2248 10.80262856081703
2253 2252 7.932724986558853
2254 2255 1.449806429526644
2255 2254 1.449806429526644
2255 2253 4.024632533768403
2255 4651 1.475904920124677
2256 2257 0.899466601480433
2256 5570 19.942980432425358
2256 1369 1.8947267548405156
2257 2256 0.899466601480433
2257 2048 1.6219205679575874
2257 2049 1.7510579782596878
2258 3184 9.320592486294533
2258 985 7.00773831224345
2258 567 6.658493855753142
2259 3408 12.076033320576089
2260 2261 4.905192199595302
2260 3083 10.241869967201405
2260 2263 10.83940639535276
2261 2262 4.442900809361823
2261 2260 4.905192199595302
2261 3704 9.758550817621447
2261 5664 9.818784065058471
2262 2261 4.442900809361823
2262 8321 4.335946719672793
2262 2888 20.242243357006334
2262 5665 12.513114771116383
2263 704 5.345516744391915
2263 3157 5.175997267646047
2263 2260 10.83940639535276
2264 3185 4.946677483909581
2264 567 4.73708770300299
2264 2052 12.932723003591185
2265 3405 4.342594158742222
2265 3185 4.474820280829335
2265 3186 12.371514938881022
2266 3183 3.0880853088948412
2266 3457 15.393593181192156
2267 2106 5.765465452558336
2267 1198 7.011322374048961
2267 2268 5.939494344800969
2268 2267 5.939494344800969
2269 2106 3.289901215723862
2271 7303 0.7587114952221944
2272 7893 2.5116544469254465
2273 4872 20.264853547258586
2273 2086 3.530366192885097
2273 1886 15.233290918956449
2274 9202 4.829825120494289
2274 4872 20.959416726778077
2274 9248 5.666331818611272
2275 7223 1.4763896793706979
2275 2279 3.79307066283724
2276 996 4.008302264139813
2276 2277 1.9725401641172076
2277 2278 0.4197734100197048
2278 7229 24.618945363056287
2278 8769 1.5129276947366819
2279 2280 0.29148892743966814
2280 8768 1.5445057857580873
2280 7408 37.121437610173714
2281 2415 1.4242391637354257
2282 6141 0.46178980406198816
2283 7231 1.4064117622339727
2284 6023 0.8790146106245003
2284 2285 0.6840190443239735
2285 3221 5.345214576549891
2285 2281 1.1677843939146229
2286 2580 2.27659978030995
2286 2550 12.777934382393024
2286 8696 6.022741141555396
2287 2557 1.7192743830714297
2287 2578 10.535632248252039
2287 2555 2.691773674541971
2288 2289 2.6636778415693647
2288 2578 10.858056247602663
2288 4609 6.614924353623826
2289 2288 2.6636778415693647
2289 2573 9.028771736194225
2289 2574 4.46082763259134
2290 3462 13.457696050318345
2290 4101 9.934220376587216
2290 2291 24.386036478434796
2291 2290 24.3860364784348
2292 4525 3.7557584417644576
2292 4526 5.8717882375677695
2292 7957 4.441886473006737
2293 7955 1.1880369175189023
2294 4488 2.4758215261822634
2294 4525 2.7601553621964294
2294 2298 3.9148793253893954
2295 4488 1.4988250263247966
2295 7953 0.7264464330507836
2295 6480 13.339341642796484
2296 2298 2.6185705667572647
2297 8787 0.8197393496923443
2298 8789 3.8450938538138684
2298 2296 2.6185705667572647
2298 2294 3.914879325389395
2299 3541 3.564563833265766
2299 4488 4.865541546287902
2299 8308 4.54168763370429
2300 3541 1.1759414232761503
2301 3146 4.593391771040862
2301 4303 7.362554065390038
2301 3142 7.087701888883065
2302 4298 2.863160690180789
2302 6502 6.809119025618174
2302 3146 11.84807817331277
2303 4312 11.83513635158669
2303 7853 8.363652543900647
2303 4304 17.120735870651256
2304 4123 1.9257057085447846
2304 3920 20.460341274249632
2304 3118 3.734440962154021
2305 3689 3.7062621377850564
2305 2306 6.2098577232028385
2305 4125 4.94193430585713
2306 2305 6.2098577232028385
2307 3689 6.501955044880228
2308 5330 16.574723728036293
2309 8846 1.2991278176217071
2310 6531 1.1302957149498194
2310 2311 2.968389102399062
2310 4503 6.48462258277451
2311 2310 2.968389102399062
2312 4956 8.425867621170081
2312 4962 15.36867829345648
2312 4957 17.616449324612866
2313 4956 6.023852936669084
2313 1117 9.515741765360271
2313 1051 1.7131198764843591
2314 3624 8.494544606788569
2315 6550 3.9655337063421925
2315 2317 7.6546415091574955
2315 9007 7.024994626601207
2316 6550 3.306410946571532
2317 6529 4.189204598682394
2317 2315 7.6546415091574955
2317 4531 5.461993331143262
2318 6529 2.5119837789054045
2318 8305 1.4445579673353452
2318 9005 9.054363243418814
2319 2320 15.91516257360141
2319 1030 6.018288729504655
2319 8997 7.13913915922336
2320 8304 1.0549938000511905
2320 5051 1.6133361226355314
2320 2319 15.91516257360141
2321 2323 3.8361335187273493
2321 4956 4.388853156971373
2321 8301 3.217814191318636
2322 8301 1.8168744104992423
2323 2321 3.8361335187273493
2323 8300 0.8787823848727664
2323 2324 1.4725630221890376
2324 2323 1.4725630221890376
2325 5713 16.183411873477134
2326 5712 4.764984682039321
2326 5713 14.14018129060992
2326 5703 3.675307832996088
2327 2328 6.2131017447843435
2327 5712 8.730906940804227
2327 5713 10.073161964250202
2328 2327 6.2131017447843435
2328 2328 8.024330496625407
2329 2333 4.6732169527539655
2329 6542 6.783509202478224
2329 6546 1.186028098475023
2330 8762 0.6330794916319396
2330 2331 10.283115053432127
2330 2332 3.2264251651085494
2331 2330 10.283115053432129
2332 2330 3.2264251651085494
2332 8636 2.441176250942357
2332 8638 3.8505159487200333
2333 2329 4.6732169527539655
2333 8636 3.2408741657409643
2333 2334 3.982137511808152
2334 2335 1.8772777247957908
2334 8634 0.9676456975208113
2334 2333 3.982137511808152
2335 2334 1.8772777247957908
2336 2339 4.8971219486300175
2336 2337 11.93926533654107
2336 2340 8.555982819431732
2337 2336 11.939265336541068
2338 2339 4.839548316971359
2338 6546 16.20898588956831
2338 2343 5.070092721977025
2339 2336 4.8971219486300175
2339 2338 4.839548316971359
2339 7250 1.780465246029351
2340 2336 8.555982819431732
2341 6542 0.7662909566685749
2342 2343 3.646337518901384
2342 3333 4.5623330955490555
2342 9123 11.54829938208353
2343 2338 5.070092721977025
2343 2342 3.646337518901384
2343 7249 2.874853000952614
2344 4092 4.331165927751478
2344 6541 4.456260205966834
2344 2345 9.38754219809086
2345 2344 9.387542198090863
2346 4091 12.439446689860395
2346 6541 21.27041212622535
2346 2348 17.550911995928736
2347 9502 0.287173825804486
2347 2350 22.264594663313293
2347 1876 6.709112126034198
2348 2346 17.550911995928736
2348 4092 9.627815785126975
2348 2351 9.653779322188267
2349 2351 20.042466671012107
2349 2350 7.978826027014806
2349 4093 7.253554364536285
2350 2347 22.264594663313297
2350 4092 29.931845076393707
2350 2349 7.978826027014806
2351 2349 20.04246667101211
2351 2348 9.653779322188267
2351 2352 13.494265312896136
2352 2351 13.494265312896138
2352 305 8.722794490457796
2352 5745 13.436822731466508
2353 2354 28.985628720326662
2353 1067 5.688129872255994
2353 8967 12.54298289710439
2354 2353 28.985628720326662
2355 6600 5.620016176521652
2355 5066 3.8629953892226636
2355 5063 5.056246791189063
2356 5066 3.496100684871842
2356 4575 14.499571596197658
2356 2357 4.115309006839304
2357 1071 19.21035504350289
2357 1072 7.991141057968613
2357 2356 4.115309006839304
2358 2359 3.4330969566847354
2359 2358 3.4330969566847354
2359 2360 3.3373225371656376
2359 5067 22.782602221075646
2360 2359 3.3373225371656376
2361 2362 4.713400414383375
2362 8627 5.704737774258416
2362 2361 4.713400414383375
2362 2363 4.6948924699507435
2363 2362 4.6948924699507435
2364 5065 5.727967739296959
2364 8616 10.19907708428226
2364 5063 36.83887776532802
2365 2366 4.054526325125832
2365 5062 3.7358707062509766
2365 8615 1.2282481828525345
2366 2365 4.054526325125832
2367 2379 2.6303592724724387
2367 2369 11.289608479797192
2367 5064 11.064967839395694
2368 2369 26.044073190887918
2368 2370 5.53707144801137
2368 2375 25.648609516626475
2369 2368 26.044073190887918
2369 2367 11.289608479797192
2369 2371 5.005699724969252
2370 2368 5.537071448011369
2371 2375 9.212115778949148
2371 2369 5.005699724969252
2371 2372 6.069527656956141
2372 2373 1.8157564527647616
2372 2374 1.5045321960224671
2372 2371 6.06952765695614
2373 2372 1.8157564527647616
2374 2372 1.5045321960224671
2375 2368 25.648609516626475
2375 2371 9.212115778949148
2375 2377 11.967252053745318
2376 2377 2.618342391656016
2377 2376 2.6183423916560162
2377 2375 11.967252053745318
2377 2378 2.813572824135382
2378 2377 2.8135728241353823
2379 2367 2.6303592724724387
2379 2389 9.306249897262946
2379 4107 71.13504346533422
2380 2381 2.7908502528833594
2381 2380 2.7908502528833594
2381 2385 7.407304032512112
2381 2383 8.986303116084242
2382 2383 1.5284847423210515
2383 2382 1.5284847423210515
2383 2384 0.7780994184857671
2383 2381 8.986303116084242
2384 2383 0.7780994184857671
2385 2381 7.407304032512112
2385 2387 7.813227934356352
2385 2386 5.622384256812253
2386 2385 5.622384256812253
2387 2385 7.813227934356352
2387 2389 2.6116814722932107
2387 2388 17.946295899660626
2388 2387 17.94629589966063
2389 2387 2.6116814722932107
2389 2379 9.306249897262946
2389 2395 7.755522670180947
2390 2391 1.8848028046991874
2391 2390 1.8848028046991874
2391 2393 5.666745536793898
2391 2392 2.9940320784014154
2392 2391 2.9940320784014154
2393 2391 5.666745536793898
2393 2395 7.68588076440838
2393 2394 3.0439059286861676
2394 2393 3.043905928686168
2395 2393 7.685880764408378
2395 2389 7.755522670180947
2395 2396 5.6529486052485005
2396 2395 5.6529486052485
2397 1876 7.602418005642756
2397 2398 8.111103350769246
2398 2397 8.111103350769246
2398 2399 7.375151439309908
2399 2398 7.375151439309908
2400 4351 2.5245537255786474
2400 1194 11.5173795578255
2400 2407 6.003072724348657
2401 4353 3.6778919084867234
2402 2403 1.2566481152904145
2402 9284 0.48379987488000553
2402 4353 7.473179774312143
2403 2402 1.2566481152904145
2404 9287 0.6265979851069289
2404 2405 0.91612466438155
2404 4352 3.450915111842468
2405 2404 0.91612466438155
2406 9283 0.7798450266340057
2407 9286 0.9113351112477863
2407 2400 6.003072724348656
2407 9288 3.5360884621639976
2408 9288 0.9353244938463955
2409 2455 10.803991606524807
2410 4420 11.596335193598785
2411 2412 4.602022184622775
2411 8315 0.9084049268035256
2411 8314 0.6165206740924638
2412 8318 1.0775610596905791
2412 2411 4.602022184622775
2412 4734 5.806471509915994
2413 8319 4.758687345022879
2413 4732 7.6368343488936805
2413 8312 4.387306059437304
2414 8319 2.1702914102490065
2415 9193 2.7021787781881277
2415 2282 0.754934861528044
2416 2450 4.481757399485545
2416 2419 2.0843995380125033
2416 7989 2.383478442958597
2417 9261 42.87163253766779
2417 7218 2.1091529422186515
2418 3202 13.57362586742925
2418 2419 1.3882735977011744
2418 7989 2.782626969889311
2418 2416 2.4087715928106825
2419 2418 1.388273597701174
2419 7987 14.912934110994442
2420 3313 8.147816123668026
2420 2924 5.446234532231523
2420 3312 22.58769917032263
2421 3305 9.263854440648123
2421 5076 34.22941494321784
2421 2923 4.313982564808826
2421 3740 8.585772287582536
2422 2423 16.023775730281738
2423 2424 1.4948898874535217
2423 3873 11.84883433512584
2423 2422 16.023775730281734
2424 2423 1.4948898874535217
2425 628 16.553592961488633
2425 7380 3.8521839063062524
2426 466 1.1755275372763128
2426 8793 0.6273566647854721
2427 2428 2.144613056342869
2427 7326 3.354568002849422
2427 254 3.9814754612372334
2428 725 17.707835432141056
2428 2427 2.144613056342869
2429 10 2.1224790310224257
2429 1424 2.196725888145136
2430 6540 5.98788741113003
2431 6909 0.8169560003809839
2432 2433 9.917009282142839
2432 379 11.721807189458934
2432 2434 4.409506247259608
2433 2432 9.917009282142839
2434 2435 0.6365072939643058
2434 2436 1.9818301475074374
2434 2432 4.409506247259609
2435 2434 0.6365072939643058
2436 2434 1.9818301475074374
2437 2931 4.131746854663486
2437 3682 4.243430333431986
2437 4078 7.479257774020342
2437 2928 11.641264265985354
2438 2439 1.900800206452608
2438 2614 2.536967272240876
2438 7078 27.357972577944807
2439 2438 1.900800206452608
2439 2440 2.5558952670094004
2439 2492 6.438756636910924
2440 2438 3.4435742915541896
2440 2441 5.484090559054405
2441 2444 41.70224512011129
2441 2443 5.7404157484939216
2441 2440 5.484090559054405
2442 2443 21.410846018693174
2442 2619 17.560511863688195
2442 2448 49.583880630886696
2443 2441 5.7404157484939216
2443 2442 21.41084601869318
2443 2619 6.792357641885006
2444 2619 1.3959735745746946
2444 2441 41.702245120111286
2444 2445 6.073219514694171
2445 2446 1.4194206201513393
2445 2444 6.073219514694171
2445 2447 8.102601579895481
2446 2445 1.4194206201513393
2447 2445 8.102601579895481
2448 7076 5.206925857221889
2448 2442 49.5838806308867
2448 8662 0.8823065850222974
2449 2452 7.305117161315215
2449 7212 9.918580638772955
2449 5778 8.530744016448821
2449 2916 6.0732809307299505
2450 2416 4.481757399485545
2450 5778 2.334481984043301
2450 2451 10.44235733408547
2451 2450 10.44235733408547
2451 2452 16.69215917425197
2451 3463 11.450875910266781
2451 4078 20.59144096119969
2452 3682 3.474664871650947
2452 2449 7.305117161315215
2452 2451 16.69215917425197
2452 2929 11.48993644006662
2453 657 4.813063194512048
2453 51 2.6768025389622894
2454 655 5.619320263677119
2454 3898 38.45173213652443
2455 7400 2.8329428082818575
2455 2409 10.803991606524809
2456 3327 17.73102041037698
2456 4153 8.272225973969485
2457 4153 28.913711434877033
2457 5741 7.122157384162875
2457 5745 9.073694087626523
2458 8161 7.717069201677464
2458 5805 0.703651494428374
2458 810 30.51353902639553
2459 2460 12.22782976570915
2460 810 10.811576832947143
2460 2459 12.22782976570915
2460 2461 5.4980721405122095
2461 2460 5.4980721405122095
2462 810 2.117353362980099
2462 2463 16.35854311970195
2462 7984 11.828314832625448
2463 2464 5.8340141565712145
2463 2462 16.35854311970195
2463 2474 7.2499009070771505
2464 2465 15.750621271314424
2464 2463 5.834014156571214
2464 2470 20.565391516258753
2465 2466 8.738675681035833
2465 2464 15.750621271314424
2465 2470 8.154775284707835
2466 2467 18.998707432129137
2466 2465 8.738675681035833
2466 2469 5.617429582152888
2467 2468 1.064200604224058
2467 2466 18.998707432129137
2467 2469 7.191449173203851
2468 2467 1.064200604224058
2468 2471 4.555790454945861
2468 287 11.389293574885428
2469 2470 11.62598061065204
2469 2466 5.617429582152888
2469 2467 7.191449173203851
2470 2464 20.565391516258753
2470 2469 11.625980610652041
2470 2465 8.154775284707835
2471 2473 3.5958867699823074
2471 2472 1.832030819442721
2471 2468 4.555790454945861
2472 2471 1.832030819442721
2473 2471 3.5958867699823074
2474 2463 7.2499009070771505
2475 1309 2.9194056886729784
2475 2487 43.51642762422001
2475 2476 17.702026362412166
2476 2644 6.294181973430042
2476 2475 17.702026362412166
2476 4619 3.6993492249168756
2477 2644 5.559047885640815
2477 8135 9.346582291241928
2477 6995 26.34295862889532
2478 2479 9.24273040520268
2478 2949 7.755672544076521
2478 6995 14.061097717052087
2479 2480 10.774080860669391
2479 2478 9.24273040520268
2479 8137 16.707475691017994
2480 2479 10.774080860669391
2480 2649 8.318793459512314
2480 2482 10.13331679185912
2481 8137 0.8968679199909755
2482 2483 2.0162529797573767
2482 2484 6.160710166256683
2482 2480 10.13331679185912
2483 2482 2.0162529797573767
2483 2941 13.244653363654542
2483 2485 8.77661982736023
2484 2482 6.160710166256683
2484 6984 0.8211257542522146
2484 6983 0.9423212583795778
2485 2946 2.2508267898219487
2485 4625 5.974773931899976
2485 2483 8.776619827360227
2486 2948 26.84604776621275
2486 2947 19.6711729054993
2486 6980 7.851440930709851
2487 2488 7.103130064505345
2487 2475 43.51642762422001
2487 2648 24.635181132296236
2488 2487 7.103130064505345
2488 2647 2.3605132932791366
2488 2489 5.966755770451909
2489 6997 1.0123298095032256
2489 6996 0.5263894565601358
2489 2488 5.966755770451909
2490 8135 0.8821098389676522
2491 6980 0.9717313720684416
2492 8461 4.755582186227133
2492 2439 6.438756636910924
2493 6378 0.9110171635008011
2494 6376 0.7879150927281806
2495 6381 0.8927921836296271
2496 6381 6.403912304990232
2496 5816 5.139626546429754
2496 2498 10.324092264829979
2497 6380 0.8462494169959943
2498 6380 12.53068598637268
2498 2496 10.324092264829979
2498 2514 21.100267393332413
2499 5817 1.4761304898702248
2500 2502 6.942723757521482
2500 2504 19.5999185347528
2500 2513 8.398960437707382
2501 6395 1.0995543427786112
2502 6395 4.459095743520225
2502 2500 6.942723757521481
2502 5817 6.107471450036642
2503 6396 0.9686154822635886
2504 6396 18.472220329304516
2504 2505 7.123221328746357
2504 2500 19.5999185347528
2505 6378 3.9558520335641933
2505 5816 19.25233392564089
2505 2504 7.123221328746357
2506 6389 0.7965534286546173
2507 6389 6.8741382342028
2507 2509 7.312607038177243
2507 2511 6.8418812595224185
2508 6383 1.0846846592066597
2509 2510 5.216017400107584
2509 2507 7.312607038177242
2509 6388 11.702345307828441
2510 6383 1.9907433225477293
2510 8175 4.331522413783185
2510 2509 5.216017400107584
2511 2507 6.8418812595224185
2511 2513 6.402823727337237
2511 2514 6.349763963544557
2512 4611 0.7490278946160959
2512 6391 0.7649448426546127
2512 2513 3.1074386552102577
2513 2512 3.1074386552102577
2513 2500 8.398960437707384
2513 2511 6.40282372733724
2514 2498 21.10026739333241
2514 2511 6.349763963544558
2514 8329 3.5107315673733948
2515 8539 8.152297125471645
2515 2530 11.92841048813916
2516 6398 1.1329308959852016
2517 5696 6.903352157671462
2517 2520 7.58612659951958
2517 2527 12.418532250007647
2518 5696 2.0261931527171244
2519 5696 0.8091018762145503
2520 2517 7.58612659951958
2520 2529 11.062948794422736
2520 2524 1.664384135591134
2521 8142 1.7465540822060042
2522 8142 8.81618201530622
2522 2525 5.190951546482245
2522 2524 11.143602378904857
2523 2525 6.8934594419403785
2524 2522 11.143602378904854
2524 2520 1.664384135591134
2524 2530 2.211463570397152
2525 2523 6.8934594419403785
2525 8140 4.619319158672866
2525 2522 5.190951546482246
2526 2527 11.039597057998417
2526 2529 8.957293732378254
2526 2528 12.38792515821612
2527 6398 11.996991615820695
2527 2517 12.418532250007646
2527 2526 11.039597057998417
2528 2528 9.035192908050481
2528 2526 12.387925158216126
2529 2526 8.957293732378252
2529 2544 11.600264464754254
2529 2520 11.062948794422736
2530 8148 5.516380481694554
2530 2524 2.211463570397152
2530 2515 11.92841048813916
2531 8148 0.8638907882588595
2532 2534 8.346212118122539
2532 2536 9.70967767643325
2532 2533 2.024786410706213
2533 2532 2.024786410706213
2534 8144 1.2149195447435055
2534 8143 0.24546905685122525
2534 2532 8.346212118122539
2535 8146 0.5903024053474998
2535 8145 0.4056308189953445
2535 2536 7.187893456803587
2536 2535 7.187893456803585
2536 2532 9.709677676433252
2536 2544 3.7072817973045966
2537 2538 0.9938788365917326
2538 6399 0.9439454636379395
2538 2537 0.9938788365917326
2538 2539 2.648851750776145
2539 2538 2.648851750776145
2539 2542 10.135679854595676
2539 2541 5.273772784640293
2540 6401 1.2495648429279314
2541 6401 7.774490661604622
2541 2539 5.273772784640293
2541 8542 10.980612918547482
2542 2539 10.135679854595676
2543 2544 17.6121869111871
2544 2536 3.7072817973045966
2544 2529 11.600264464754257
2544 2543 17.6121869111871
2545 9052 1.983528168774951
2545 5992 0.5733449210230048
2546 8646 2.21412783824946
2546 2545 8.56488873810316
2547 8538 3.9757141585598883
2548 2569 6.627679611792044
2548 2573 17.642862963485324
2548 2549 4.825387942905736
2549 2567 3.1872885420637393
2549 2565 4.099845800956502
2549 2548 4.825387942905736
2550 6414 0.9054607437678288
2550 6420 0.9004994106039145
2550 2286 12.777934382393024
2551 2552 2.8047304410509613
2552 6419 0.8660995132237514
2552 2551 2.8047304410509613
2552 2553 4.1610980334167404
2553 2552 4.1610980334167404
2553 2580 2.0735030872458267
2553 2555 4.590866388024061
2554 2555 3.3676180892582463
2554 6406 0.9431222124958197
2554 6412 0.9074309144552197
2555 2554 3.3676180892582463
2555 2287 2.691773674541971
2555 2553 4.590866388024061
2556 2557 2.724253809885256
2556 6415 0.912803859344249
2556 6421 0.9406009288635719
2557 2556 2.724253809885256
2557 2287 1.7192743830714297
2557 2561 6.903784483312053
2558 6409 0.6708876230482569
2559 6408 0.8382756430249165
2559 2560 4.538834581753195
2559 6409 4.9488409775497315
2560 2559 4.538834581753195
2560 2561 5.405914638573916
2560 9518 3.906623979779733
2561 2560 5.4059146385739165
2561 2557 6.903784483312055
2561 2564 8.601941009414027
2562 2563 6.462233026971718
2563 2564 3.4204969908912815
2563 6413 0.9724909922884495
2563 2562 6.462233026971718
2564 2565 4.725181314860991
2564 2563 3.4204969908912815
2564 2561 8.601941009414027
2565 6407 4.949924262008645
2565 2564 4.725181314860991
2565 2549 4.099845800956502
2566 6407 0.8517739642565416
2567 2549 3.1872885420637393
2567 6416 0.9532025191010775
2567 6410 0.9065465411434169
2568 2569 3.7820437402307725
2568 6423 0.9004819160454485
2568 6411 0.9242528968127408
2569 6417 0.7632377871166527
2569 2568 3.7820437402307725
2569 2548 6.627679611792043
2570 2571 6.025288822808961
2571 2573 3.8693257546477744
2571 2570 6.025288822808961
2571 2572 4.855044938288688
2572 2571 4.855044938288688
2573 2571 3.8693257546477744
2573 2548 17.642862963485324
2573 2289 9.028771736194221
2574 2289 4.46082763259134
2575 2577 5.904534777623913
2576 2577 3.5262193838147
2577 2576 3.5262193838147
2577 2575 5.904534777623913
2577 2578 7.14723564540889
2578 2288 10.858056247602661
2578 2287 10.535632248252039
2578 2577 7.14723564540889
2579 2582 3.721282009585206
2580 2553 2.0735030872458267
2580 2286 2.27659978030995
2580 2584 5.491521404757666
2581 2582 4.738554558272428
2582 2581 4.738554558272428
2582 2584 7.066565244579486
2582 2579 3.721282009585206
2583 2584 5.01222570116433
2584 2580 5.491521404757666
2584 2583 5.01222570116433
2584 2582 7.066565244579486
2585 8693 18.63835656313771
2585 2770 7.705461494032168
2585 2774 4.547890136718414
2586 253 7.436260151497425
2587 3049 0.8625014769139222
2587 6223 4.2874847852350815
2587 2591 8.830995919979136
2588 2589 5.922491219875385
2588 2591 1.073974608843034
2588 2590 7.752118413326003
2589 2588 5.922491219875385
2589 521 3.9153411817746973
2590 2588 7.752118413326003
2591 2588 1.073974608843034
2591 2592 7.768713165683555
2591 2587 8.830995919979136
2592 2591 7.768713165683555
2593 2953 0.7101538365991132
2593 2594 17.008822425881597
2594 521 23.85635963191508
2594 2599 26.567970438232763
2594 2593 17.0088224258816
2595 2596 7.456265471552679
2595 61 14.421095453795225
2595 67 6.865712810263261
2596 2595 7.456265471552679
2597 9272 8.437021083603273
2597 60 16.27942438809764
2597 2598 6.596801354900235
2598 2597 6.596801354900235
2599 2600 11.059866914102786
2599 2594 26.567970438232763
2599 520 12.264259133365343
2600 2599 11.059866914102786
2601 2605 5.951890789312125
2601 3417 10.094758018792673
2601 2602 21.539660483631867
2602 3415 9.42428583290847
2602 70 51.07307759493533
2602 2601 21.53966048363187
2603 3415 2.260579053454829
2603 147 4.610012724248413
2603 73 33.37612668858302
2604 57 1.2296692206271418
2604 3967 2.816760779554597
2604 3417 2.222903426155669
2605 2601 5.951890789312125
2606 2607 8.46533960483977
2606 2822 5.82675108918414
2606 2628 26.89231204259621
2607 2613 29.250739841788175
2607 2608 13.576104780627798
2607 2606 8.465339604839771
2608 2609 15.046186417484774
2608 2607 13.576104780627796
2608 2640 6.663731017445674
2609 2610 9.730495708841163
2609 2608 15.046186417484774
2609 2638 6.435935365585786
2610 2609 9.730495708841163
2610 2636 22.134662635656078
2610 2611 6.850726322243028
2611 2620 18.72577332040431
2611 2612 6.227097927875261
2611 2610 6.850726322243028
2612 2618 6.819166664310199
2612 2613 15.1104140984799
2612 2611 6.227097927875261
2613 2607 29.25073984178818
2613 2612 15.1104140984799
2613 7828 19.50936795348091
2614 7828 5.238365647780009
2614 2439 3.25797091372337
2615 2616 7.044274205816483
2615 2621 20.83536796746627
2615 7828 9.030507736946499
2616 2617 11.8987166379698
2616 2615 7.044274205816483
2616 2618 25.99730020388728
2617 2618 8.87371351089898
2617 2616 11.8987166379698
2617 2620 6.320087422181255
2618 2612 6.819166664310199
2618 2617 8.87371351089898
2618 2616 25.99730020388728
2619 2444 1.3959735745746946
2619 2443 6.792357641885006
2619 2442 17.560511863688195
2620 2617 6.320087422181254
2620 2611 18.725773320404315
2620 2621 13.505935003114306
2621 4594 6.008528003642506
2621 2620 13.505935003114306
2621 2615 20.835367967466272
2622 2623 10.990858366998077
2622 4594 8.33586940803237
2622 2643 22.488684349734122
2623 2622 10.990858366998077
2623 2624 10.685692684149773
2624 2643 6.1002011885376985
2624 2623 10.685692684149773
2625 2626 6.912658349328579
2625 2631 12.748196670508243
2625 2628 15.47283947774898
2626 2639 3.7298658069143995
2626 2625 6.912658349328579
2626 2641 21.520587691507902
2626 2640 19.686548201774162
2627 2640 1.4561612816577383
2627 2639 9.645177062358485
2627 2637 4.020402837082352
2628 2625 15.47283947774898
2628 2606 26.892312042596206
2628 4029 12.880062098165068
2629 2684 6.300168747865569
2629 9391 1.8384463722993831
2630 2685 19.525592453633557
2630 4594 31.658995185308193
2630 9391 9.87923489066776
2631 2653 4.670514132726668
2631 2625 12.748196670508243
2631 2632 7.410940183284675
2632 2633 7.513407085365605
2632 2631 7.410940183284675
2632 2635 24.43235111561971
2633 2638 9.522766472579844
2633 2632 7.513407085365605
2633 2635 12.012735308994019
2634 2642 10.689827557050455
2634 7933 2.286843795638336
2635 2636 6.300255823983206
2635 2633 12.01273530899402
2635 2632 24.432351115619706
2636 2642 2.812808274555957
2636 2610 22.134662635656078
2636 2635 6.300255823983205
2637 2641 6.715642267936343
2637 2627 4.020402837082352
2637 2639 11.099258150876015
2638 2641 6.2098931523432706
2638 2609 6.435935365585786
2638 2633 9.522766472579844
2639 2626 3.7298658069143995
2639 2627 9.645177062358485
2639 2637 11.099258150876016
2640 2627 1.4561612816577383
2640 2608 6.663731017445674
2640 2626 19.686548201774166
2641 2638 6.2098931523432706
2641 2637 6.715642267936343
2641 2626 21.520587691507906
2642 2636 2.812808274555957
2642 2634 10.689827557050455
2642 2643 11.567151240572047
2643 2624 6.1002011885376985
2643 2642 11.567151240572047
2643 2622 22.48868434973412
2644 4616 16.8881778023081
2644 2477 5.559047885640815
2644 2476 6.294181973430042
2645 4616 7.811602655768951
2645 6995 8.352694045249958
2645 2646 6.52582524684236
2646 2949 7.352465381702473
2646 2645 6.52582524684236
2646 2647 7.175234896032572
2647 2488 2.3605132932791366
2647 4617 5.545032757563945
2647 2646 7.175234896032572
2648 4620 8.178099798084686
2648 2487 24.635181132296232
2648 2948 7.957112043130438
2649 4620 8.102264256306519
2649 2480 8.318793459512314
2649 2949 21.40077724907552
2650 516 7.529842515237464
2650 503 9.626215485016134
2650 515 7.840474984265626
2651 622 3.852847647261508
2651 618 5.6682847745997575
2651 503 5.14298439859967
2652 2740 3.933325362059112
2652 4587 1.4454552588263323
2652 6465 10.290058467877977
2653 2631 4.670514132726668
2653 2678 6.056362122285484
2653 2655 7.773425556850652
2654 7325 33.88333362251249
2654 2738 12.44327044246652
2654 4587 6.873841520872713
2655 2653 7.773425556850653
2655 2656 21.017020980652823
2655 2677 14.564663998421784
2656 2658 19.9455194938729
2656 2657 13.894647775536985
2656 2655 21.017020980652823
2657 4592 18.854364157811222
2657 2656 13.894647775536985
2657 2660 7.616106433695465
2658 2659 12.548504093138186
2658 2656 19.9455194938729
2658 4737 8.912952244623394
2659 2665 2.0588479693556794
2659 2658 12.548504093138188
2659 2675 12.320081215958815
2660 2661 8.283030352468652
2660 2665 16.112816592903414
2660 2657 7.616106433695465
2661 2673 14.032293097879984
2661 2660 8.283030352468652
2661 2672 13.118481788611403
2662 8201 0.7690671118407824
2662 8609 21.28776257136535
2663 8201 12.042649410250919
2663 2664 8.81700649932031
2663 2668 4.793808177169173
2664 6078 11.957740227797473
2664 2675 7.746914532257575
2664 2663 8.817006499320309
2665 2659 2.0588479693556794
2665 2666 16.971770042650174
2665 2660 16.112816592903414
2666 2665 16.971770042650174
2666 2668 10.472790729968587
2666 2667 4.041412067167404
2667 2666 4.041412067167404
2667 4025 4.967458535076692
2667 7081 22.456737412294462
2668 2663 4.793808177169173
2668 2666 10.472790729968587
2668 6077 3.259124752048437
2669 2821 5.742838909093887
2669 2670 2.920977388674148
2669 4029 9.10012671203371
2670 2671 2.2766813310060536
2670 9406 1.1712769924692152
2670 2669 2.920977388674148
2671 2670 2.2766813310060536
2672 2661 13.118481788611403
2673 7081 7.042716383103809
2673 2661 14.032293097879984
2673 2674 10.06596850800146
2674 2673 10.06596850800146
2675 2664 7.746914532257576
2675 2676 1.5940634983025885
2675 2659 12.320081215958817
2676 7082 17.28805552961928
2676 2675 1.5940634983025885
2676 4597 10.48341042608725
2677 2655 14.564663998421786
2677 4597 7.640019518486355
2677 7082 18.28156881921609
2678 7933 19.52653235633806
2678 2653 6.056362122285484
2678 2679 10.03502762225658
2679 2680 7.67865916053889
2679 2678 10.035027622256578
2679 2683 18.99671152820271
2680 2681 19.57295077992309
2680 2679 7.67865916053889
2681 2680 19.572950779923087
2681 2682 4.562613368817324
2682 4595 6.994389171823045
2682 2683 8.923797766560305
2682 2681 4.562613368817324
2683 2684 6.767210592077236
2683 2679 18.99671152820271
2683 2682 8.923797766560305
2684 2683 6.767210592077236
2684 2685 4.361889569035228
2684 2629 6.300168747865569
2685 8271 2.662254136365181
2685 2684 4.361889569035228
2685 2630 19.525592453633557
2686 2768 6.577079517211824
2686 2687 8.10945567671271
2686 2755 7.210631191656275
2687 406 13.826126199864024
2687 2686 8.10945567671271
2687 407 8.699118371406547
2688 2752 14.627633390274312
2688 406 22.194829490182578
2688 5992 9.295158459653264
2689 2690 8.286083669860309
2689 2757 26.47530350007497
2689 2766 20.484765863460787
2690 2689 8.286083669860309
2690 2755 19.281574848252994
2690 2769 12.951421909268936
2691 2692 8.096510006832052
2691 2709 3.5003651613967044
2691 2707 12.288794528743312
2692 2696 16.848474417636577
2692 2861 4.4394575699712275
2692 2691 8.096510006832052
2693 2754 7.975190089259434
2693 2700 13.260339258030225
2693 4738 14.399855457499331
2694 7653 4.890177024551983
2694 4600 8.057354558528594
2694 2750 4.089410631650913
2695 2861 13.850298706783585
2695 2860 14.957332164450408
2695 2858 7.47738654438487
2696 3013 7.704125112692928
2696 2697 10.101635815726116
2696 2692 16.848474417636574
2697 2698 9.32247153807054
2697 2696 10.101635815726118
2697 3012 8.300675042840169
2698 4598 6.57684567998163
2698 2770 4.299527001199907
2698 2697 9.32247153807054
2699 2757 6.302953519508545
2699 2752 12.111325323670078
2699 2763 8.709879088042907
2700 2749 6.1094501975756375
2700 4603 12.211864170191443
2700 2693 13.260339258030227
2701 8692 0.13977703957836166
2701 4600 1.7636137608152822
2701 2733 16.287321735589465
2702 2725 21.14203345403395
2702 2703 13.7879808102186
2702 2726 32.33871180922687
2703 2811 19.248840285026525
2703 2788 5.208034128444303
2703 2702 13.7879808102186
2704 2717 5.306808375400075
2704 2725 15.31700045013139
2704 9497 6.685183149924508
2705 2719 2.0784059280540887
2705 2717 12.25001405247553
2705 2710 17.490103662625117
2706 2731 11.033467753997458
2706 4608 24.556489464829674
2706 2737 26.659575456433146
2707 2713 7.800606254721729
2707 2691 12.288794528743312
2707 8691 4.421663479598355
2708 2722 12.579764627873654
2708 2719 15.25822769985513
2708 2711 14.84377227212771
2709 6075 5.135507617430172
2709 2691 3.5003651613967044
2709 2710 10.264764166482971
2710 2709 10.264764166482971
2710 2711 4.4520372673528374
2710 2705 17.49010366262512
2711 2710 4.4520372673528374
2711 2708 14.84377227212771
2711 2712 7.025120649357015
2712 2711 7.025120649357015
2712 2714 13.370469354058992
2712 2713 22.13361346103683
2713 2707 7.800606254721729
2713 2715 14.316923426704115
2713 2712 22.13361346103683
2714 2715 8.211280494715666
2714 2712 13.37046935405899
2714 2716 7.22043203872658
2715 2731 6.769285079838621
2715 2713 14.316923426704115
2715 2714 8.211280494715664
2716 9500 0.7719074129475412
2716 9499 0.611950816144665
2716 2714 7.22043203872658
2717 2705 12.25001405247553
2717 2704 5.306808375400075
2717 2718 7.903688653094124
2718 2786 5.791986809310359
2718 2717 7.903688653094123
2718 8416 5.794188553680982
2719 2705 2.0784059280540887
2719 2708 15.25822769985513
2719 9497 18.30974063795597
2720 2721 13.721129396200656
2720 9498 16.05863069137004
2720 2722 23.651618368938607
2721 2724 5.545865664920819
2721 2723 12.821305364433165
2721 2720 13.721129396200656
2722 4608 8.165237296965943
2722 2708 12.579764627873656
2722 2720 23.6516183689386
2723 4608 7.81819277555033
2723 2724 31.99150337951069
2723 2721 12.821305364433163
2724 2726 33.124112844168266
2724 2721 5.545865664920819
2724 2723 31.99150337951069
2725 2704 15.31700045013139
2725 2702 21.14203345403395
2725 9512 6.695009472822408
2726 2729 6.428749839521672
2726 2702 32.33871180922687
2726 2724 33.12411284416827
2727 2728 9.57231020299451
2727 2729 7.422558724513361
2727 2730 7.100005362272347
2728 9498 6.406561815564383
2728 2727 9.57231020299451
2728 9512 18.845644776109783
2729 2727 7.422558724513361
2729 2726 6.428749839521672
2729 9512 30.342740364166094
2730 2730 14.704143986390893
2730 2727 7.100005362272347
2731 2715 6.769285079838621
2731 2706 11.033467753997458
2731 2732 25.29943749484468
2732 2733 10.520446962821316
2732 2731 25.299437494844675
2732 2734 6.93960907507507
2733 2732 10.520446962821316
2733 2737 9.802511010612182
2733 2701 16.287321735589465
2734 2736 5.348168856020845
2734 2735 5.494366816884416
2734 2732 6.93960907507507
2735 2734 5.494366816884416
2736 2734 5.348168856020845
2737 2741 7.575158775482754
2737 2706 26.65957545643315
2737 2733 9.802511010612182
2738 2654 12.443270442466522
2739 6469 0.5983777921545905
2739 6470 0.6200442841721898
2739 2744 5.8985151502545605
2740 2652 3.933325362059112
2740 811 37.35565382277668
2740 2744 8.3047776035482
2741 2745 6.425882405673097
2741 2737 7.575158775482754
2741 2742 8.510753518640831
2742 2741 8.51075351864083
2743 6466 0.5638507582342154
2743 6468 0.8282860465590731
2743 2744 4.087103493174003
2744 2739 5.8985151502545605
2744 2740 8.3047776035482
2744 2743 4.087103493174003
2745 2746 10.067526185500121
2745 2741 6.425882405673097
2745 9501 8.21684247859199
2746 2745 10.067526185500123
2747 4602 14.674385601654462
2747 4600 5.308648475000449
2747 8964 3.2128156302683384
2748 7577 0.5622446457360267
2749 2700 6.1094501975756375
2749 2751 29.03180314968184
2749 2750 27.31668372786301
2750 2694 4.089410631650913
2750 4603 9.175492141238955
2750 2749 27.316683727863005
2751 4738 7.053195032015234
2751 5580 48.45393277529424
2751 2749 29.03180314968184
2752 2699 12.111325323670078
2752 2688 14.627633390274312
2752 5580 6.645605213859701
2752 4740 7.330102917693426
2753 4738 16.133330238156496
2753 2763 12.754659684056719
2753 2754 36.04252633924486
2754 7080 1.4726439488569776
2754 2693 7.975190089259434
2754 2753 36.042526339244866
2755 2756 6.792357326332227
2755 2686 7.210631191656275
2755 2690 19.281574848252994
2756 2755 6.792357326332227
2756 2759 9.55539245561103
2756 2762 33.92054189643882
2757 2689 26.475303500074965
2757 2699 6.302953519508545
2757 2758 7.16494816412928
2758 2762 2.026154821270905
2758 2757 7.16494816412928
2758 2761 3.9416641543963715
2759 2760 6.763160662241664
2759 2761 9.051749008009486
2759 2756 9.555392455611027
2760 2759 6.763160662241664
2760 8176 0.7129263777692338
2760 8179 0.7283689640182923
2761 2758 3.9416641543963715
2761 2759 9.051749008009486
2761 2762 13.582225182211015
2762 2758 2.026154821270905
2762 2756 33.92054189643882
2762 2761 13.582225182211015
2763 2753 12.754659684056719
2763 2699 8.709879088042907
2763 9481 5.4484313210339295
2764 9481 0.9939843341973723
2765 2766 6.182146284173313
2766 7080 1.6531664425702821
2766 2689 20.484765863460783
2766 2765 6.182146284173313
2767 2768 29.931062456765645
2767 2771 6.79443734493698
2767 7945 15.662680324123299
2768 2686 6.577079517211824
2768 2767 29.931062456765652
2768 2773 25.759378769859346
2769 4599 4.890662009003243
2769 2773 7.671423634714627
2769 2690 12.951421909268936
2770 2698 4.299527001199907
2770 2585 7.705461494032166
2770 2771 11.127088994581378
2771 2770 11.127088994581378
2771 2767 6.794437344936981
2771 2772 19.170239188998984
2772 7945 7.172227266452123
2772 2773 4.988742324212848
2772 2771 19.17023918899898
2773 2772 4.988742324212848
2773 2769 7.671423634714627
2773 2768 25.759378769859342
2774 2803 8.065068732756101
2774 6074 15.86779271242612
2774 2585 4.547890136718414
2775 2804 6.941421528421061
2775 2802 5.895691555715156
2775 2784 7.417808285790719
2776 2815 17.578318230600456
2776 2818 9.466520149974187
2776 2790 5.388905502895324
2777 2802 20.26743208585369
2777 2803 2.9336334645643114
2777 2778 6.381995438689466
2778 2779 2.896744834716471
2778 2777 6.381995438689466
2778 2782 20.760239281703605
2779 2778 2.896744834716471
2779 2781 7.609711578462904
2779 2784 11.277632119473777
2780 2790 1.7267952217997562
2780 2804 9.045489199506862
2780 2782 10.077571792470419
2781 2779 7.609711578462904
2782 2783 7.7623720283643145
2782 2780 10.07757179247042
2782 2778 20.76023928170361
2783 2782 7.7623720283643145
2784 2779 11.277632119473777
2784 2775 7.417808285790721
2784 7884 9.69189954654304
2785 7884 1.217247703331593
2786 2718 5.791986809310359
2786 2787 8.758471514967045
2786 2788 22.81449543930418
2787 2786 8.758471514967045
2787 2803 39.76502169507317
2787 2802 32.944042003610065
2788 2801 8.383155498122186
2788 2703 5.208034128444302
2788 2786 22.814495439304185
2789 2804 7.843850869699263
2789 2801 22.573892916585915
2789 2805 10.557296281470334
2790 2808 4.9049582546992525
2790 2780 1.7267952217997562
2790 2776 5.388905502895324
2791 2792 2.8354313418590906
2792 6475 0.9167209082049649
2792 2794 3.3693408814820844
2792 2791 2.8354313418590906
2793 6472 0.909579324510418
2794 2797 5.6737676804133
2794 2792 3.369340881482084
2794 6472 3.63434133031769
2795 2796 3.949976596487114
2796 2797 11.053170923348135
2796 2795 3.949976596487114
2796 2798 17.937546984213643
2797 2794 5.6737676804133
2797 2800 3.593577514672792
2797 2796 11.053170923348137
2798 2796 17.937546984213643
2799 6474 0.7977924683628516
2800 6474 6.40342609243041
2800 811 5.162547804134871
2800 2797 3.593577514672792
2801 2789 22.573892916585915
2801 2788 8.383155498122187
2801 2806 16.799809696187836
2802 2775 5.895691555715156
2802 2777 20.26743208585369
2802 2787 32.94404200361007
2803 2777 2.9336334645643114
2803 2774 8.065068732756101
2803 2787 39.765021695073166
2804 2789 7.843850869699263
2804 2775 6.941421528421061
2804 2780 9.045489199506862
2805 2807 7.5771439610355795
2805 2806 6.828884336854981
2805 2789 10.557296281470334
2806 2801 16.79980969618784
2806 2810 3.0158191527593847
2806 2805 6.828884336854981
2807 2805 7.5771439610355795
2807 7825 0.826464283884318
2807 7824 1.3311305820100607
2808 2790 4.9049582546992525
2808 2809 7.577718763507164
2808 2810 21.07434805104958
2809 2808 7.577718763507164
2809 7827 0.8683830536001792
2809 7826 1.4477186477333572
2810 2806 3.0158191527593847
2810 2808 21.074348051049583
2810 2811 8.025229711322744
2811 2810 8.025229711322744
2811 9176 11.22616014564107
2811 2703 19.248840285026517
2812 2813 5.600411764110282
2812 9174 11.858803540799618
2812 8167 5.67054964112028
2813 2814 6.307530251257089
2813 2812 5.600411764110282
2813 3009 31.612000903674357
2814 2813 6.307530251257089
2814 2816 24.970404936846478
2814 2995 8.37477385502562
2815 8208 2.1573729033548092
2815 2776 17.578318230600452
2815 2995 7.559027476107644
2816 2820 8.520199194499519
2816 2814 24.970404936846478
2816 2998 9.207543486200567
2817 2819 4.908247041868337
2817 2818 7.794199577049613
2817 2820 13.70598150583402
2818 2776 9.466520149974182
2818 8609 15.994807534264341
2818 2817 7.794199577049612
2819 2817 4.908247041868337
2819 5576 3.5014596377638405
2819 5575 2.8842165799424184
2820 2817 13.70598150583402
2820 2816 8.520199194499519
2820 2955 6.873096197350501
2821 2662 2.132210873687688
2821 2669 5.742838909093886
2821 5574 10.51228104997035
2822 2824 7.944213614476626
2822 8358 5.090758077550627
2822 2606 5.82675108918414
2823 6462 16.00824995769177
2824 2832 7.884407737725421
2824 2822 7.944213614476626
2824 2849 8.030361488030676
2825 2850 22.25101275451025
2825 2842 7.810448746405134
2825 2846 3.6153246677937116
2826 2827 8.976441555700124
2827 2826 8.976441555700125
2827 4585 4.64229491480254
2827 4586 5.944668901878515
2828 2829 3.7181422946598675
2829 6467 0.8693917361393064
2829 6463 12.483756019801868
2829 2828 3.7181422946598675
2830 2831 12.574107768829656
2831 2843 6.147663985815684
2831 2830 12.574107768829656
2831 2846 8.782357886035356
2832 2850 7.463663954051833
2832 2824 7.884407737725421
2832 2833 5.803582133084429
2833 2842 33.94570701369497
2833 2832 5.803582133084428
2833 2841 10.108358168796764
2834 6464 17.207969881530655
2835 5804 4.9445348908164855
2836 287 1.609865816685624
2836 5804 1.0472858155424813
2837 2839 5.775590656486286
2838 5802 1.1887594374748374
2838 8174 6.202786313025969
2839 2840 2.4595607981685585
2839 5802 3.6657376773772747
2839 2837 5.775590656486286
2840 2839 2.4595607981685585
2841 8163 0.6300920886529502
2841 8162 0.7136935720053492
2841 2833 10.108358168796764
2842 2843 24.928185592431834
2842 2833 33.945707013694964
2842 2825 7.810448746405136
2843 2854 1.1847553550659182
2843 2831 6.147663985815684
2843 2842 24.928185592431838
2844 8125 0.7131064847279434
2845 2836 2.970191262158889
2845 8125 18.407817348540757
2846 2831 8.782357886035356
2846 2847 2.9929538893278584
2846 2825 3.6153246677937108
2847 2853 15.443046598309737
2847 2848 13.982492190601453
2847 2846 2.9929538893278584
2848 3010 2.1366701981509797
2848 2854 32.23137121076237
2848 2847 13.982492190601453
2849 2851 12.665363494287146
2849 2824 8.030361488030676
2849 2852 18.9371879053757
2850 2825 22.25101275451025
2850 2832 7.463663954051832
2850 2851 6.954654422134211
2851 2850 6.954654422134211
2851 2849 12.665363494287144
2851 2853 5.290036698470982
2852 3011 11.27923813969094
2852 2849 18.9371879053757
2852 2855 17.367892152634823
2853 3011 6.773100027845222
2853 2851 5.290036698470982
2853 2847 15.443046598309737
2854 2843 1.1847553550659182
2854 4027 7.731410512387
2854 2848 32.23137121076237
2855 3010 4.541941187866967
2855 2856 9.77373357560032
2855 2852 17.36789215263482
2856 4614 9.197785166642467
2856 4028 12.029747117327869
2856 2855 9.773733575600321
2857 2858 7.304599748893277
2858 2859 7.218315985833137
2858 2857 7.304599748893277
2858 2695 7.47738654438487
2859 2858 7.218315985833137
2860 2695 14.957332164450408
2860 7653 4.162453558184888
2860 2861 52.03846796310538
2861 2692 4.4394575699712275
2861 2695 13.850298706783589
2861 2860 52.0384679631054
2862 2940 0.8249175653262827
2862 2864 33.878293196802026
2862 2866 5.030709984042684
2863 9056 5.171343698238981
2863 7983 5.584046347515747
2863 7984 4.129328199645026
2864 2862 33.87829319680203
2864 2940 5.833675392844141
2864 7983 5.112317104473731
2865 2866 8.469512527877457
2866 2865 8.469512527877457
2866 6991 3.770203080501118
2866 2862 5.0307099840426845
2867 6990 7.620723857498148
2867 2870 7.794601437790168
2868 8785 0.9524000760206297
2869 7996 1.0198583154239869
2870 8785 2.8001121216790663
2870 7996 16.567609951396726
2870 2867 7.794601437790168
2871 523 4.248623426356521
2871 2872 3.7110346586827236
2871 2954 24.259573070926297
2872 522 21.587447087432164
2872 2871 3.7110346586827228
2872 523 4.436180487706213
2873 2874 25.961295295611777
2873 2 23.261735645822906
2873 7028 6.250642005573121
2874 2873 25.961295295611777
2874 2875 0.5187201239647777
2874 882 4.791361255756034
2875 881 5.833194158505689
2875 2874 0.5187201239647777
2875 2876 16.57271155098452
2876 884 3.5167629300409216
2876 883 3.7234374807839234
2877 3706 3.8591763161746404
2877 2879 6.717431756849773
2877 2878 5.920330713691057
2878 3721 0.12355699582771232
2878 2877 5.920330713691057
2878 3716 5.591905446263835
2879 3088 0.7589521025511529
2879 2880 5.635892051660906
2879 2877 6.717431756849773
2880 2879 5.635892051660906
2880 2881 5.102046360611767
2880 3722 6.802646826269958
2881 2880 5.102046360611766
2881 3175 4.835305680495534
2881 3717 7.169159432426389
2882 2884 7.092853630281313
2882 2883 20.35055055120166
2883 2882 20.350550551201664
2883 7052 14.057409660736358
2883 7072 18.6033254300302
2884 2882 7.092853630281313
2884 3717 5.345298123180775
2885 8825 2.0308802506928614
2885 704 11.253697221224309
2885 3159 7.859207798059348
2886 3089 4.304308573501716
2886 3167 2.0915852502508483
2886 876 11.615309040567691
2887 3085 0.9231058843049447
2887 3087 4.793178557591648
2887 8781 11.154543953655882
2888 18 4.138910889338754
2888 2262 20.24224335700633
2888 3339 6.317490618765623
2889 3095 1.280199003351214
2889 4118 4.147095663908622
2889 3096 6.377111140532281
2890 2892 3.249380679369741
2890 2891 2.322237481522191
2890 5330 18.587592034528978
2891 7903 13.289110522232654
2891 2890 2.322237481522191
2891 4120 21.414674737425837
2892 2890 3.249380679369741
2892 7847 4.277378663751856
2892 4119 21.622786393671465
2893 3273 8.395148914446912
2893 3283 22.29222921566989
2893 5363 4.614412530053046
2893 5364 4.074993030934548
2894 977 4.249691147467605
2894 5541 4.620429023485785
2894 6031 5.551147295739241
2895 2896 37.51687046411809
2895 3703 5.672119705539541
2895 4080 7.97792060570457
2896 2895 37.51687046411809
2896 1190 3.604401964387513
2896 2909 5.303931724013128
2897 2898 9.475913974333816
2898 2897 9.475913974333816
2898 2911 6.455007563474183
2898 7175 9.969939203005307
2899 2908 6.697885260054218
2899 3703 5.223082285679618
2899 2902 12.59935088051196
2899 2901 7.832569117319892
2900 2902 7.795059679887765
2900 2901 12.05726653022254
2900 5535 7.600437774303952
2901 2900 12.05726653022254
2901 5536 7.613942776734888
2901 2899 7.832569117319892
2902 2900 7.795059679887765
2902 2899 12.599350880511961
2902 2907 6.695347544311392
2903 7214 2.347050893289516
2903 2904 37.455093397042
2903 1190 4.186404538187616
2904 6216 8.501302003278361
2904 4080 3.7385520962464067
2904 2903 37.455093397042
2905 7215 12.68995290820883
2905 4079 6.894591686203751
2905 2917 4.845479800352175
2906 2908 26.56795922176739
2906 648 18.664968855733974
2906 7186 9.236363843429592
2907 2908 12.949123672374304
2907 2902 6.695347544311392
2907 7186 3.472210500022268
2908 2899 6.697885260054218
2908 2906 26.567959221767385
2908 2907 12.949123672374304
2909 2910 22.007740044144388
2909 2896 5.303931724013128
2909 7175 9.13331305746911
2910 5536 2.3574196790521245
2910 2909 22.007740044144388
2910 3703 18.3734624835962
2911 2912 6.487554722940089
2911 7176 4.8980679536142535
2911 2898 6.455007563474183
2912 2911 6.487554722940089
2913 4088 1.2323512890062454
2913 2919 2.9594275589203294
2913 2914 14.826580734345566
2914 2917 4.603679527090003
2914 2918 11.034897690061333
2914 7193 4.703893337397048
2915 4079 5.054153246796324
2916 4088 1.8775886527447228
2916 2449 6.073280930729951
2917 2914 4.603679527090003
2917 9262 11.779441796954
2917 2918 6.533738847862972
2917 2905 4.845479800352175
2918 4079 4.842488959244643
2918 3424 6.059646203034996
2918 2914 11.034897690061335
2918 2917 6.533738847862972
2919 2913 2.9594275589203294
2919 3475 2.18183652786577
2920 7193 0.2518587845160286
2920 2922 4.897290164677631
2920 2919 12.444223101490998
2921 3475 1.04303825145191
2921 2922 9.993019716865462
2921 648 2.3877775852698426
2922 2920 4.897290164677631
2922 9247 3.7028702610945436
2923 2924 46.67736217890046
2923 4087 2.371981595576572
2923 2421 4.313982564808826
2924 2420 5.446234532231523
2924 7176 6.389828589968177
2924 2923 46.677362178900474
2925 7186 25.280388570011976
2925 4087 3.7666352752566055
2925 3472 6.070640777807334
2926 3413 14.886593086035573
2926 4087 11.718696400815759
2926 3474 17.75215334967183
2927 2928 7.314348084036208
2927 3412 18.745847630934282
2927 3460 8.535481866163638
2927 8240 3.4368314100821395
2928 2927 7.314348084036208
2928 8234 4.733065632632101
2928 3460 3.624833252440543
2928 2437 11.641264265985352
2929 8234 6.708635544765067
2929 3474 9.50516472783271
2929 2452 11.48993644006662
2930 2931 49.28277338218244
2930 3319 6.267408705148484
2930 378 1.0410710632997997
2931 4077 2.7405213559434527
2931 2437 4.131746854663486
2931 2930 49.28277338218244
2932 3437 8.405065803971704
2932 2933 26.642713665918716
2932 5553 16.243445005334024
2933 1419 8.91203181776032
2933 6535 3.0038210376357486
2933 2932 26.642713665918716
2934 7645 5.9882556560520985
2935 7646 6.917521350957803
2935 7645 10.436458847474414
2935 631 3.431323618323648
2936 9411 2.223912342265693
2936 2937 19.03544551841852
2936 502 5.843324050651709
2937 4089 10.93240063988887
2937 2936 19.03544551841852
2937 2939 4.816096890333201
2937 504 4.908280840686445
2938 9411 3.4329496957033263
2938 516 3.717729138672188
2938 2939 17.19429141347611
2939 2938 17.19429141347611
2939 2937 4.816096890333201
2939 631 2.5934494768941754
2940 9056 22.144842357957792
2940 2862 0.8249175653262827
2940 2864 5.833675392844141
2941 2948 14.003419711130482
2941 2483 13.24465336365454
2941 2943 5.44430608081372
2942 4626 23.089056945776353
2942 2947 6.229414800763004
2942 2944 13.568636498723674
2943 4625 6.91564662801374
2943 2941 5.44430608081372
2943 4626 7.192095902942193
2944 2945 19.786129960425125
2944 2942 13.568636498723674
2944 2946 5.801495761340728
2945 2947 18.71626638463685
2945 2946 31.452337664613523
2945 2944 19.78612996042513
2946 2485 2.2508267898219487
2946 2945 31.452337664613523
2946 2944 5.801495761340729
2947 2486 19.6711729054993
2947 2945 18.716266384636853
2947 2942 6.229414800763004
2948 2941 14.003419711130482
2948 2486 26.84604776621275
2948 2648 7.957112043130438
2949 2646 7.352465381702473
2949 2478 7.755672544076521
2949 2649 21.400777249075528
2950 1357 4.853364112266566
2951 2952 6.793541706388919
2951 1357 10.522301033120542
2951 731 12.514416442395886
2952 2951 6.793541706388919
2953 2587 6.824341765648946
2953 65 0.9303049390383971
2954 74 4.919965038034064
2954 2871 24.259573070926294
2955 5574 14.047825037182267
2955 2820 6.873096197350501
2955 3009 13.388426078620425
2956 2964 24.22258055816459
2956 6434 14.336911035885063
2956 2957 6.096789900720258
2957 2982 10.071623886932063
2957 2958 4.540739963506206
2957 2956 6.096789900720258
2958 2983 4.943276424955916
2958 2957 4.540739963506206
2958 6426 6.97912023004059
2959 2983 2.2999830127562033
2959 2992 7.099593628063641
2959 2993 5.856528893789214
2960 2986 8.357848220468984
2960 2975 5.274527529204584
2960 2987 4.388958797712927
2961 2967 10.276561450634807
2961 2970 3.9033647975573436
2961 2968 4.390598634619896
2962 2965 12.01566166034538
2962 2963 2.6589458127586774
2962 2970 6.753365972040243
2963 9531 11.942050445036093
2963 2964 4.610624067832629
2963 2962 2.6589458127586774
2964 2956 24.22258055816459
2964 6437 7.104645975968345
2964 2963 4.61062406783263
2965 2962 12.01566166034538
2966 9531 0.7343129163806081
2967 2961 10.276561450634807
2968 9524 6.196712760785748
2968 2961 4.390598634619896
2968 2969 3.5029613197615563
2969 9523 8.76488134148441
2969 2968 3.502961319761557
2969 2972 2.5860728585333006
2970 9332 3.9034765820596022
2970 2962 6.753365972040243
2970 2961 3.9033647975573427
2971 2972 6.218681349153258
2972 2971 6.218681349153258
2972 2969 2.5860728585333006
2972 2973 5.0717367685029116
2973 2978 2.2890166896740944
2973 9526 5.757170923809102
2973 2972 5.0717367685029116
2974 9526 0.6077147651502224
2975 2976 2.132382221298572
2975 6427 5.932775100322581
2975 2960 5.274527529204584
2976 2975 2.132382221298572
2976 2977 6.602670037823826
2976 2978 5.817917331860327
2977 2976 6.6026700378238266
2978 2973 2.2890166896740944
2978 2979 6.540259627488986
2978 2976 5.817917331860327
2979 2978 6.540259627488986
2980 6432 1.017017280801152
2981 2982 6.225414440405979
2982 6432 6.2268700269944715
2982 2957 10.071623886932063
2982 2981 6.225414440405979
2983 2959 2.2999830127562033
2983 2958 4.943276424955916
2983 2984 4.916400217252299
2984 2983 4.916400217252299
2985 6428 3.2624919025288626
2985 2987 4.458557952870619
2985 2992 1.9221671804889682
2986 2960 8.357848220468982
2987 2988 6.61773922511975
2987 2960 4.388958797712927
2987 2985 4.458557952870619
2988 2990 6.6315475859594795
2988 2987 6.61773922511975
2988 2989 4.96569403996369
2989 6431 1.0106561664699536
2989 6424 1.5688029125904037
2989 2988 4.96569403996369
2990 6433 0.9409634684793875
2990 6425 4.313664618372851
2990 2988 6.63154758595948
2991 2992 4.5341530063648925
2992 2991 4.5341530063648925
2992 2985 1.9221671804889682
2992 2959 7.099593628063641
2993 2959 5.856528893789215
2994 6426 5.98158319700002
2995 2814 8.374773855025621
2995 2815 7.559027476107644
2995 2998 25.843581328724866
2996 2997 0.7894889165898563
2997 7073 0.7834314676261376
2997 2996 0.7894889165898563
2997 2998 7.568483819422199
2998 2816 9.207543486200567
2998 2995 25.843581328724866
2998 2997 7.568483819422199
2999 9416 0.5010512609353
3000 8169 3.8028796066371364
3000 7074 2.923607539065588
3000 3005 11.290585090154522
3001 3005 0.9266279829929552
3001 3002 6.696204568519398
3001 3003 7.119175502629907
3002 3001 6.696204568519398
3002 8167 11.351591670153725
3002 4026 23.333136447543378
3003 3001 7.119175502629907
3004 9418 1.9145403575814486
3005 3001 0.9266279829929552
3005 3000 11.290585090154522
3005 9418 9.356950903894564
3006 3007 5.355307502209314
3007 3006 5.355307502209314
3007 3009 11.345843094440948
3007 8171 4.709675012549873
3008 8171 0.466351684559928
3009 2955 13.388426078620421
3009 2813 31.612000903674357
3009 3007 11.34584309444095
3010 2855 4.541941187866967
3010 2848 2.1366701981509797
3010 3011 19.602705332296633
3011 2853 6.773100027845222
3011 2852 11.279238139690937
3011 3010 19.602705332296633
3012 9478 0.8590137562714095
3012 9479 0.7000976201960383
3012 2697 8.300675042840169
3013 2696 7.704125112692928
3013 6073 0.7267855643415614
3013 6072 0.7894286366462508
3014 826 7.346065186676063
3014 4823 12.747737602873208
3014 8409 39.99209736329479
3015 9069 4.050365936386246
3015 8642 2.124357480034238
3016 6575 2.0113682816208747
3016 8643 1.2455702317636037
3017 5323 7.2897813487969145
3018 4816 7.863958425765692
3018 4837 9.119288228704
3018 5323 15.621366372595956
3019 3020 9.767750708862373
3020 3021 4.8971658004409635
3020 3019 9.767750708862373
3020 9078 2.142759973237125
3021 9164 0.9557190482223505
3021 9079 2.8882323912000234
3021 3020 4.897165800440963
3022 9164 4.88852805508575
3023 4807 3.979270463357893
3023 6330 3.5374052677070322
3023 315 5.616636339561393
3024 4804 4.963253740326822
3025 9066 4.4490384479583405
3026 1494 6.6126837887326335
3027 3028 0.5193153582443242
3027 438 7.430816219345443
3027 434 13.100795171292036
3028 3027 0.5193153582443242
3028 3029 12.978355969712775
3028 5791 10.450940324106845
3029 3028 12.978355969712775
3029 5511 10.807952462468123
3029 234 4.7165692212745345
3030 7689 0.9601729629506098
3030 7690 0.9409642762471733
3030 4900 9.911691317253958
3031 6912 1.3853998893946662
3031 5335 0.9397768720009355
3031 468 15.162721077929337
3032 3033 4.495427304606843
3032 4900 16.01870212208719
3032 4328 7.312079393783889
3033 7300 3.604099566505808
3033 3032 4.495427304606843
3033 5337 13.688992732757178
3034 7298 1.3246758779356376
3035 4325 4.216241695369549
3035 3036 13.380829408535588
3035 476 3.1625739365210004
3036 4345 3.274408622976733
3036 3040 4.209766084239028
3036 3035 13.380829408535588
3037 3038 0.7897382492106348
3038 3037 0.7897382492106348
3038 7682 0.9716056076104058
3038 3039 8.164396132950968
3039 4342 8.158953711609312
3039 3038 8.16439613295097
3039 3043 17.010133366520567
3040 611 15.3380800120634
3040 3036 4.209766084239028
3040 3043 3.05463729976633
3041 4344 1.0898688938011845
3042 4324 14.375743390245788
3042 4344 5.176000799822782
3042 4338 3.8802324775634616
3043 3040 3.05463729976633
3043 3039 17.010133366520567
3043 4343 5.766193188462308
3044 4343 1.1527056641220164
3045 3686 6.909950824532128
3045 3685 9.824949011029016
3046 8828 0.5303997058391801
3047 3695 9.390402427228006
3048 3694 6.71373600475827
3049 2587 0.8625014769139222
3049 7364 5.989579579610658
3050 520 0.874805842685483
3050 8946 1.168714130935203
3051 3059 15.226123684986838
3051 1586 29.047986089014284
3051 3054 6.539402033305125
3052 878 2.3871497821149696
3053 3075 7.160961148465585
3053 919 3.811935956326156
3053 917 17.079317119628932
3053 7836 3.543592404678672
3054 3074 9.708929208103001
3054 4938 6.185923825121085
3054 3051 6.539402033305125
3054 4954 4.210106589904444
3055 4066 6.676156768365558
3055 8373 1.1572303204494745
3055 4064 3.236986863458138
3056 4068 1.6416862300261756
3057 4937 0.6759291588104525
3058 4908 4.3543317104778865
3058 3059 6.01228807369204
3058 4937 7.281750728749083
3059 3922 4.4203515332820205
3059 3058 6.01228807369204
3059 3051 15.226123684986838
3060 4908 1.1930517947080914
3061 3071 0.8893647175897811
3062 3071 1.4436990581621358
3063 4931 1.1182478275286478
3064 4931 2.8794610032167736
3065 909 1.0486765638276143
3065 911 2.6117570557400973
3065 4930 8.047033117328818
3066 4933 4.947847645204174
3066 633 4.622596143371326
3066 3133 3.4077230773212044
3067 905 0.8774998696358839
3067 4003 6.5512664539824
3067 907 3.7116982320921084
3068 3133 2.100409416990979
3068 3997 5.826372714470095
3068 3996 5.080170804300158
3069 3996 7.892427248545826
3069 3149 5.3740467226977975
3069 3147 5.050582559213867
3070 3998 9.742037937215166
3070 4924 6.854939281567718
3070 3072 3.8704837868752118
3071 3062 1.4436990581621358
3071 3061 0.8893647175897811
3071 4929 8.67567294683008
3072 3073 5.831280843915782
3072 4932 5.197993909214274
3072 3070 3.8704837868752118
3073 4935 6.979422059541864
3073 3072 5.831280843915782
3073 4955 33.53508191925171
3074 3054 9.708929208103001
3074 3075 9.670073160802374
3074 5485 8.266546774522135
3075 3053 7.160961148465585
3075 3074 9.670073160802374
3075 5485 17.26609696257936
3076 3077 3.332002729622496
3076 8805 0.6160421039473588
3076 8806 0.7914922963897499
3077 3076 3.332002729622496
3077 879 3.2807980369389815
3077 3079 5.977832278828347
3078 8804 1.2281397976660584
3079 8804 4.276151885765448
3079 3080 5.937196807612192
3079 3077 5.977832278828346
3080 3081 3.9430033430631326
3080 878 11.392310387123976
3080 3079 5.937196807612193
3081 3080 3.9430033430631326
3081 8941 4.926768789987078
3081 3730 6.6178550466992165
3082 3704 2.585073472506912
3083 3704 4.520807788515967
3083 3702 2.865549797785666
3083 2260 10.241869967201405
3084 3157 4.306012295584712
3084 3085 5.600865911940714
3084 3086 10.115289877623466
3085 2887 0.9231058843049447
3085 3086 4.186070633883221
3085 3084 5.600865911940714
3086 3164 0.44883458639162493
3086 3085 4.186070633883221
3086 3084 10.115289877623466
3087 3159 0.8409935623374972
3087 3157 5.2078725542189455
3087 2887 4.793178557591648
3088 3161 2.885875282829781
3088 2879 0.7589521025511529
3088 3089 14.865876372349993
3089 2886 4.304308573501716
3089 3166 4.517051769030927
3089 3088 14.865876372349993
3090 7799 1.1151729275744349
3090 7800 1.2970158538091243
3090 4921 13.105904134782081
3091 8735 5.355430241698803
3092 3094 5.328501984496866
3092 8732 0.7717281388084846
3092 8735 2.949795083242382
3093 3094 3.818846736796681
3093 705 7.612142907558474
3093 18 13.573966497510103
3094 3092 5.328501984496866
3094 3093 3.818846736796681
3094 8733 2.6817367143315676
3095 2889 1.280199003351214
3095 17 7.3028565714970375
3095 3096 38.6106010528834
3096 2889 6.377111140532281
3096 18 17.075817741373218
3096 3095 38.6106010528834
3097 8902 0.7425764861958036
3098 4113 1.2072894308639481
3099 4121 4.832874950226288
3099 3108 3.504548909043437
3100 3101 6.278917329020911
3100 3106 4.991503440134539
3100 3104 8.136290016079988
3101 1991 4.679955044654388
3101 3103 7.5854517930804475
3101 3100 6.278917329020911
3102 3106 6.505687181124889
3102 3103 6.306051577351087
3102 4126 8.046063564569833
3103 3101 7.5854517930804475
3103 984 7.374207703990172
3103 3102 6.306051577351088
3104 3100 8.136290016079988
3104 1991 6.52083657325921
3104 3107 2.5773123578379833
3105 4133 2.012886375869538
3105 3106 10.356166465005073
3105 3107 15.852430010748812
3106 3102 6.505687181124889
3106 3100 4.991503440134539
3106 3105 10.356166465005073
3107 3118 5.501037223004743
3107 3105 15.852430010748812
3107 3104 2.5773123578379833
3108 3099 3.504548909043437
3108 4114 4.8397950453332115
3108 141 5.40194521699723
3109 6297 3.8446856259254654
3109 3114 5.774328083139343
3109 4123 5.232943186347254
3109 3117 13.451687805278592
3110 3111 5.498972127144219
3110 3113 7.053457571625648
3110 6289 7.52491566524893
3111 6290 7.024180996166663
3111 5527 5.459338851787884
3111 3110 5.498972127144219
3111 6300 3.6682953218214256
3112 6289 1.7924187697301275
3112 6290 6.03782112152979
3112 3117 5.358194539490191
3113 6297 2.0561306323432667
3113 3110 7.053457571625648
3113 6289 10.550530186381042
3114 6326 8.587581259999476
3114 3115 6.3822294978050795
3114 3109 5.774328083139343
3115 3123 12.41833197985654
3115 3114 6.3822294978050795
3115 141 6.987996660315913
3115 4916 3.4028857907264753
3116 7185 0.28052093947063617
3116 1411 8.655574274390984
3116 3117 5.585808751893035
3117 3112 5.358194539490191
3117 3109 13.451687805278592
3117 3116 5.585808751893035
3118 3107 5.501037223004743
3118 4134 14.984835007980415
3118 2304 3.734440962154021
3119 4919 3.469215331306882
3119 3120 7.123636157166855
3119 4914 2.330961140496358
3120 872 5.225411168472143
3120 3119 7.123636157166855
3120 3923 5.948967278014549
3121 4910 3.5203454108107266
3121 4916 7.506934992464121
3121 4915 0.9788665431194732
3122 873 3.6756195583832194
3122 3923 5.141996495770218
3122 4911 6.641983634608751
3123 3115 12.41833197985654
3124 7838 1.9330190563145973
3125 7838 8.940265121557907
3125 8309 0.7990198466003747
3125 3127 5.318166047085839
3126 5331 0.8496481535023724
3127 5331 9.994192606471293
3127 5084 0.8616302000813375
3127 3125 5.318166047085839
3128 5084 2.079368934672493
3128 6296 17.48966356817674
3128 7798 6.996086605083573
3129 6296 0.7631561027583702
3130 1710 8.180655394712236
3130 3136 8.290403789966748
3130 3131 12.527069234678317
3131 3133 9.835353777453003
3131 3130 12.527069234678315
3132 3135 5.393455237414746
3132 5352 3.334283949365597
3132 5083 5.069969073862689
3133 3068 2.100409416990979
3133 3066 3.4077230773212044
3134 3136 6.681486627166392
3134 3137 7.3114935508405505
3134 3135 17.917098053946255
3135 3132 5.393455237414746
3135 3138 7.003600509642322
3135 3134 17.91709805394626
3136 3134 6.681486627166392
3136 3130 8.290403789966748
3136 4310 8.340422076675113
3137 4307 3.845044049087099
3137 3138 18.44370153162344
3137 3134 7.3114935508405505
3138 3135 7.003600509642322
3138 3143 6.754976475087688
3138 3137 18.44370153162344
3139 4298 3.5096098655609973
3139 3141 11.112508470305585
3139 3140 2.2849074263523885
3140 1301 9.54464996139668
3140 1708 14.484574008862657
3140 3139 2.2849074263523885
3141 3145 0.39991570877879223
3141 3139 11.112508470305585
3141 4302 2.769850642945459
3142 3144 2.7129712229812535
3142 2301 7.087701888883065
3142 3145 7.583650678048368
3143 634 3.3386915449178787
3143 3138 6.754976475087688
3144 4311 6.514210908634962
3144 4301 7.359480441031469
3144 3142 2.7129712229812535
3145 3141 0.39991570877879223
3145 4299 3.845797578856153
3145 3142 7.583650678048368
3146 4299 2.985089046553192
3146 2301 4.593391771040862
3146 2302 11.84807817331277
3147 4925 4.545298409463836
3147 3148 4.471975906396531
3147 3069 5.050582559213867
3148 3147 4.471975906396531
3148 3149 4.559603243181568
3148 4005 0.5652723090872618
3149 4003 1.7328546859449414
3149 3148 4.559603243181568
3149 3069 5.3740467226977975
3150 4000 5.5865948582942435
3150 4006 5.829502796322276
3150 3151 13.610311224005372
3151 3996 22.887326826428545
3151 9382 10.773195334588307
3151 3150 13.61031122400537
3152 3153 8.83242645788552
3153 3154 3.9865521750552193
3153 3792 4.018091631781601
3153 3152 8.83242645788552
3154 5 1.669699437302409
3154 3153 3.9865521750552193
3154 3155 14.948222351320688
3155 3154 14.948222351320688
3155 8068 6.790145956315903
3155 8914 3.541627600848149
3156 882 2.612467386342511
3157 2263 5.175997267646047
3157 3087 5.2078725542189455
3157 3168 4.690448509960159
3157 3084 4.306012295584712
3158 3159 10.70769970082142
3159 3087 0.8409935623374972
3159 3158 10.70769970082142
3159 2885 7.85920779805935
3160 8825 8.283026251756144
3161 3088 2.885875282829781
3161 15 3.8947436025530817
3161 7834 3.4257137479793593
3162 7834 1.863619903373906
3163 3164 8.167920276050003
3164 3086 0.44883458639162493
3164 3166 3.7263548794042256
3164 3163 8.167920276050003
3165 3166 4.684460826006781
3166 3165 4.684460826006781
3166 3164 3.7263548794042256
3166 3089 4.517051769030927
3167 2886 2.0915852502508483
3168 3157 4.690448509960159
3169 3170 2.640838554663142
3170 3171 3.4895476760991557
3170 3169 2.640838554663142
3170 15 4.289347897969938
3171 3170 3.4895476760991557
3171 3173 3.0957000629186875
3171 9297 3.2511894871751
3172 4068 4.090606236057044
3172 4066 2.5380301253737114
3172 3173 5.856285096021819
3173 3171 3.0957000629186875
3173 3178 3.2807222549333117
3173 3172 5.856285096021819
3174 3175 4.1696537853973545
3175 3174 4.1696537853973545
3175 2881 4.835305680495534
3175 3176 4.932010086729219
3176 100 2.5123107461286027
3176 3723 4.869428081578909
3176 3175 4.932010086729219
3177 3178 2.4010715589978577
3178 3173 3.2807222549333117
3178 877 3.629583207127448
3178 3177 2.4010715589978577
3179 8800 1.5768959326726297
3179 3694 58.22012235593824
3179 4921 10.577339033848657
3180 9405 1.0095266843866453
3180 3181 15.527303938443588
3180 5819 1.196762862563
3181 3182 3.0497869921732805
3181 3180 15.527303938443588
3181 1 1.4249845056286934
3182 3181 3.0497869921732805
3183 2266 3.0880853088948412
3183 7846 7.026377670348915
3184 2258 9.320592486294533
3184 3186 4.712315186668945
3184 3406 9.313043386284361
3185 2265 4.474820280829335
3185 2264 4.946677483909581
3185 3186 17.038798374739578
3186 3184 4.712315186668945
3186 3185 17.038798374739578
3186 2265 12.37151493888102
3187 6102 0.5587637767595108
3187 6103 3.165902543138379
3187 3466 13.59967201642681
3188 5855 9.086365744957384
3188 9009 5.762441690562397
3188 6104 22.40809212250093
3189 5856 24.28691261099428
3189 3190 15.276373599110354
3189 3191 14.31500749386958
3190 6123 7.541084905746164
3190 3192 21.34594306871451
3190 3189 15.27637359911035
3191 5856 2.347110474210408
3191 3192 9.740122047271807
3191 3189 14.31500749386958
3192 3194 8.761026217199936
3192 3191 9.740122047271807
3192 3190 21.345943068714508
3193 5562 6.037210446523551
3193 3206 9.847597419908519
3193 3213 11.989990920601729
3194 3196 46.353422118072686
3194 3192 8.761026217199936
3194 3195 37.943352569434424
3195 3194 37.943352569434424
3195 5859 19.938296327780716
3195 3196 8.127986858332871
3196 3195 8.127986858332871
3196 3194 46.35342211807269
3197 7236 7.768672132841506
3197 3212 4.835599220421514
3198 7239 2.920388653437614
3198 7236 1.2654331319444563
3198 3215 8.901610830529517
3199 3200 15.745730413252984
3199 5563 14.891981341962431
3199 3216 23.08963850199172
3200 3201 12.753544269849844
3200 3199 15.745730413252984
3200 4102 10.792558187406845
3200 3209 9.294740336763054
3201 5567 8.72684951543482
3201 5565 8.399122852331377
3201 3200 12.753544269849844
3201 3207 8.547664456400424
3202 5564 4.6476172584492605
3202 2418 13.573625867429248
3202 5565 8.64484727267526
3203 7989 0.8419366993793006
3203 3463 10.213088116860876
3203 3205 8.270568935295797
3204 5564 4.3605914106339885
3205 7981 16.818972565855553
3205 9130 9.515868320733427
3205 3203 8.270568935295797
3206 5567 8.985948002955842
3206 3193 9.847597419908517
3206 3209 10.490139653022212
3207 4102 11.665371164534205
3207 3208 10.359372723853651
3207 3201 8.547664456400426
3208 3210 11.019441239499063
3208 3207 10.359372723853651
3208 6356 1.9190723403072012
3209 7235 18.277635977224623
3209 3206 10.490139653022213
3209 3200 9.294740336763054
3209 3214 5.3983335754491915
3210 3208 11.019441239499063
3210 7230 11.879794358257918
3210 3227 20.459360501225355
3210 4102 8.931757114871667
3211 3876 16.001459670771784
3211 7239 4.916355109482274
3211 3216 13.071139618133728
3212 7232 7.854582981490708
3212 3214 8.063547816720392
3213 7232 1.0772154985842168
3213 3193 11.989990920601729
3214 3197 8.299700397435068
3214 3209 5.3983335754491915
3215 7237 1.2136656760477853
3215 3198 8.901610830529515
3215 3216 7.679490307468105
3216 3211 13.07113961813373
3216 3199 23.089638501991722
3216 3217 7.638576895544358
3216 3215 7.679490307468105
3217 3216 7.638576895544358
3217 5563 15.893571667352434
3218 3219 26.572769555229424
3218 5437 5.475474940987964
3218 7220 3.1052915094847884
3219 7223 0.6215653188624425
3219 3218 26.57276955522942
3219 5445 5.70508305160527
3220 7228 2.649177122426206
3220 3925 5.196079674262524
3220 3221 10.88839383396482
3221 3878 7.431752926775677
3221 3220 10.88839383396482
3222 9261 1.7460303510026682
3222 983 24.805620160971127
3222 6216 7.749181170643148
3223 3938 3.060149080674061
3223 3228 7.6735957182115735
3223 3939 18.790925075524086
3224 9358 10.052684784428982
3225 3880 3.339978843871849
3225 3226 9.658886212426262
3225 3925 7.160991680731353
3226 3225 9.658886212426262
3226 3227 0.8094539177628952
3227 3210 20.459360501225355
3227 7222 0.7485487591503873
3228 3223 7.6735957182115735
3228 3937 5.563651255292075
3228 3230 21.498893132599058
3229 7219 5.526447487863826
3230 7219 1.785973280401832
3230 7222 12.578503636440866
3230 3228 21.498893132599065
3231 3232 15.45857550067444
3231 4075 6.380238411503725
3232 5074 9.71210981865386
3232 3231 15.45857550067444
3233 3247 4.075881257401816
3233 3244 12.504950874298803
3233 3234 18.071175186166887
3234 3235 24.778550886033216
3234 3233 18.071175186166883
3234 8418 13.122700069120572
3235 3234 24.778550886033216
3235 3789 42.0184958784554
3235 7324 1.9113160483156892
3236 3238 6.8770870679063005
3236 3787 12.25942016587955
3236 4171 16.271156998585067
3237 4097 31.008428341044795
3237 3238 24.67093965971488
3237 4100 24.26646518245029
3238 3237 24.67093965971488
3238 3236 6.8770870679063005
3238 5049 1.6951771906184017
3238 4073 12.526951702609294
3239 5035 13.065512512462105
3239 3807 8.218699772172005
3239 5040 14.541201290517835
3240 3785 27.436118559443813
3240 4394 9.214678435626476
3240 4086 7.795132261077102
3241 3785 13.155380867384396
3241 6537 0.6947674882720349
3241 3242 17.757591421122417
3241 4100 13.67361992628212
3242 3248 5.032420764291984
3242 3241 17.757591421122417
3242 3249 12.67376107925104
3242 3243 20.627550653876163
3243 3244 4.798969142148688
3243 7323 7.975801569738232
3243 8418 0.9496329226458773
3243 3242 20.62755065387616
3244 3233 12.504950874298803
3244 3246 10.748773804530382
3244 3243 4.798969142148688
3245 3247 10.86420598339108
3245 3740 6.883315996242448
3245 3315 1.1029114007288987
3246 3244 10.748773804530382
3246 3249 9.608463582427666
3246 3247 25.20539787319493
3247 3233 4.075881257401816
3247 3245 10.864205983391079
3247 3246 25.20539787319493
3248 3242 5.032420764291984
3249 3246 9.608463582427666
3249 3785 19.094107790433974
3249 3242 12.67376107925104
3250 3251 16.745271826124863
3250 1629 14.400618581808159
3250 3786 10.149332609837852
3251 3250 16.745271826124863
3251 3784 14.501171643364039
3251 1629 15.828391779536805
3252 4213 10.90285633610153
3252 4228 18.40832638493009
3252 4231 26.903065538874184
3253 4162 6.270149411703304
3253 4163 17.86211000545889
3253 4229 15.978985470608952
3253 3254 11.318675465738655
3254 825 19.239122986489527
3254 3253 11.318675465738655
3255 3258 6.321566503407963
3255 6319 6.998437834800281
3255 6318 2.2661354888932586
3256 3257 4.951271324631769
3256 7129 3.1367571391474
3256 4902 12.15742027755577
3257 3258 4.797464226553247
3257 3256 4.951271324631769
3257 6877 13.332893147235412
3258 3255 6.321566503407963
3258 3257 4.797464226553247
3258 6872 13.696145182838293
3259 3260 12.47649727340173
3260 7092 7.829480741587868
3260 3259 12.47649727340173
3260 4010 6.020153392690425
3260 3262 18.284720228330762
3261 1320 7.577155452443756
3261 1951 13.655942826147637
3261 3262 10.322582743722771
3262 3261 10.322582743722771
3262 3260 18.284720228330762
3262 4010 15.250802113549948
3263 7111 6.976431278330255
3263 5359 6.284276385271468
3263 3266 13.66295144583661
3263 3264 11.514333747826518
3264 7104 0.9634661057451053
3264 1675 5.679754949248831
3264 3263 11.514333747826518
3265 6029 6.222108550187118
3265 6027 10.404935565378452
3265 1674 14.118185168128885
3266 6029 6.067488010156461
3266 5360 6.288387141631718
3266 3263 13.662951445836613
3267 3268 3.9824519006691577
3268 3269 6.545273505190132
3268 1672 4.923101032506685
3268 3267 3.9824519006691577
3269 3280 7.828409902112236
3269 3268 6.545273505190132
3269 6025 4.306342814146408
3269 9013 1.7241903330676747
3270 1674 5.732881461191087
3270 6033 2.100806932054128
3270 1673 12.342804927545172
3271 5541 6.071158032594642
3271 977 4.510969621680866
3271 6028 4.798107984179619
3272 3273 6.968910589417793
3272 7121 2.0530351232625916
3272 5363 9.7047934575251
3272 1674 17.156119655825787
3273 5365 7.651832967909077
3273 2893 8.395148914446912
3273 3274 5.8707236007430135
3273 3272 6.968910589417793
3274 3273 5.8707236007430135
3274 5366 7.376572117131729
3274 5364 7.4650814523758005
3275 6034 17.234924609004498
3276 1669 18.74981944281219
3276 9459 5.0495567150798575
3276 3287 7.104298836873273
3277 3278 3.3838741224107287
3277 4803 19.487557070932173
3277 977 9.42521196843488
3278 3277 3.3838741224107287
3278 7863 15.876851531645428
3278 47 5.531269791147142
3279 7864 2.3411233322888516
3279 982 4.970901716210368
3279 5367 5.08360118834756
3280 1951 0.42581361692126946
3280 3269 7.828409902112236
3280 1959 9.442719593112212
3281 3282 9.126208118030258
3282 3281 9.126208118030258
3282 982 2.984754966707381
3282 5364 4.45508945773313
3283 9211 8.924857199256307
3283 3286 13.086443031028345
3283 3288 18.033783802831447
3283 2893 22.29222921566989
3284 3286 25.283551636378956
3284 981 10.778010230080076
3284 8784 2.194749170870368
3285 3286 10.037239279283705
3285 9392 15.562269971290352
3285 9265 21.579634552687793
3286 3285 10.037239279283705
3286 3284 25.283551636378956
3286 3283 13.086443031028343
3286 3287 21.422453246086054
3287 3286 21.422453246086057
3287 3276 7.104298836873273
3287 5363 3.798605925960781
3288 3355 2.0373666514718014
3288 982 15.128006923395928
3288 3283 18.033783802831447
3289 3292 6.270302503087463
3289 3290 3.6346869107342266
3289 6140 12.713664135021162
3290 3289 3.6346869107342266
3291 3292 8.023628730637942
3291 3294 28.377598274953233
3291 3293 24.65520695444094
3292 3291 8.023628730637942
3292 3289 6.270302503087463
3292 3293 25.861560207023306
3293 7170 5.747442348686054
3293 3291 24.65520695444094
3293 3292 25.861560207023306
3294 3291 28.37759827495324
3295 3296 8.382615019682518
3295 3732 6.731553546472905
3295 3731 4.638873095317633
3296 3295 8.382615019682518
3296 3297 4.075350346896714
3296 3299 6.450045036815372
3297 3296 4.075350346896714
3298 3732 1.389889430927924
3298 3301 4.203424305752051
3298 3299 7.671755689146078
3299 6003 1.1736794964692776
3299 3298 7.671755689146078
3299 3296 6.450045036815372
3300 3731 12.665498496989573
3300 4085 7.034616361527319
3301 3298 4.203424305752051
3301 6002 4.296476048517837
3301 5999 8.26219534468382
3302 7170 8.941417850490357
3302 7165 3.3871287498656404
3302 6002 5.881154686352834
3303 3316 11.870766776543737
3303 3313 10.289945239581622
3303 3309 16.213159677196355
3304 1667 12.449146440148287
3304 3314 7.541208367073041
3304 3316 5.206102633795761
3305 2421 9.263854440648123
3305 3307 7.281210419485228
3305 3306 13.39317221103824
3306 3308 4.1291986081944225
3306 3740 8.640036290395795
3306 3305 13.393172211038237
3307 3312 4.308228404880496
3307 3305 7.281210419485228
3307 3309 15.156746627668886
3308 3309 5.12457647421202
3308 3314 10.527419256967843
3308 3306 4.1291986081944225
3309 3303 16.213159677196355
3309 3308 5.12457647421202
3309 3307 15.156746627668886
3310 3311 11.455672028748042
3310 3316 10.918052940966774
3310 7162 15.120742223248019
3311 3875 4.871045956235403
3311 3874 10.203397849999963
3311 3310 11.455672028748042
3312 3307 4.308228404880496
3312 2420 22.58769917032263
3312 3313 23.521300567643088
3313 3303 10.28994523958162
3313 2420 8.147816123668026
3313 3312 23.521300567643088
3314 3308 10.527419256967843
3314 3304 7.541208367073043
3314 5043 3.2328263670158974
3315 5043 7.975097368987705
3315 3245 1.1029114007288987
3315 1668 8.790578608799718
3316 3304 5.206102633795761
3316 3303 11.870766776543737
3316 3310 10.918052940966774
3317 4105 20.57280455534049
3318 7332 18.23583392756557
3318 3454 6.154016171045561
3318 3321 3.6942311820779845
3319 3321 15.020271562709505
3319 3436 7.818285107667219
3319 2930 6.267408705148484
3320 4075 7.470204950439383
3321 3410 6.057389566974894
3321 3318 3.6942311820779845
3321 3319 15.020271562709505
3321 3451 9.326263735390915
3322 4076 3.9632018062393484
3322 3432 14.153149612131218
3322 3434 7.865679135117883
3323 3324 11.27674146201783
3324 3326 5.2739160673216485
3324 4107 8.792165639971362
3324 3323 11.276741462017828
3325 8773 0.7337073004856032
3325 8774 0.7695904932718913
3325 3326 11.704705024163118
3326 3325 11.704705024163118
3326 3430 5.547535720898138
3326 3324 5.2739160673216485
3327 2456 17.73102041037698
3327 305 11.854609380462099
3328 4166 2.0149840781091304
3328 1664 10.275625177388681
3328 976 5.0320804131375
3329 3330 6.981250105667031
3329 3333 11.449302785848957
3329 1017 10.44225635158987
3330 3329 6.981250105667031
3330 8395 22.315816562043214
3330 3332 13.894127670520481
3331 5716 4.198329348871623
3331 5715 2.0399658347772505
3331 3332 5.908604040084159
3332 3330 13.894127670520481
3332 3333 6.858176749381678
3332 3331 5.908604040084159
3332 8763 4.412052759464606
3333 3332 6.858176749381679
3333 2342 4.5623330955490555
3333 3329 11.449302785848957
3334 5053 5.976789449793209
3334 1032 10.563043622848541
3334 4516 10.020344406421017
3335 4517 3.3044028308869575
3335 1051 7.169533971562206
3335 3336 5.077356804460205
3336 3335 5.077356804460205
3337 8259 5.0692712065330605
3337 3934 11.925885861218092
3338 4040 11.735001498429861
3338 6858 11.18140997792073
3338 885 10.442896476833104
3339 874 12.498293061762105
3339 2888 6.317490618765623
3339 19 6.003224930844333
3340 2251 5.681303809358892
3340 2070 6.915379153870217
3340 3341 25.421956688941947
3341 3353 1.861537562949875
3341 3340 25.421956688941947
3341 2250 19.185739297525952
3342 5483 3.9205835836797713
3342 1000 21.55791982226566
3342 1580 12.688143565612188
3342 2070 29.874149127674933
3343 7405 10.047079699359507
3343 1580 2.389801269096298
3343 5018 20.262796231732818
3344 3345 9.581317998171683
3344 8957 0.8646253555372668
3344 5157 17.923678430366408
3345 3344 9.581317998171683
3345 3347 15.913652601054425
3345 3346 5.8792962675716005
3346 3345 5.8792962675716005
3346 3348 14.224331650020018
3346 6035 9.26861588053897
3347 3348 3.692033311682223
3347 3345 15.913652601054425
3347 5157 6.010971826319514
3348 3347 3.692033311682223
3348 3346 14.224331650020018
3348 6038 3.6956584791364575
3349 3352 9.680207490273329
3349 3351 44.0430543614117
3349 5799 19.146475149589293
3350 3351 2.477681436111602
3350 5799 26.97198598508611
3351 1579 5.538896820164736
3351 3349 44.0430543614117
3352 3349 9.680207490273329
3352 5266 8.149437872456172
3352 3355 11.658750433561263
3353 3341 1.861537562949875
3353 5481 2.5397645062824474
3353 999 24.86633997521517
3354 3355 10.506569704044418
3355 3354 10.506569704044418
3355 3352 11.658750433561263
3355 3288 2.0373666514718014
3356 3357 14.148091702819547
3357 8253 3.396331569101607
3357 40 17.733677243002568
3357 3356 14.148091702819547
3358 8460 0.8317053748129224
3359 8460 4.325842914040363
3359 1223 4.631011469928213
3359 3362 3.937504558215604
3360 3361 1.5282967667790375
3361 3365 3.668027860936458
3361 3360 1.5282967667790375
3361 8266 0.6235185027250449
3362 3363 2.7486618761315262
3362 3359 3.937504558215604
3362 3365 8.491873639869542
3363 3362 2.7486618761315262
3364 7084 0.9554210792794657
3365 3361 3.668027860936458
3365 3362 8.491873639869542
3365 7084 5.255073991525393
3366 4854 1.0410540760313272
3367 1224 10.506640990618253
3367 4854 5.11487698931051
3367 3910 6.9540014899010565
3368 3369 4.494783159094254
3369 3370 1.2391763402010916
3369 3373 8.573822448468865
3369 3368 4.494783159094254
3370 3371 7.447288017303597
3370 3369 1.2391763402010916
3370 3372 24.74258343985292
3371 5290 9.76956887715976
3371 5307 5.37036126506587
3371 3370 7.447288017303599
3372 3908 2.388685771767472
3372 3370 24.74258343985292
3372 4851 12.495240816993265
3373 3369 8.573822448468864
3373 3374 6.082548157234212
3373 5080 6.090964772499565
3374 4850 11.104683220431946
3374 3375 3.145754517476155
3374 3373 6.082548157234212
3375 5080 14.644024348416163
3375 3374 3.145754517476155
3375 4850 15.506909013254855
3376 3378 6.1821336481717255
3376 3377 11.336160393715977
3376 8666 7.18195362651877
3377 3376 11.336160393715977
3378 3895 13.29128456431584
3378 1250 15.4113661791577
3378 3376 6.1821336481717255
3379 3380 6.588212824198098
3379 2063 21.18077399595588
3379 2064 16.332487307334944
3380 3379 6.588212824198098
3381 3382 7.141965937983721
3382 7850 2.362488311373192
3382 3384 4.4178883695236335
3382 3381 7.141965937983721
3383 3384 7.279562358565001
3383 3387 11.680887859551099
3383 3385 4.661895148654023
3384 3383 7.279562358565001
3384 3382 4.4178883695236335
3384 5479 6.814010578897159
3385 7852 0.9423598952419237
3385 7851 0.9023722967044542
3385 3383 4.661895148654023
3386 3387 1.8808328471449802
3386 7849 0.9172650794020735
3386 7848 3.485035606459888
3387 3386 1.8808328471449802
3387 3383 11.6808878595511
3387 3393 8.812828414039643
3388 3389 1.178626889742152
3389 3388 1.178626889742152
3389 3390 5.359855137693996
3389 8410 2.6300973279995477
3390 3393 7.832959067184911
3390 4832 6.2625218735125925
3390 3389 5.359855137693996
3391 3393 6.8121608806089995
3392 4828 3.290661696016588
3393 4828 6.275785597990283
3393 3387 8.812828414039643
3393 3390 7.832959067184909
3393 3391 6.812160880609
3394 5318 1.9056209501202042
3394 4846 7.505568574204627
3394 785 19.955178139992555
3395 3397 12.512095584216691
3395 784 8.774925028748271
3395 4846 23.735635235954064
3396 4846 9.939571379962096
3396 4845 13.611441538059923
3397 776 10.368193149387087
3397 3395 12.512095584216693
3397 4845 13.017147086770823
3397 4812 18.52655128419289
3398 2118 11.369440038422177
3399 3400 12.361657650148981
3399 8252 0.8459516626761843
3399 8251 0.9268641205494127
3400 4717 7.7477691866955425
3400 4716 8.135004389288236
3400 3399 12.36165765014898
3401 1746 10.009434799263882
3401 5962 3.184827535150442
3401 1881 6.927389218594814
3402 3403 4.389715408438941
3402 3402 2.949672400055784
3403 3402 4.389715408438941
3403 116 6.091004413760532
3403 1513 4.441719144053382
3404 3405 6.315814684693648
3405 3455 3.710761057518639
3405 2265 4.342594158742222
3405 3404 6.315814684693648
3405 3409 4.577605121439092
3406 3408 4.941558135366817
3406 3184 9.313043386284361
3406 3456 4.301436071690177
3407 3408 2.3142376185643614
3408 3407 2.3142376185643614
3408 2259 12.076033320576089
3408 3406 4.941558135366817
3409 3405 4.577605121439092
3410 3411 6.763764449717271
3410 3321 6.057389566974894
3410 9376 6.069583759251226
3411 3410 6.763764449717271
3412 3460 5.65373452053938
3412 2927 18.745847630934282
3412 3413 8.758543209503156
3413 2926 14.88659308603557
3413 3414 9.924890467168243
3413 3412 8.758543209503156
3414 3413 9.924890467168243
3415 2603 2.260579053454829
3415 2602 9.424285832908469
3415 3416 49.9591667403616
3415 3417 26.448508783284367
3416 73 1.8436702332769663
3416 70 13.961138124107457
3416 3415 49.9591667403616
3417 2601 10.094758018792673
3417 2604 2.222903426155669
3417 3415 26.448508783284375
3418 1539 34.51496968364882
3419 5329 14.26870379806066
3420 8986 10.061627925131681
3421 8278 3.865876717881715
3421 8276 3.7030106154627584
3421 307 8.67400052723633
3422 4174 2.751113841480379
3422 4656 48.38385555062519
3422 1741 31.572714858502042
3422 1747 8.18393833678642
3423 3424 9.329164371958093
3424 3423 9.329164371958093
3424 3481 6.101726330215859
3424 2918 6.059646203034996
3425 3426 7.55813634347302
3426 3425 7.55813634347302
3426 3481 6.075624596149436
3426 3703 6.123745868083017
3427 3428 1.7142873703903103
3428 3427 1.7142873703903103
3428 4104 4.71606909268652
3428 3437 13.007639209069165
3429 3431 6.879522898315231
3430 3431 8.003189979661036
3430 303 2.608414791798074
3430 3326 5.547535720898138
3431 8381 3.5518162205894335
3431 3430 8.003189979661036
3431 3429 6.879522898315231
3432 9448 0.7373381131107379
3432 9447 1.280699226880356
3432 3322 14.153149612131218
3433 3434 1.1629152807062986
3434 9449 0.6928400444885413
3434 3433 1.1629152807062986
3434 3322 7.865679135117883
3435 3436 14.919649405002696
3436 3435 14.919649405002696
3436 4076 6.276003362533808
3436 3319 7.818285107667219
3437 3438 5.570288006424528
3437 3428 13.007639209069165
3437 2932 8.405065803971704
3438 3437 5.570288006424528
3438 4106 12.353265142879424
3438 4104 10.269137866523197
3439 3787 0.9129325650106944
3439 3440 50.32281192604286
3439 3441 20.3209400211846
3440 3443 9.9046393764752
3440 3441 17.548362765363997
3440 3439 50.32281192604286
3441 3440 17.548362765364
3441 3442 5.864041959644176
3441 3439 20.3209400211846
3442 3443 11.836105927752198
3442 3453 9.699458310809044
3442 3441 5.864041959644176
3443 9003 6.208685012944627
3443 3440 9.9046393764752
3443 3442 11.836105927752198
3444 7332 0.5807096081627463
3445 449 3.4840221210577345
3445 3446 4.588401577408939
3446 5490 4.688495724799307
3447 7728 4.597001984949637
3448 3449 10.920658932710266
3449 3448 10.920658932710266
3449 4103 1.7728598865556022
3449 4062 4.899089308303574
3450 4062 31.367188116046645
3451 4075 1.1059602138968996
3451 3454 15.847560819973785
3451 3321 9.326263735390919
3452 5757 3.0917302596445326
3453 5757 7.1805164468010405
3453 8875 3.7188176049012607
3453 3442 9.69945831080904
3454 4106 14.673151448863253
3454 3318 6.154016171045561
3454 3451 15.847560819973785
3455 3405 3.710761057518639
3455 3459 2.7874494193445893
3455 3457 4.440239101592163
3456 3406 4.301436071690177
3457 3458 1.8013084142833933
3457 2266 15.393593181192156
3457 3455 4.440239101592163
3458 3457 1.8013084142833933
3459 3455 2.7874494193445893
3460 3412 5.65373452053938
3460 2927 8.535481866163638
3460 2928 3.624833252440543
3461 3461 59.356839649810226
3461 4077 4.612361851502685
3462 4098 14.51443437289619
3462 4086 10.129564227031672
3462 2290 13.457696050318345
3463 2451 11.450875910266781
3463 3464 10.050488065577477
3463 3203 10.213088116860876
3464 5751 6.399639072286017
3464 5756 18.35267381486635
3464 3463 10.050488065577477
3465 4082 31.83228588276985
3465 3467 11.527718755933567
3465 3470 16.6244093724326
3465 4081 13.163204377574193
3466 3470 15.732868562627772
3466 3187 13.59967201642681
3466 6138 3.4575672417503855
3467 5950 9.815821630654362
3467 3465 11.527718755933568
3468 4082 8.017801065676846
3468 3469 22.079732683818378
3468 4081 22.08365675247974
3469 3468 22.079732683818378
3469 4081 22.957809007990498
3469 5136 8.202092787689182
3470 5850 9.521654901316698
3470 3466 15.732868562627772
3470 3465 16.6244093724326
3471 5850 8.753419079445738
3471 4083 7.4636286014607505
3472 648 2.3960099046896497
3472 2925 6.070640777807334
3472 7990 4.499373556254132
3473 3474 5.556599104808864
3474 3473 5.556599104808864
3474 3475 10.539906051662209
3474 2926 17.752153349671826
3474 2929 9.50516472783271
3475 2921 1.04303825145191
3475 2919 2.18183652786577
3476 4077 16.464655799699116
3476 3477 15.675813025979568
3476 378 7.066774913121467
3477 3476 15.675813025979565
3477 8528 8.300296465924308
3477 5752 29.198212366226546
3478 4078 6.139920235422154
3479 3626 12.83767588631077
3479 7215 0.8387131171727193
3480 3481 9.242745119124386
3481 3480 9.242745119124386
3481 3426 6.075624596149436
3481 3424 6.101726330215859
3482 8283 7.221339274205095
3482 396 5.778866170202563
3482 3484 21.324512789004842
3483 4304 0.8297321264086985
3483 6502 9.220142971234463
3483 3484 19.6107205041821
3484 3485 19.001042129698885
3484 3482 21.324512789004842
3484 3483 19.6107205041821
3485 3484 19.001042129698885
3485 395 23.654826161866843
3485 9232 27.0496443143802
3486 8086 1.1453206222715326
3487 3489 4.482996350624544
3487 7951 1.230322424007851
3487 7952 1.216186434408939
3488 7867 1.1259121872401427
3489 4223 7.28407141159647
3489 3487 4.482996350624544
3489 7867 8.635722510342848
3490 9159 0.840661429181576
3491 9011 1.1931998568207143
3492 8760 0.9760718620772455
3493 3495 3.442117247452068
3493 3497 9.08211532084101
3493 3500 11.860409917606674
3494 8758 0.7462666381152858
3495 8760 2.8959570788272258
3495 8758 2.997650988597877
3495 3493 3.442117247452068
3496 8756 0.8178322369206877
3497 3499 4.980430238205023
3497 3501 6.505678550119577
3497 3493 9.082115320841009
3498 8754 0.8494640661962006
3499 8756 2.62405250608007
3499 8754 3.7534175185153384
3499 3497 4.980430238205023
3500 9011 1.9038589171468665
3500 9159 3.8589484592009002
3500 3493 11.860409917606674
3501 8858 1.2208343176646057
3501 3497 6.505678550119578
3501 1405 4.836660964270699
3502 3503 5.9140049351691015
3503 3502 5.914004935169101
3503 3507 10.807731042466234
3503 3504 14.931441848335256
3504 320 7.569533497364643
3504 3503 14.931441848335258
3505 4196 4.283941481252809
3505 4109 12.925080528418512
3505 8059 12.572839232391958
3506 3507 2.3137784473874152
3506 4196 3.947212119286091
3506 5268 14.439511285198725
3507 3506 2.3137784473874152
3507 3503 10.807731042466232
3508 6151 0.3828827117351345
3508 3507 21.794907950732995
3509 4199 2.839501879058166
3509 5267 2.9419139702889208
3509 6163 3.159751551937049
3510 4110 29.00888353045293
3510 9227 2.6947781289543697
3510 9404 2.9109059506257786
3511 3512 12.247956800838
3512 3511 12.247956800838
3512 3514 38.878659310015365
3512 3513 5.3462023045387195
3513 3512 5.3462023045387195
3514 3512 38.878659310015365
3514 9404 11.527219956957655
3514 9472 4.366609958054087
3515 3516 9.413914412262503
3516 3515 9.413914412262505
3516 1617 6.85353513140797
3516 3517 2.565096038473828
3517 3516 2.565096038473828
3518 1617 19.644947252847146
3519 3520 11.88756060181037
3519 5708 8.501777699943336
3519 7138 5.960325664437398
3520 3519 11.88756060181037
3520 3521 5.26847408578249
3520 1616 8.817570640552134
3521 7138 11.516956535458013
3521 3520 5.26847408578249
3521 7139 5.56297567881703
3522 3523 11.202988060873663
3523 3522 11.202988060873663
3523 236 7.057812399358285
3523 1171 4.548142694510812
3524 3525 12.781055705918035
3524 1147 16.85255487680159
3524 420 14.6246109824924
3525 3524 12.781055705918034
3525 4446 19.36239264095805
3525 4445 7.9477592927116785
3526 1115 5.252789019361712
3526 5351 8.250291640805118
3526 3528 4.432662851908102
3527 3528 1.8470651453703153
3528 3527 1.8470651453703153
3528 3526 4.432662851908103
3528 6549 6.00388646894872
3529 6552 1.179554973375131
3530 1113 2.646378098536224
3530 3537 9.804950566790971
3530 8478 3.6421085765678205
3531 5704 0.8693228517330954
3532 5711 3.382690003904854
3532 3622 12.000718891955787
3532 3534 7.052168457982326
3533 3534 6.587876097166439
3534 3533 6.587876097166439
3534 3532 7.052168457982324
3534 5704 9.836997603495792
3535 8394 2.604325144166977
3536 5700 4.577321962732901
3536 3622 4.524654290019192
3536 8394 10.217183584086891
3537 4531 7.292348475193589
3537 3530 9.80495056679097
3537 6550 17.12240621787257
3538 8214 3.6508346667438256
3538 1430 5.6147097615541055
3538 6480 3.749683813938868
3539 8214 0.8471709871506905
3540 3541 5.027554872695879
3541 2300 1.1759414232761503
3541 2299 3.564563833265766
3541 3540 5.0275548726958785
3542 6482 0.7821340509896066
3543 7957 1.489263780530825
3544 3547 1.8815249912559273
3544 3545 8.725509846251576
3544 7958 6.351603010531588
3545 7730 24.710758667913847
3545 4522 10.772881039964638
3545 3544 8.725509846251576
3546 3547 2.204327837674153
3547 3544 1.8815249912559273
3547 3546 2.204327837674153
3547 8836 0.8581477064331526
3548 3549 9.204008928281555
3549 6480 3.641525099685963
3549 3548 9.204008928281555
3549 8212 5.4131663015900005
3550 3551 3.5982959380830564
3551 3552 2.7012502011202923
3551 8624 6.760911315443511
3551 3550 3.5982959380830564
3552 3551 2.7012502011202923
3553 3554 8.10715951210268
3554 3553 8.10715951210268
3554 4527 10.607690488273056
3554 386 8.812902931076861
3555 5985 3.8704438664982193
3555 5987 2.7061002517821615
3555 3556 14.061596161136269
3556 3555 14.061596161136265
3556 3558 3.506065687347101
3556 251 5.7834869945362755
3557 5987 2.29378459840013
3557 5989 5.03114331797275
3557 3558 14.874690899163724
3558 3557 14.874690899163726
3558 3559 3.6784864649492164
3558 3556 3.506065687347101
3559 5981 14.113136472521251
3559 3558 3.678486464949216
3559 252 5.13165056270591
3560 4524 4.049452081279085
3560 3561 17.52683866831426
3560 4523 7.099580013386027
3561 3577 0.5240975221246245
3561 3560 17.52683866831426
3561 3570 8.218254733127901
3562 3563 1.0824252863944925
3563 3562 1.0824252863944925
3563 8665 0.4471858948448499
3563 3575 17.09731913406356
3564 3575 12.97270151958246
3564 289 8.441952225234015
3564 385 13.02858825204122
3564 4501 7.664339782974448
3565 6497 0.48882590430528333
3566 3567 21.14545811775629
3567 3574 2.0759053289916665
3567 3566 21.14545811775629
3567 1122 12.735121014196721
3568 289 7.314476863599581
3568 3576 2.743832478870509
3568 6495 12.051032359966511
3569 3570 6.327898419980265
3570 3569 6.327898419980265
3570 3574 11.891873723447254
3570 3561 8.218254733127901
3571 3572 3.276988917588441
3572 3573 0.6120433963325401
3572 3571 3.276988917588441
3572 3574 8.052157799016811
3573 3572 0.6120433963325401
3574 3567 2.0759053289916665
3574 3572 8.052157799016811
3574 3570 11.891873723447256
3575 3564 12.97270151958246
3575 3576 17.43462868399595
3575 3563 17.09731913406356
3576 3568 2.743832478870509
3576 6497 6.1481026616235654
3576 3575 17.43462868399595
3577 3561 0.5240975221246245
3577 3578 6.046700558450688
3577 5991 18.386616601011113
3578 3577 6.046700558450688
3579 5050 12.045014817789275
3579 3581 3.3768610392363954
3579 8849 6.770279918026583
3580 3581 3.639530228646811
3580 3588 4.861878192924994
3580 392 1.420498266326149
3581 3580 3.639530228646811
3581 3582 4.858417170867534
3581 3579 3.376861039236396
3582 3581 4.858417170867534
3583 3584 6.1995683309533405
3583 8488 0.921953754235262
3583 8489 0.7999198681020192
3584 3583 6.1995683309533405
3584 3586 6.859976505370979
3584 387 7.437545387780434
3585 3586 12.123241671829089
3586 3585 12.123241671829089
3586 392 14.11417562892942
3586 3584 6.859976505370979
3587 3588 13.447103848028528
3588 1118 6.573904981445307
3588 3580 4.861878192924994
3588 3587 13.44710384802853
3589 393 7.100147480492063
3589 6494 3.6600665337330063
3590 387 11.336841682041042
3590 391 7.545895917171569
3590 9429 16.924321903669494
3591 8683 0.2739823301078933
3591 3592 13.225462732162907
3591 1628 5.86968446043662
3592 3591 13.225462732162905
3592 3594 25.302054038531328
3592 1628 22.137186472481172
3593 3594 4.027652490138401
3594 3593 4.027652490138401
3594 5749 3.6225931199069543
3594 3592 25.302054038531328
3595 5749 1.4923595969620327
3595 146 6.000974323481561
3595 393 16.92592104624224
3596 391 14.524769205300197
3596 393 8.550150032193732
3596 5750 27.234649211155233
3597 3598 2.7092363354934528
3598 7833 0.7738668513055458
3598 3599 6.763240947300853
3598 3597 2.7092363354934528
3599 3600 7.758425121273501
3599 3598 6.7632409473008535
3599 4309 4.344695821963813
3600 8279 1.6493305808421252
3600 8269 7.360834803904157
3600 3599 7.758425121273501
3601 3602 3.0778540751181422
3602 3601 3.0778540751181422
3602 8269 3.907944322043243
3602 3604 4.238831207843488
3603 3604 3.887502312549985
3604 3602 4.238831207843488
3604 1698 4.054453007424771
3604 3603 3.887502312549985
3605 3606 5.973873688679661
3605 7174 11.298322619539364
3606 3605 5.973873688679661
3606 7175 17.35170366281755
3607 3608 4.839560720153001
3608 3607 4.839560720153001
3608 5756 27.63197273055789
3608 5751 8.01768344195456
3609 3610 6.314490789172388
3610 1052 17.111403484561524
3610 8483 11.096897712573343
3610 3609 6.314490789172388
3611 3619 17.362184434470926
3611 8748 7.446208178792333
3611 8749 4.849021588514849
3612 1037 8.736473719244163
3612 3619 4.311875805453982
3612 1036 7.7747939390945415
3613 3614 7.657993164494247
3614 3613 7.657993164494247
3614 4959 7.637859826472615
3614 7254 4.730648678634134
3615 1026 5.3575541111032265
3615 7253 20.94264480040645
3615 3617 8.506081642572326
3616 3617 12.045368033615173
3617 7254 2.2238392038705794
3617 3616 12.045368033615173
3617 3615 8.506081642572326
3618 7931 1.3003876808908137
3619 3612 4.311875805453982
3619 7931 10.899236655272398
3619 3611 17.362184434470926
3620 3621 10.994439855594479
3621 1031 9.505069426469454
3621 4962 2.506884133372656
3621 3620 10.994439855594479
3622 3532 12.000718891955787
3622 3623 7.433212298135413
3622 3536 4.524654290019192
3623 3622 7.433212298135413
3623 5701 3.9356306859855295
3623 298 2.950842935716879
3624 958 16.551056653684867
3624 5700 5.7096298805116215
3624 2314 8.49454460678857
3625 5779 3.4780876887408025
3625 5777 3.3010255703155313
3625 5778 18.062571760870608
3626 5779 1.0610888483286038
3626 3479 12.83767588631077
3626 5777 84.42386472462451
3627 5439 24.84792687494411
3627 3630 8.335263750703422
3627 5438 43.76373994588924
3628 5445 15.006746456007303
3628 5437 14.007011724426368
3628 5439 28.987011600916656
3629 5441 16.27492971773921
3629 983 10.023610427867776
3629 5440 33.661438914304576
3630 5440 24.694281267571565
3630 3627 8.335263750703422
3630 5266 9.288990995742619
3631 3632 5.364602941341857
3631 6017 2.4168289446099838
3631 8376 26.618208624022692
3632 5021 7.243425910985645
3632 3631 5.364602941341857
3632 5759 22.25779460656148
3633 5025 3.354942702875759
3633 5255 9.372812938413665
3633 7810 5.141998233847709
3634 4399 2.7998072345616793
3634 1001 3.698496805410432
3634 4397 8.902014507740082
3634 833 7.022795081142541
3635 5406 49.68215769085549
3635 5025 11.054051837813612
3635 5394 17.715124888034044
3636 3640 4.936259738935382
3637 3639 15.241294240085065
3637 3640 6.43487350881871
3637 5404 8.98699701017706
3638 9359 1.8675470248752655
3638 3640 15.173913807554687
3638 3639 6.299316029979972
3639 3637 15.241294240085065
3639 3638 6.299316029979972
3639 5019 23.282202157482097
3640 3636 4.936259738935382
3640 3638 15.173913807554687
3640 3637 6.43487350881871
3641 3643 31.03739472958304
3641 7514 6.292196798152232
3641 3656 10.642704095747307
3642 3643 8.852480483524712
3643 3642 8.852480483524712
3643 5263 17.33921321907941
3643 3641 31.03739472958303
3644 3645 9.66376949164534
3645 3644 9.66376949164534
3645 3649 9.074185519482398
3645 3648 9.05885462950915
3646 3647 9.623281894822137
3647 3651 8.525662041465655
3647 3646 9.623281894822137
3647 3650 8.491446690255446
3648 5256 6.264547367545276
3648 6440 4.250217829265838
3648 3645 9.05885462950915
3648 5261 20.622059515973003
3649 3645 9.074185519482398
3649 3651 17.621019422187413
3649 5262 23.12406664863867
3650 5257 5.958945518540014
3650 3647 8.491446690255446
3650 3655 23.460055858986042
3651 3647 8.525662041465655
3651 3656 15.972234989896942
3651 3649 17.621019422187413
3652 3654 3.812626263931346
3653 3656 4.405690622405034
3653 3654 4.5991783161674515
3653 3655 5.623263969970709
3654 8242 7.707897910803232
3654 3652 3.812626263931346
3654 3653 4.5991783161674515
3655 3650 23.460055858986042
3655 3657 7.434904603444234
3655 3653 5.623263969970709
3656 3653 4.405690622405034
3656 3651 15.972234989896942
3656 3641 10.642704095747307
3657 3655 7.4349046034442345
3657 6441 2.881106226308451
3657 5393 9.659610806832925
3658 3663 25.843271483113426
3658 3662 40.11335652900978
3658 3661 22.13076566465162
3659 5446 25.138088360393045
3659 5443 38.22826299739557
3659 3660 16.882291091428062
3660 3659 16.882291091428062
3660 5446 26.094965342237913
3660 5448 19.152048705448117
3661 3658 22.130765664651623
3661 5448 6.420303143600739
3661 3670 14.03257061003312
3662 6570 18.790888435069288
3662 3658 40.11335652900978
3662 5469 7.3568953780126645
3663 3658 25.843271483113426
3663 3669 7.410235091778278
3663 6570 10.918530106272081
3663 6585 7.0688923776466694
3664 6908 4.557938522825938
3664 6907 6.1591721247020494
3664 6195 5.436850626891328
3665 3666 11.078227454277407
3665 6573 35.56114991080424
3665 5469 8.275609379643074
3666 8002 3.3897581169272626
3666 3665 11.078227454277405
3666 5459 17.364409544306643
3667 6573 1.8427668037030605
3667 6907 47.11337044404429
3667 6571 38.6539540170017
3668 6573 10.982931839941848
3668 6571 37.64860650291726
3668 5469 24.688851561059373
3669 3663 7.410235091778278
3669 5464 6.760506947971025
3669 5469 37.78570637971047
3669 8001 3.4249985057851124
3670 6571 2.707598229238148
3670 3661 14.03257061003312
3670 5458 11.295375359344725
3671 6175 10.26241558856056
3671 6174 8.727363166644846
3671 5444 1.1373118078476616
3672 3673 23.536029343465326
3672 7554 9.010759100082389
3672 7522 9.095418793564514
3673 3672 23.536029343465326
3673 869 13.1381413504007
3673 3678 18.30424998476648
3674 4535 12.06526565544315
3674 4687 14.974967953360284
3674 7522 8.078261784349674
3674 5138 25.81243378657308
3675 3677 4.5371325133761315
3675 4696 4.809452540138695
3675 3676 24.80960714898462
3675 7554 8.092411810411495
3676 7544 20.444471023007072
3676 3675 24.809607148984618
3676 5423 17.064561646412447
3677 3678 8.078218559939577
3677 3675 4.5371325133761315
3677 5844 6.7628131834706995
3678 3673 18.304249984766475
3678 3677 8.078218559939577
3678 3679 6.971650897406857
3679 3678 6.971650897406857
3680 4080 29.21209381613861
3681 3682 5.734094489075829
3682 2452 3.474664871650947
3682 3681 5.734094489075829
3682 2437 4.243430333431987
3683 3684 7.452993560492975
3683 6331 0.6552230421269686
3683 6332 0.9729961160606317
3684 3683 7.452993560492975
3684 5664 1.4680949988984535
3684 5665 3.486656001954737
3685 3045 9.824949011029016
3685 3695 6.7307247186620325
3686 8828 5.028287468764768
3686 8827 9.89606517265046
3686 3045 6.909950824532128
3687 8827 0.8918144332041772
3688 374 16.929990263860876
3688 1989 5.688240847362968
3688 8902 25.300453738846013
3689 2305 3.7062621377850564
3689 2307 6.501955044880228
3689 5584 9.944801849260925
3690 1410 3.5977963210941426
3690 3692 1.8481484925399414
3690 3694 6.2784667099262315
3691 3692 10.180352738476515
3692 3690 1.8481484925399414
3692 3691 10.180352738476515
3692 3693 3.584436636388513
3693 3692 3.584436636388513
3694 3048 6.71373600475827
3694 3690 6.2784667099262315
3694 3179 58.22012235593821
3695 3685 6.7307247186620325
3695 1410 13.504312386794021
3695 3047 9.390402427228008
3696 2430 2.461507205250723
3696 3697 4.196736746703428
3696 254 3.023311290111613
3697 888 9.045698393884486
3697 2427 2.925073954689814
3698 727 4.221814103107066
3698 7614 6.721930302936833
3699 8733 1.3032252152898731
3700 8321 0.9226585309789
3701 874 2.432755374804346
3702 3083 2.865549797785666
3703 2895 5.672119705539541
3703 2899 5.223082285679618
3703 3426 6.123745868083017
3703 2910 18.3734624835962
3704 3082 2.585073472506912
3704 3083 4.520807788515967
3704 2261 9.758550817621447
3705 3706 2.6682596328048422
3706 3714 1.8528701576671778
3706 3705 2.6682596328048422
3706 2877 3.8591763161746404
3707 3708 2.8111634431971613
3708 3714 1.491102509771415
3708 3707 2.8111634431971613
3708 3712 1.058809403851478
3709 3710 4.3125298086330845
3710 3712 3.6059030139564174
3710 8180 1.547698906203826
3710 3709 4.3125298086330845
3711 3712 2.43421685702231
3712 3710 3.6059030139564174
3712 3708 1.058809403851478
3712 3711 2.43421685702231
3713 3714 2.4669940540596436
3714 3706 1.8528701576671778
3714 3708 1.491102509771415
3714 3713 2.4669940540596436
3715 3716 8.225543197438267
3716 3719 5.9172459082406
3716 2878 5.591905446263835
3716 3715 8.225543197438267
3717 3718 7.841633371536548
3717 2881 7.169159432426391
3717 2884 5.345298123180775
3718 3717 7.841633371536548
3719 3716 5.9172459082406
3720 3721 6.080124927258156
3721 2878 0.12355699582771232
3721 3722 3.69871881703111
3721 3720 6.080124927258156
3722 2880 6.802646826269958
3722 3721 3.69871881703111
3722 8499 2.863439775221824
3723 3176 4.869428081578909
3724 3725 3.0442912107984297
3725 3726 3.4959115577802597
3725 3724 3.0442912107984297
3725 19 4.2278305955721205
3726 875 1.250252130084644
3726 3725 3.4959115577802597
3726 3727 2.922654551133042
3727 3726 2.922654551133042
3728 3729 2.9005456866461676
3729 3730 3.40545591490484
3729 875 1.813180697758119
3729 3728 2.9005456866461676
3730 3729 3.40545591490484
3730 3081 6.6178550466992165
3730 877 7.163093251921448
3731 3295 4.638873095317634
3731 3300 12.665498496989576
3732 3298 1.389889430927924
3732 3295 6.731553546472905
3732 4085 13.249203840931033
3734 571 2.511974730807547
3735 1494 24.086960421479645
3736 9383 9.466796101508848
3737 7017 2.216331568988358
3738 7019 4.043874743569597
3738 7017 6.189441168202382
3738 1440 5.852721492369165
3739 733 3.400028424888751
3739 643 36.06722685069413
3740 3306 8.640036290395797
3740 2421 8.585772287582536
3740 3245 6.883315996242448
3741 3774 9.95391022402436
3741 894 1.8183629025305625
3741 896 1.900280499745247
3742 3743 9.968713766412355
3743 7023 2.8594107420805757
3743 3745 2.9868673897808264
3743 3742 9.968713766412355
3744 3745 7.467659188549211
3745 3743 2.9868673897808264
3745 3744 7.467659188549211
3745 8083 3.5041156960210698
3746 3748 5.901590880172651
3747 1590 14.642449058065518
3748 1591 4.719356597790716
3748 3746 5.901590880172652
3748 8110 21.54227489925562
3749 6043 5.538069445343266
3749 741 11.070544436189653
3749 5795 6.5580439419197365
3750 3751 5.323701056562681
3750 4273 1.0040297721946243
3750 7681 0.9158958323626795
3751 3750 5.323701056562681
3751 7679 8.712524826936091
3751 511 3.2785838475875058
3752 4276 3.747524197863222
3752 4266 18.022395898484476
3752 3753 3.435969756842461
3753 511 14.512995876179204
3753 512 7.604239432201574
3753 3752 3.435969756842461
3754 4276 3.876702205419449
3755 3756 4.9346860945960245
3755 3764 3.02018483264078
3755 4282 3.987212392213915
3756 3755 4.9346860945960245
3756 8866 1.7571508311639388
3756 9496 14.849776408841624
3757 7658 0.6510270451837236
3758 8864 3.789708311282565
3758 7658 5.37868431846879
3758 4269 2.3806276847867256
3759 7667 1.3369343990134166
3760 4277 3.8877125969108084
3761 3772 5.198240191751155
3761 3770 5.5111528888286925
3761 7664 2.770263419639116
3762 7664 0.8844413738404643
3763 4269 1.0241052032077242
3764 3755 3.0201848326407785
3764 4277 8.488928896557328
3764 7671 5.308133518456629
3765 4323 5.168793808983303
3765 3768 4.2734465936450245
3765 9496 5.38033500690494
3766 7294 0.885928480286018
3766 7293 0.8932374743786695
3766 3767 3.2155480737627458
3767 9241 2.503024674393055
3767 3766 3.2155480737627458
3767 3768 4.459001251487062
3768 4279 2.611688945961508
3768 3767 4.459001251487062
3768 3765 4.2734465936450245
3769 7661 0.8817269649334125
3770 3761 5.5111528888286925
3770 7661 1.9764005776410467
3770 7660 3.5377518208240293
3771 7660 1.7093717605081191
3772 3761 5.198240191751154
3772 4267 10.843764946227932
3772 513 10.01172004492807
3773 5340 3.7732472249378617
3774 708 4.852219049740512
3774 3741 9.95391022402436
3774 1485 10.8007884988694
3775 3777 6.022818875508062
3775 3779 19.45007823958431
3775 3776 6.749543634546461
3776 3783 12.543822445761302
3776 3778 13.174170872066691
3776 3775 6.749543634546461
3776 6533 2.7310665733565
3777 3775 6.022818875508062
3777 6530 4.230673819231425
3777 398 8.705770474558584
3778 3776 13.17417087206669
3778 5071 7.555138461700139
3778 3779 4.509119449254277
3779 3775 19.45007823958431
3779 399 4.738657270968925
3779 3778 4.509119449254277
3780 3783 3.365019462974967
3781 1118 0.9736806752168461
3781 3782 15.283919501889157
3781 5071 14.820968953529261
3782 3781 15.283919501889153
3783 3780 3.365019462974967
3783 3776 12.543822445761302
3783 398 20.566643910013646
3784 398 23.81461253294339
3784 391 23.088594039186727
3784 3251 14.501171643364039
3785 3240 27.436118559443813
3785 3241 13.155380867384396
3785 3249 19.094107790433974
3785 4099 11.223603234304397
3786 4097 10.702574516464944
3786 1628 0.620197356997936
3786 3250 10.14933260983785
3787 3439 0.9129325650106944
3787 399 1.811024838568602
3787 3236 12.259420165879552
3788 4098 13.180767988065034
3789 3235 42.018495878455404
3789 301 16.19807667123231
3789 4170 8.55171894570139
3790 1483 5.037783985359921
3791 3792 5.977198466054261
3792 3153 4.018091631781601
3792 3791 5.977198466054261
3792 3 3.166916557948949
3793 8775 5.492919827742129
3794 709 23.02291057236119
3794 3795 7.885656775942812
3794 1497 5.341440736948801
3795 3794 7.885656775942812
3796 7972 0.5339014380325987
3797 3798 1.071999087147205
3797 7969 0.9340681274047783
3797 1311 9.497501665741433
3798 3797 1.071999087147205
3799 1431 1.6966472722783539
3799 3800 0.9266255814178627
3799 3802 2.984252224459106
3800 3799 0.9266255814178627
3801 573 4.172922939592303
3802 708 1.4462448722202148
3802 3799 2.984252224459106
3802 117 5.202571860020503
3803 3804 0.8293904442291704
3804 3805 1.030382400918609
3804 3803 0.8293904442291704
3804 3806 2.7655680104549574
3805 3804 1.030382400918609
3806 8044 0.3863057458038826
3806 570 5.083327842097974
3806 3804 2.7655680104549574
3807 3239 8.218699772172005
3807 5049 23.309205252575207
3807 6537 18.156547714980395
3808 3809 3.8730270930237856
3809 3808 3.8730270930237856
3809 8402 6.398144812402419
3809 90 3.4641112629360604
3810 1382 0.4711153314544333
3811 1382 0.927014781520078
3812 551 6.0203634483568536
3813 3812 7.425155067475754
3813 1366 0.9371092124085972
3814 1373 1.4602612633042829
3814 7843 7.435862790162026
3814 1354 16.696152314708492
3815 3817 6.499550523569436
3816 3817 3.191295247187218
3817 1828 8.555450874831255
3817 3815 6.499550523569436
3817 3816 3.191295247187218
3818 1828 10.856123621712051
3818 5161 4.015700653374361
3819 4731 4.2165940962596915
3819 1829 17.614276408901382
3819 9483 11.765708965484588
3820 4731 1.1712154535727808
3821 3947 13.018268421228404
3822 1233 2.592063238692194
3823 2008 0.672866606122341
3823 1826 4.163521936722466
3823 3822 18.90415141301732
3824 1234 0.6522628725727682
3824 1817 21.404780255188484
3824 3823 12.525003245301118
3825 1724 0.6339677869568519
3825 3842 21.25773031394022
3826 662 3.00477302540254
3826 3833 14.493331460593517
3826 778 14.116835327759647
3827 3828 11.281271864454622
3828 3829 6.994551453160776
3828 3827 11.281271864454622
3828 3832 6.92965268800433
3829 8227 0.45346705323993386
3829 3828 6.994551453160776
3829 6971 5.525161108560891
3830 778 1.9149061094898332
3830 777 1.580177630876018
3830 8227 9.276934633917309
3831 8227 6.343862163541174
3832 3828 6.92965268800433
3833 3834 0.7265334787876804
3833 3825 3.3887510536912884
3833 6968 5.452700455993789
3834 3833 0.7265334787876804
3834 662 14.673693139186156
3835 1719 8.436823821575404
3835 3836 7.657963056255476
3835 1727 10.139058327908606
3836 3835 7.657963056255476
3836 1720 10.601338932139193
3836 6108 10.126169775220957
3837 3844 0.5486926127025928
3837 4729 23.94872986086355
3837 3843 18.391889147194554
3838 3839 0.839966477091205
3838 8024 11.338391289936542
3839 3838 0.839966477091205
3839 1736 8.605882556445119
3839 4709 10.792906696717035
3840 3841 0.7301511417923126
3840 8027 20.351543494755965
3841 3840 0.7301511417923126
3841 1737 9.239641504965443
3841 8026 9.6242519052453
3842 3837 1.335518787023339
3842 1725 0.5427518975075305
3843 1288 0.9545284930064638
3843 3838 15.07285519320791
3844 1725 1.4344052106725702
3844 3837 0.5486926127025928
3845 8680 0.6838254240204408
3846 8680 2.616335407553708
3846 3857 3.788601107283412
3846 3855 6.8633810779806055
3847 3848 5.833098501782231
3847 3851 5.779252866752817
3847 9507 5.42619491614744
3848 3853 1.6436777867965309
3848 3847 5.833098501782231
3848 3849 8.591862296664063
3849 3848 8.591862296664063
3849 1388 7.83529701172648
3849 1387 11.748076143050792
3850 3851 7.2723503350192
3851 3847 5.779252866752817
3851 3855 5.74596151522477
3851 3850 7.2723503350192
3852 9507 0.8183830258304
3853 3848 1.6436777867965309
3854 1387 6.855491041881429
3855 3963 1.948934656998833
3855 3851 5.74596151522477
3855 3846 6.8633810779806055
3856 3857 1.660866396713247
3857 3846 3.788601107283412
3857 3856 1.660866396713247
3857 3858 0.8974652783447153
3858 3857 0.8974652783447153
3859 3860 5.60072892375935
3859 6211 0.947643496457058
3859 6210 0.8266288244960213
3860 3859 5.60072892375935
3860 1391 6.370904768040123
3860 3866 3.8273576394896316
3861 3866 3.214910940205102
3861 3867 2.848200284429288
3861 1390 16.465510343014813
3862 3863 3.8524180998122146
3862 1390 3.4498883650398477
3862 1389 9.213848116074985
3863 3862 3.8524180998122146
3863 6215 1.0810235699170152
3863 6214 0.9777011077884626
3864 3964 2.8301161341049563
3864 1387 12.673466326438662
3864 1386 8.47881759377978
3865 3866 2.524777618380283
3866 3865 2.524777618380283
3866 3861 3.214910940205102
3866 3860 3.8273576394896316
3867 6213 0.8591151666567185
3867 6212 1.1282833377867543
3867 3861 2.848200284429288
3868 8221 0.767733962931959
3868 3955 1.005154415602478
3868 1394 12.876858905402973
3869 8216 9.75192472870383
3869 3957 5.390891897537969
3869 1449 9.979548411380033
3870 8730 2.9122504513749248
3870 6005 3.328992475419914
3871 234 6.404931963652124
3872 8730 2.434573670374456
3872 428 2.633991253466223
3873 2423 11.848834335125842
3873 1186 15.586193245409538
3873 1187 6.434930552084001
3874 3311 10.203397849999963
3875 3311 4.871045956235403
3876 3211 16.001459670771784
3876 5561 10.84296025316053
3876 7240 20.04905051023857
3877 6147 1.1135331093027965
3877 6148 0.7590308222073886
3877 6146 4.757401071642708
3878 7229 0.5884530750574889
3878 8769 24.501111085982775
3878 7228 9.162763294020774
3879 3880 3.4802440407224617
3880 3225 3.339978843871849
3880 3879 3.4802440407224617
3880 6024 11.820057721465849
3881 9511 5.0620366589721515
3882 5568 4.765035065338232
3882 9511 0.2921397365222995
3882 8450 46.917507207236895
3883 1481 9.175247718553706
3883 1281 45.79318174813872
3884 3885 9.788077494046338
3885 797 31.278333165135326
3885 798 16.992718209416598
3885 3884 9.788077494046338
3886 3887 3.8352358857241398
3887 1268 4.579103743885915
3887 786 10.214411906540395
3887 3886 3.8352358857241398
3888 3889 3.6150859644242495
3888 8838 1.167420215137529
3888 8839 0.9821889860980686
3889 1270 4.602179707613746
3889 787 10.269655849273535
3889 3888 3.6150859644242495
3890 3891 6.538777933122264
3891 3890 6.538777933122264
3891 2126 10.369332191198625
3891 3893 7.039307182691836
3892 3893 8.365209040059321
3893 3892 8.365209040059321
3893 6060 2.315541463917454
3893 3891 7.039307182691836
3894 3895 6.186501760388352
3895 797 9.54645335944854
3895 3894 6.186501760388352
3895 3378 13.29128456431584
3896 3897 3.5409859988048806
3897 3898 11.672367157641517
3897 3896 3.5409859988048806
3897 5530 0.65760530773513
3898 3897 11.672367157641517
3898 2454 38.45173213652443
3898 5768 5.557468920379159
3899 3900 6.9573940017542215
3900 3899 6.9573940017542215
3900 1291 7.4563621674649765
3900 7570 12.744383172893157
3901 1842 9.914678748742075
3901 1843 11.55075104243565
3901 3902 8.231290123411826
3902 3901 8.231290123411826
3903 6969 1.1347477111927469
3904 1841 6.346284600179577
3904 3906 7.137656165736798
3904 1221 6.953632314323619
3905 3906 3.7565241703316716
3906 6969 3.313433510170886
3906 3904 7.137656165736799
3906 3905 3.7565241703316716
3907 3908 6.293458039839335
3908 3372 2.388685771767472
3908 4850 7.0953420572158326
3908 3907 6.293458039839335
3909 5312 7.997139620344092
3909 7797 6.3304876163647785
3909 9142 18.389099663351686
3910 3367 6.954001489901057
3911 9186 8.265288630700933
3911 375 27.271193480067865
3911 565 1.7429820567235312
3912 375 1.6046807808877535
3912 3913 29.717911150931084
3912 4131 3.278551979871519
3913 3912 29.717911150931084
3913 4128 13.732504188510894
3913 8813 1.9989569860153285
3914 711 3.7240235231084746
3914 576 15.805907350160156
3914 3985 7.468449684750835
3915 3916 9.66314173400164
3915 3918 8.937709756744793
3915 6298 0.8188348108492487
3916 3915 9.66314173400164
3916 6329 4.169518167192211
3916 3917 10.577272618886566
3917 3918 4.49067301934844
3917 3916 10.577272618886566
3917 6867 2.974916523124962
3918 3917 4.49067301934844
3918 5524 5.234398148929318
3918 3915 8.937709756744793
3919 5514 2.765474317636602
3919 5521 11.612452707270876
3919 7122 6.573618489161785
3920 5527 0.8397468686480497
3920 5515 3.959721993982235
3920 2304 20.460341274249632
3921 3922 9.775310777053942
3922 3059 4.4203515332820205
3922 3921 9.775310777053942
3922 880 11.200237016359258
3923 3120 5.94896727801455
3923 3122 5.141996495770218
3923 3924 5.427876439014352
3924 3923 5.427876439014352
3925 3220 5.196079674262524
3925 3225 7.160991680731355
3925 9358 9.728030911725519
3926 8089 3.7420689069429014
3926 1186 15.927484842578792
3927 324 8.069672533396853
3927 3929 1.5018675820198326
3927 3928 6.859041799302891
3928 261 0.3231079824284017
3928 3927 6.859041799302892
3929 3927 1.5018675820198326
3930 459 8.883226736494972
3931 3930 1.0167665940912285
3932 6153 4.3596165338947594
3933 426 7.887858667357127
3933 8939 2.9470303129926783
3933 5998 2.6384669877159754
3934 3337 11.92588586121809
3934 7588 6.332207316782892
3935 3985 8.614939240987448
3935 712 28.444269299054174
3935 683 11.364025866628433
3936 3937 6.46205797703354
3937 3936 6.46205797703354
3937 3228 5.563651255292075
3937 9261 12.006592076467532
3938 3939 3.134939112744671
3938 3223 3.060149080674061
3938 7221 5.276096314504731
3939 9358 6.836156311724956
3939 3938 3.134939112744671
3939 3223 18.790925075524086
3940 4072 5.269649791183836
3940 250 5.404006178646793
3940 5719 10.551471473677422
3941 774 17.220285708046646
3942 1803 17.88526872534584
3942 1235 10.49717815524189
3942 773 5.508162194612496
3943 4713 1.1779207730475985
3943 4710 7.482476520227496
3943 1736 24.063382314722272
3944 1717 3.923498122069957
3944 662 5.0930361992493225
3944 5320 9.835989800095149
3945 1355 4.117220081935661
3946 1355 5.05514589970962
3947 553 1.2553591573523821
3947 5686 8.449586691893273
3947 564 8.806232488437931
3947 3821 13.018268421228404
3948 3949 6.484855105879613
3949 3948 6.484855105879613
3949 366 8.100152652928813
3949 2158 8.274349196967114
3950 3951 3.356247819439141
3951 6341 1.412632001740897
3951 3952 8.067692390221959
3951 3950 3.356247819439141
3952 3970 7.1980423770070585
3952 3951 8.067692390221959
3952 361 4.27163269279204
3953 3954 3.627701810138371
3954 3953 3.627701810138371
3954 1454 8.061121893626616
3954 6953 5.5393820392906035
3955 3868 1.005154415602478
3956 3962 3.5901054376252852
3957 8220 13.916520625976007
3957 3959 4.781273535877789
3957 3869 5.390891897537969
3958 56 1.48750336412436
3958 3959 3.736893296129014
3958 1540 35.39577238337774
3959 56 3.9123841143190266
3959 3957 4.781273535877789
3960 3961 1.238345165160532
3961 8217 0.8661404358892284
3961 3960 1.238345165160532
3961 8216 2.9222477458348886
3962 3956 3.5901054376252852
3962 8219 0.7868446331591614
3962 8220 1.660385428690843
3963 3855 1.948934656998833
3964 3864 2.8301161341049563
3965 6340 0.6003111339646279
3966 3968 11.416336067492294
3966 3967 13.770881864866382
3966 6340 2.6583855094706466
3967 2604 2.816760779554597
3967 6342 3.3253397423579805
3967 3966 13.770881864866382
3968 3966 11.416336067492294
3969 8842 19.500152794520993
3969 3971 1.9911860464331106
3969 8844 4.777286880662067
3970 3952 7.1980423770070585
3970 3971 3.0458684797127904
3970 1386 22.38767573759811
3971 3969 1.9911860464331106
3971 9533 21.80970338139505
3971 3970 3.045868479712791
3972 3973 1.8825325568697358
3973 1310 1.6085087580677
3973 3972 1.8825325568697358
3973 527 53.94417634906517
3974 1858 6.0460004594481385
3974 3978 5.33007471123832
3974 3975 5.473436578606032
3975 9289 6.175881030344981
3975 3974 5.473436578606032
3975 3976 16.247494608098574
3976 3975 16.247494608098574
3977 8100 1.4422379713084221
3978 3974 5.33007471123832
3978 1859 24.39365169460587
3978 8100 7.672755509230411
3979 535 10.33153717231962
3979 8325 2.4825783730973328
3980 4287 3.2005222243041986
3980 4286 6.099269925365674
3980 4288 9.230418297106535
3981 3982 1.2628809353883002
3981 535 16.905847005043963
3981 4288 8.199738381746794
3982 3981 1.2628809353883002
3983 4314 12.015138461638854
3984 3985 5.053172385864897
3985 3986 2.1607911876411956
3985 3984 5.053172385864897
3985 3914 7.468449684750835
3985 3935 8.614939240987448
3986 3985 2.1607911876411956
3987 5769 4.78357332769058
3987 1442 5.110641749631183
3987 8737 58.24649466237591
3988 8090 6.143902546031877
3989 9374 2.3157409715531765
3989 3930 3.742759187707038
3990 1243 3.9872448900838817
3991 890 3.1390171408938508
3992 6325 2.473287157778376
3992 754 1.8804501898393913
3993 6325 2.2581995111115902
3994 8104 0.8367015898768568
3994 3995 7.633653769007733
3994 8105 0.4573676868541774
3995 3994 7.633653769007733
3995 746 4.395943971495423
3995 4007 6.393428746299854
3996 3069 7.892427248545826
3996 3068 5.080170804300158
3996 3151 22.88732682642854
3997 3068 5.826372714470095
3997 1703 5.369556840806427
3997 3130 10.54121327305378
3998 4930 3.7199939769359927
3998 3070 9.742037937215166
3998 4949 6.166270106121462
3999 4002 3.1140202645854376
3999 9015 14.309150636327619
3999 905 3.033859927577203
4000 4002 3.2789680047306096
4000 4001 1.8834083358254368
4000 3150 5.5865948582942435
4001 4000 1.8834083358254368
4002 4000 3.2789680047306096
4002 3999 3.1140202645854376
4002 4003 6.597754067308593
4003 3149 1.7328546859449414
4003 3067 6.5512664539824
4003 4002 6.597754067308593
4004 4005 6.097569735011566
4005 4949 3.286203486988286
4005 3148 0.5652723090872618
4005 4004 6.097569735011566
4006 3150 5.829502796322275
4007 3995 6.393428746299854
4007 906 4.78933152744576
4007 4008 10.643255894755429
4008 4007 10.643255894755429
4009 8604 1.142302964408614
4010 3260 6.020153392690425
4010 4319 12.038506058014793
4010 3262 15.250802113549948
4011 4013 4.750382096031388
4011 7199 10.756316086397794
4011 4015 10.383234587726522
4012 4013 3.7497948091936077
4012 9040 1.2478667210696914
4012 9039 0.970435970926434
4013 4012 3.7497948091936077
4013 4011 4.750382096031388
4013 7188 14.800292931007847
4014 4015 1.1378205285683176
4015 4014 1.1378205285683176
4015 4016 1.315508745808454
4015 4011 10.38323458772652
4016 4015 1.315508745808454
4017 4018 6.827994790868821
4018 5350 0.8532797420950967
4018 4017 6.827994790868821
4018 4022 10.052560053815798
4019 4021 6.773275177006491
4020 4021 4.3665432139583205
4021 4020 4.3665432139583205
4021 4022 5.0156537874778016
4021 4019 6.773275177006491
4022 4023 2.9234943775038897
4022 4021 5.0156537874778016
4022 4018 10.052560053815798
4023 4022 2.9234943775038897
4023 5343 1.756076147583823
4023 515 4.953600796937894
4024 7938 0.7194669745091776
4024 7937 0.5371530426007048
4024 4025 4.723064050841101
4025 4024 4.723064050841101
4025 407 17.190665840687167
4025 2667 4.967458535076692
4026 4027 22.887632647411966
4026 3002 23.333136447543378
4026 7076 53.327347092502706
4027 2854 7.731410512387002
4027 4028 25.890124397015043
4027 4026 22.887632647411966
4028 2856 12.029747117327867
4028 4029 18.672564778457648
4028 4027 25.89012439701504
4029 4028 18.672564778457645
4029 2628 12.880062098165068
4029 2669 9.100126712033711
4030 9363 3.5962965418109865
4031 6166 1.7707306254805346
4032 4033 7.820863497059019
4032 888 2.370536082147554
4033 9037 1.5814278350186561
4033 4035 4.472008784511651
4033 4032 7.820863497059019
4034 4032 2.791493734173976
4034 9037 2.8542885554301094
4035 4033 4.472008784511651
4035 3696 4.455874800298589
4036 326 5.675267975496142
4037 4038 0.9399476021203448
4038 4037 0.9399476021203448
4038 4039 1.7889473881924203
4038 6551 1.0741318124473205
4039 238 3.614799609419033
4039 4038 1.7889473881924203
4040 7841 5.737225537557205
4040 4036 4.69657073630138
4041 249 2.6986967131753077
4041 1428 8.435516575300424
4042 5585 6.799068439610068
4042 719 15.748621410580052
4043 6868 15.194285893875582
4043 645 12.028056743876661
4043 8103 5.921045977561774
4044 4042 1.5650508404632868
4045 5866 4.153140209670983
4045 5865 4.096620934034419
4045 7888 5.735636933169913
4046 8491 9.467238663727011
4046 4056 1.756244680935817
4046 4057 1.7728502451224306
4047 4048 5.679941000271139
4047 5864 3.39907920498081
4047 5863 4.1716500357109645
4048 4047 5.67994100027114
4048 8492 1.7983698221307698
4048 8490 1.8207475911133304
4049 4050 5.800023253940072
4049 4053 9.730130017649573
4049 4058 19.662750789869843
4050 4049 5.800023253940073
4050 4632 24.61426556152715
4050 4055 18.809488329408566
4051 5873 15.664576751339384
4051 4631 23.099945960742588
4051 4055 17.62766934207096
4051 4052 11.800407463772917
4052 4058 18.793195669520248
4052 4059 10.460543544709898
4052 4051 11.800407463772915
4053 4054 25.750794753694656
4053 4049 9.730130017649575
4053 4056 10.715457472276068
4054 4053 25.750794753694656
4054 4632 8.687333113970036
4054 4060 15.935988245076176
4055 4050 18.809488329408566
4055 4051 17.627669342070956
4055 4058 5.099414545549901
4056 4053 10.715457472276068
4056 7888 1.8079048028304943
4056 4046 1.756244680935817
4057 4060 13.810627516154646
4057 4046 1.7728502451224306
4057 8492 3.6046665291066526
4058 4049 19.662750789869843
4058 4052 18.793195669520244
4058 8490 10.077552347039719
4058 4055 5.099414545549901
4059 4052 10.460543544709898
4059 4633 9.519346243804552
4059 8492 10.51829424183965
4060 4057 13.810627516154643
4060 1886 7.408283835178056
4060 4054 15.935988245076178
4061 9198 4.32505969447235
4062 3450 31.36718811604664
4062 301 3.274893997783846
4062 3449 4.899089308303574
4063 1419 0.5892198912030209
4063 1870 12.437762886229383
4063 9135 24.912101900456463
4064 3055 3.236986863458138
4065 4066 3.097047604334722
4065 9357 0.7566973894035924
4065 8372 0.6327487514568532
4066 3172 2.5380301253737114
4066 3055 6.676156768365558
4066 4065 3.097047604334722
4067 4068 2.2033192003060975
4068 3056 1.6416862300261756
4068 3172 4.090606236057044
4068 4067 2.2033192003060975
4069 4070 2.8095034417519718
4070 4069 2.8095034417519718
4070 878 1.6966853772487023
4070 4071 4.693782978890122
4071 8944 3.361850619041633
4071 4070 4.693782978890122
4071 877 5.276743207108641
4072 1679 4.456566222372205
4072 6490 5.077133740913948
4072 3940 5.269649791183836
4073 399 17.042026793407384
4073 6530 6.102874006602902
4073 3238 12.526951702609294
4074 4076 2.2521781307584146
4074 9376 19.970535577365226
4074 377 4.931384428909342
4075 3320 7.470204950439383
4075 3231 6.380238411503726
4075 3451 1.1059602138968996
4076 4074 2.2521781307584146
4076 3322 3.9632018062393484
4076 3436 6.276003362533807
4077 2931 2.7405213559434527
4077 3476 16.46465579969912
4077 3461 4.612361851502685
4078 3478 6.139920235422154
4078 2437 7.479257774020342
4078 2451 20.591440961199684
4078 8235 4.093071556534546
4079 2915 5.054153246796324
4079 2918 4.842488959244643
4079 2905 6.894591686203751
4080 2904 3.7385520962464067
4080 2895 7.977920605704572
4080 3680 29.21209381613861
4081 3468 22.08365675247974
4081 3465 13.163204377574194
4081 3469 22.957809007990498
4082 3465 31.832285882769845
4082 9049 3.576859990963189
4082 3468 8.017801065676846
4083 6106 0.9949067115346288
4083 3471 7.463628601460751
4083 3187 4.686047332264282
4084 9049 32.18084843990255
4084 5136 12.49923700725354
4085 3732 13.249203840931035
4085 3300 7.034616361527317
4085 6000 3.3584365675828263
4086 3462 10.129564227031672
4086 3240 7.795132261077101
4086 7149 3.7655566120153754
4087 2926 11.718696400815759
4087 2925 3.7666352752566055
4087 2923 2.371981595576572
4088 2916 1.8775886527447228
4088 2929 10.934120626636897
4088 2913 1.2323512890062454
4089 2937 10.93240063988887
4089 630 7.82263701757092
4089 631 12.104310123664876
4090 1054 10.691492278863306
4090 1057 9.94312851479093
4090 1061 5.231483269348273
4091 8639 1.1884739580526331
4091 1418 30.429073836619814
4091 2346 12.439446689860397
4092 2350 29.931845076393714
4092 2344 4.331165927751478
4092 2348 9.627815785126975
4093 9504 0.4195093471867255
4093 2349 7.253554364536285
4093 9503 9.6906079766765
4094 4095 14.87204627401572
4095 5342 0.392345724554998
4095 628 5.950251536032304
4095 4094 14.872046274015723
4096 630 1.1220954841744717
4097 3786 10.702574516464944
4097 4101 6.5534638173696385
4097 3237 31.0084283410448
4098 4099 5.057134907977169
4098 3462 14.51443437289619
4098 3788 13.180767988065034
4099 4098 5.057134907977169
4099 4100 10.049062391991505
4099 3785 11.223603234304395
4100 4099 10.049062391991505
4100 3241 13.67361992628212
4100 3237 24.266465182450286
4101 2290 9.934220376587216
4101 8683 15.728562061359476
4101 243 10.502228341405399
4101 4097 6.5534638173696385
4102 3200 10.792558187406845
4102 9192 24.65990430064502
4102 3207 11.665371164534205
4102 3210 8.931757114871667
4103 3449 1.7728598865556022
4103 300 3.4008198235809246
4103 4168 13.17749205274458
4104 3428 4.71606909268652
4104 377 3.709411929613557
4104 3438 10.269137866523195
4105 3317 20.57280455534049
4105 302 5.70604810025487
4105 6535 3.1050376553156185
4106 3454 14.673151448863253
4106 3438 12.353265142879424
4106 302 4.623788799601879
4107 377 4.25378490302975
4107 2379 71.13504346533422
4107 3324 8.792165639971362
4108 4112 38.7169974469384
4108 8932 39.02514475282347
4108 5557 62.64868909809738
4109 8057 5.6005672192825084
4109 3505 12.925080528418512
4109 9403 2.327553121330471
4110 3510 29.00888353045293
4111 7383 7.4484122924485
4111 439 35.73245596946712
4112 4108 38.716997446938386
4113 3098 1.2072894308639481
4113 3099 13.996025943096592
4114 8921 5.9386773291432435
4114 3108 4.8397950453332115
4114 4113 10.385016024881885
4115 4142 11.054798359723643
4115 19 7.369567518629211
4115 637 5.901641424430017
4116 8921 1.182807132265575
4117 4118 3.790189353964985
4118 2889 4.147095663908622
4118 4117 3.790189353964985
4118 4917 18.134923673727553
4119 2892 21.622786393671465
4119 16 3.6862169451290856
4119 4144 2.062841349293137
4120 2891 21.414674737425837
4120 4144 1.5656465539819542
4120 142 1.2918236318808236
4121 3099 4.832874950226288
4121 4122 7.218615878544972
4121 4145 3.5124428989214187
4122 4121 7.218615878544972
4123 2304 1.9257057085447846
4123 4124 11.980647450472125
4123 3109 5.232943186347254
4124 4123 11.980647450472125
4125 2305 4.94193430585713
4126 3102 8.046063564569833
4127 9461 3.974950498576393
4127 1885 5.764016639910968
4128 3913 13.732504188510896
4128 4127 3.7522980001957706
4129 4130 1.164932417616162
4130 4131 4.518101163199589
4130 4129 1.164932417616162
4130 4132 1.1384601351856476
4131 4130 4.518101163199589
4131 376 13.543459789861696
4131 3912 3.278551979871519
4132 4130 1.1384601351856476
4133 3105 2.012886375869538
4134 3118 14.984835007980415
4135 8019 0.825578112054655
4136 4137 3.3691919476933676
4136 8019 3.309922733839776
4136 880 6.136569183393337
4137 4136 3.3691919476933676
4137 879 4.638187186054498
4137 4951 3.9493981365725888
4138 4918 1.664576030802942
4138 872 9.359444300623569
4138 4952 1.6701898681625018
4139 879 1.7310865650159983
4140 4141 5.944934589809891
4141 4143 0.9964633955747577
4141 4918 4.265490562677135
4141 4140 5.944934589809891
4142 4913 7.896220588220787
4142 4115 11.054798359723643
4142 872 22.32190551704536
4143 4141 0.9964633955747577
4143 19 6.453110396315555
4143 8701 3.8750342822960113
4144 4119 2.062841349293137
4144 4120 1.5656465539819542
4145 4144 2.633878621120736
4145 4121 3.5124428989214187
4145 142 2.46336358324216
4146 4932 3.85624666599285
4147 4148 0.9052942121069207
4147 4215 13.966076889422789
4147 823 3.3221144159867735
4148 4147 0.9052942121069207
4148 4150 27.367128646591738
4148 1647 6.838801947584153
4149 4154 20.256222256029346
4149 4155 55.50994728740402
4149 823 4.953817904611292
4150 1649 8.482313081836233
4150 4148 27.367128646591738
4150 1653 43.49660783314959
4151 4158 8.043712547807333
4151 4215 6.1548310573889085
4151 8870 3.842133794592042
4152 4153 3.742999631574847
4153 4152 3.742999631574847
4153 2457 28.913711434877033
4153 2456 8.272225973969485
4154 5728 15.40735785849372
4154 4149 20.256222256029346
4154 4156 15.773165612584465
4155 4156 22.38875596340623
4155 4149 55.50994728740401
4155 4157 34.128619039545335
4156 4155 22.38875596340623
4156 4157 12.511888200475411
4156 4154 15.773165612584465
4157 4156 12.511888200475411
4157 4155 34.128619039545335
4157 5728 8.324906528730695
4158 4159 6.5129250296839185
4158 823 5.21093078739612
4158 4151 8.043712547807333
4159 4160 6.464066657572469
4159 4158 6.5129250296839185
4159 4208 16.07508007969089
4160 4161 6.455452429745604
4160 4159 6.464066657572469
4160 4204 16.142884745597172
4161 4160 6.455452429745604
4161 5728 16.3120855317185
4161 4203 16.03327997432305
4161 4162 6.234604528293981
4162 3253 6.270149411703304
4162 4210 15.959436015051006
4162 824 18.670177953901643
4162 4161 6.234604528293981
4163 3253 17.86211000545889
4163 5134 4.116569107606028
4163 825 17.323889423494364
4164 4165 7.3093338044496745
4164 4221 9.404474679227013
4164 4218 12.78542450629782
4165 4164 7.3093338044496745
4165 4165 25.652336331627478
4166 3328 2.0149840781091304
4166 5744 9.09710376842789
4167 5038 15.913790906974468
4167 4169 1.8437355802391493
4168 4103 13.177492052744581
4168 4173 1.1702328649494431
4169 7324 35.85273119413448
4169 4170 1.2278172915385555
4170 3789 8.55171894570139
4170 4168 2.0177855165669847
4171 8380 4.716196253542758
4171 5045 4.723146683658231
4171 3236 16.271156998585063
4172 8380 5.4996737712271315
4172 4173 45.41115717161917
4172 5586 7.521489144752571
4173 4167 0.5622984240528069
4173 4172 45.41115717161918
4174 3422 2.751113841480379
4174 5688 6.275748128147794
4174 5690 16.404086148614443
4175 4176 4.735625247142439
4176 4175 4.735625247142439
4176 4177 2.6752908682341987
4176 4194 4.980166183648991
4177 4176 2.6752908682341987
4177 861 9.235242698278801
4177 862 7.3158603084166485
4178 839 9.108301764256991
4179 4645 5.597194067356158
4179 4548 5.97457887617245
4179 4551 28.043470876902834
4180 4186 6.269147964511211
4180 6143 0.3392296478014334
4180 4182 22.35114111599345
4181 4182 6.734391404989369
4181 8210 1.2811749736886977
4181 8209 0.9823799876929241
4182 4181 6.734391404989369
4182 4180 22.351141115993457
4182 6144 6.192425307708582
4183 2227 13.846028924785603
4183 4185 21.36398932234444
4183 5766 16.628775727541484
4184 4185 8.54144994383434
4185 4184 8.54144994383434
4185 6143 7.592316585414178
4185 4183 21.36398932234444
4186 657 1.6929710521052443
4186 4180 6.269147964511211
4186 6145 15.930994953812267
4187 5203 0.6186040923530152
4187 5236 5.327674116693078
4187 5199 7.189023056294667
4188 8362 0.6874224607645476
4188 8361 0.7924773312200378
4188 5121 5.625855058585474
4189 5117 4.022865846426248
4189 5114 14.982968426842831
4189 5111 5.136726680987074
4190 5114 6.3462604696665705
4190 5120 3.433719992740488
4190 5121 5.679276222182475
4191 5120 5.667256059733271
4192 5115 5.883422321792328
4193 5116 16.788094911683018
4194 4176 4.980166183648991
4195 9446 0.7737750393979109
4196 3506 3.947212119286091
4196 3505 4.283941481252809
4196 4197 7.22777340245852
4197 4196 7.22777340245852
4198 4199 2.7119773039932453
4199 3509 2.839501879058166
4199 4198 2.7119773039932453
4199 8059 2.9389223145042793
4200 8852 10.12041448764615
4200 9150 3.4610642307520747
4201 8923 11.792011911589388
4201 4224 12.110339594295324
4201 1616 11.104575560058004
4202 4226 7.165039990433031
4203 4210 9.063767219886776
4203 4204 9.416302073173293
4203 4161 16.03327997432305
4204 4160 16.142884745597172
4204 4206 8.736562955733913
4204 4203 9.416302073173293
4204 4208 9.58649774511052
4205 4438 0.8014314499842722
4205 1621 13.720609593573908
4205 4437 4.088460139111238
4206 4204 8.736562955733913
4206 4221 5.776841883444387
4206 4219 18.597817303081104
4207 4220 7.023040724744289
4207 1614 29.66949336546192
4207 4234 13.468769838700258
4208 4159 16.07508007969089
4208 4204 9.58649774511052
4208 4212 10.533713795580718
4209 4440 2.671061597261744
4209 4439 3.9738481153601275
4209 1612 8.225810285295536
4210 4219 9.019603834187839
4210 4229 9.067883721243705
4210 4203 9.063767219886776
4210 4162 15.959436015051006
4211 1614 31.887497030555913
4211 4225 7.200771605131867
4211 4223 8.114946544434703
4212 4208 10.533713795580718
4212 4228 0.8774492115711238
4212 4213 8.623523394943327
4213 3252 10.90285633610153
4213 4221 14.429117539885056
4213 4212 8.623523394943327
4214 4443 1.8051346997444406
4214 1640 14.559318808737043
4214 7142 4.568147472822489
4215 4151 6.1548310573889085
4215 4147 13.966076889422785
4215 4228 5.527822183282867
4216 1601 29.366297545893435
4216 4223 10.172521600467343
4216 4232 10.37339712643914
4217 4222 9.93234387549909
4217 4230 17.33141626371149
4217 4227 38.73398076285079
4218 4164 12.78542450629782
4218 5726 24.716080755720494
4218 4231 41.20807609148935
4219 4210 9.019603834187839
4219 4206 18.597817303081104
4219 5726 18.72564782849201
4220 4207 7.023040724744289
4220 4226 8.274372218412363
4220 1613 18.692016630719863
4221 4164 9.404474679227013
4221 4213 14.429117539885056
4221 4206 5.776841883444387
4222 5723 4.720162777240353
4222 4217 9.93234387549909
4222 5726 19.542280749505803
4223 3489 7.28407141159647
4223 4211 8.114946544434702
4223 4216 10.172521600467343
4224 1133 3.149661884936745
4224 4201 12.110339594295322
4224 8833 12.97965659817627
4225 1613 20.792694800345163
4225 4211 7.200771605131867
4225 4226 8.111301466648767
4226 4202 7.165039990433031
4226 4220 8.274372218412363
4226 4231 32.62714102584117
4226 4225 8.111301466648767
4227 5727 25.47589102825385
4227 4217 38.7339807628508
4228 4212 0.8774492115711238
4228 3252 18.40832638493009
4228 4215 5.527822183282867
4229 4210 9.067883721243705
4229 3253 15.978985470608952
4229 4230 11.724645425888601
4230 4217 17.33141626371149
4230 4229 11.7246454258886
4231 4218 41.20807609148935
4231 4226 32.627141025841176
4231 3252 26.903065538874188
4232 1641 2.4468523080702114
4232 1608 18.713523406045965
4232 4216 10.37339712643914
4233 1607 18.908923511364762
4233 4444 5.779064560081894
4233 1641 3.1872004831129686
4234 8934 8.889241108027331
4234 815 0.6588318093202153
4234 4207 13.468769838700258
4235 1596 4.694249912888032
4235 1610 4.960697225209227
4235 973 15.651175271499861
4236 4237 1.337109652448177
4237 4236 1.337109652448177
4237 4340 1.038282522411392
4237 8132 12.244718730529264
4238 9147 4.901695642502361
4238 5783 5.401110932735589
4238 9150 21.131903600590217
4239 4242 1.8776302671697644
4240 4241 3.436885161010808
4241 4240 3.436885161010808
4241 115 1.5082394170271698
4241 4242 11.05919371465068
4242 4243 1.3355692461603867
4242 4241 11.05919371465068
4242 4239 1.8776302671697644
4243 4242 1.3355692461603867
4243 116 4.592152799101983
4243 4253 4.580444045889017
4244 4245 6.475809197298004
4245 4244 6.4758091972980045
4245 106 3.9942197430929385
4245 1393 7.4430174891648635
4246 1389 3.0417244498750824
4247 1390 2.291211259744942
4248 4249 20.143002887038673
4249 1365 1.4802102848519363
4249 4248 20.143002887038673
4249 1364 18.71293439769227
4250 147 1.6208477144253546
4250 5677 8.833431844193333
4250 8222 45.49204623816941
4250 4252 8.912697315373595
4251 6345 9.773729262717305
4252 4250 8.912697315373595
4253 4257 4.136107585408953
4253 4243 4.580444045889017
4253 4256 2.633938271810192
4254 4256 2.769826283433261
4255 2163 2.800175652940788
4256 4254 2.769826283433261
4256 4253 2.633938271810192
4256 115 3.684059393164497
4257 4253 4.136107585408953
4258 1517 2.6770215218594706
4259 1517 1.348472233941207
4260 8679 1.0085155523616611
4260 4261 3.4369434589697065
4260 1533 4.15836693438121
4261 8681 0.8328340933076316
4261 1534 2.910911254102385
4261 4260 3.4369434589697065
4262 1534 0.838381061783377
4263 1534 1.6727535389341002
4264 7582 3.956819213232908
4265 9437 0.9066102327729647
4265 9440 1.9835439296343276
4266 3752 18.022395898484476
4266 4576 1.5339187848066482
4267 4268 9.363069773660087
4267 512 11.3095439418308
4267 3772 10.843764946227934
4268 4267 9.363069773660087
4269 3763 1.0241052032077242
4269 7662 1.1644388248731834
4269 3758 2.3806276847867256
4270 1863 0.5112864131567392
4270 7352 0.6020960855441615
4270 4271 4.820590814399032
4271 1862 1.976456649986014
4271 1861 9.880721013907197
4272 8980 16.359677257787215
4273 3750 1.0040297721946243
4274 4275 0.8733329140504579
4275 4276 4.052049749714253
4275 4274 0.8733329140504579
4275 8855 0.9938751874100004
4276 3752 3.747524197863222
4276 4275 4.052049749714253
4276 3754 3.876702205419449
4277 3764 8.488928896557328
4277 3760 3.8877125969108084
4277 7673 3.828300590141162
4278 4282 1.516198044637307
4279 4280 1.516475350854652
4279 3768 2.6116889459615074
4279 7292 1.1090969451024582
4280 4279 1.516475350854652
4281 4282 1.79518619514218
4282 3755 3.987212392213915
4282 4278 1.516198044637307
4282 4281 1.79518619514218
4283 9243 0.2692366818756539
4284 9243 1.336866786073675
4284 7291 0.9094877493800079
4284 9241 4.4275672826026895
4285 599 1.529183487909179
4286 3980 6.099269925365674
4286 535 4.8989978957888445
4286 4288 9.611748849082556
4287 3980 3.2005222243041986
4288 3981 8.199738381746796
4288 4286 9.611748849082556
4288 3980 9.230418297106535
4289 599 1.565828870673724
4290 6042 1.9688466481058147
4290 6039 1.5927494146474421
4291 1592 16.835377837845826
4292 8874 9.84007121662271
4292 1706 9.272499171083387
4292 1702 9.695096727887973
4293 1706 6.886108812667068
4294 4295 3.8088850642932126
4295 4294 3.8088850642932126
4295 4297 2.5270437484774058
4295 4296 2.825434281244145
4296 4295 2.825434281244145
4297 1707 3.6729684276114556
4297 4295 2.5270437484774058
4297 1708 6.947597306925109
4298 2302 2.863160690180789
4298 3139 3.5096098655609973
4298 4299 11.517988001848714
4299 3145 3.845797578856153
4299 3146 2.985089046553192
4299 4298 11.517988001848714
4300 4301 8.847689683890096
4301 3144 7.35948044103147
4301 1708 9.52749413930597
4301 4300 8.847689683890096
4302 3141 2.769850642945459
4303 4311 7.042155790121263
4303 2301 7.362554065390038
4303 634 11.381505624261465
4303 7853 2.17051170933096
4304 3483 0.8297321264086985
4304 2303 17.120735870651256
4304 1300 5.3467267956444795
4305 8292 2.418412728446982
4305 4306 4.283162746297881
4305 5494 2.4055550919802777
4306 1403 6.729272105667988
4306 8269 6.894564546652435
4306 4305 4.283162746297881
4307 3137 3.845044049087099
4308 1702 1.3313176622531357
4308 1703 5.165772424255877
4308 3151 3.8899411619445097
4309 145 8.326624945915187
4309 6558 9.648362240322957
4309 3599 4.344695821963813
4310 1709 1.3297249729389333
4310 1710 8.260184246194035
4310 3136 8.340422076675113
4311 4303 7.042155790121263
4311 3143 11.128239796336636
4312 2303 11.83513635158669
4313 660 8.13373772824081
4313 1253 10.041469661701065
4313 2137 6.259803889915458
4314 750 5.552255239010248
4314 9317 7.889240452496549
4314 3983 12.015138461638855
4315 4316 11.772470698637742
4316 4958 1.448717981797794
4316 4318 2.6705817778449013
4316 4315 11.772470698637743
4317 4318 2.8308721594424915
4318 4317 2.8308721594424915
4318 4316 2.6705817778449013
4318 1010 5.290223003538199
4319 4906 2.4507393234040697
4319 1319 3.2384060696839887
4319 4010 12.038506058014793
4320 4321 4.762319742671612
4321 1460 6.184986089855935
4321 4320 4.762319742671612
4322 7356 0.8690184247919123
4322 7354 0.5030356310997317
4323 4341 1.0455101954429418
4323 3765 5.168793808983303
4323 5345 1.3690121986125932
4324 7683 0.8657687760652988
4324 4349 0.9448087174638949
4324 3042 14.375743390245788
4325 3035 4.216241695369549
4325 7298 7.117098862186061
4325 4332 3.7179399780823372
4326 4346 1.6244982961026826
4326 9426 0.8261709341834333
4326 4329 2.4427000780804886
4327 4333 7.847386384692317
4327 4328 6.629882959187871
4327 4899 5.370325403596955
4328 4897 5.826412515033192
4328 3032 7.312079393783889
4328 4327 6.629882959187871
4329 7992 4.615721268167005
4329 4326 2.4427000780804886
4329 4330 7.535316857794028
4330 4331 7.105402240998747
4330 4329 7.535316857794028
4330 9075 6.456565597718605
4331 4388 0.8692121540351551
4331 7691 0.8754310393087348
4331 4330 7.105402240998745
4332 4325 3.7179399780823372
4333 4335 4.980208715169531
4333 4327 7.847386384692317
4333 4334 3.375677421780597
4334 4333 3.375677421780597
4335 4333 4.980208715169531
4336 4337 1.8650592168847304
4337 4336 1.8650592168847304
4337 4339 1.9977297945938177
4337 4338 1.7932518819263863
4338 4337 1.7932518819263863
4338 3042 3.8802324775634616
4338 8132 15.681078001346247
4339 4337 1.9977297945938177
4340 4237 1.038282522411392
4341 4323 1.0455101954429418
4342 7684 1.0451149637446742
4342 4350 1.6361437632061429
4342 3039 8.158953711609314
4343 3044 1.1527056641220164
4343 7295 0.9519309566231136
4343 3043 5.766193188462308
4344 3041 1.0898688938011845
4344 4348 1.7421957816559297
4344 3042 5.176000799822783
4345 3036 3.274408622976733
4345 7685 11.514958482064003
4345 4347 4.13411868766141
4346 9424 0.7559817734891251
4346 9425 4.643748116620387
4347 4345 4.1341186876614096
4348 4344 1.7421957816559297
4349 4324 0.9448087174638949
4350 4342 1.6361437632061429
4351 2400 2.5245537255786474
4351 4352 3.8729577536343234
4351 9283 5.300797732398436
4352 4353 5.4399332792615915
4352 4351 3.8729577536343234
4352 2404 3.450915111842468
4353 2401 3.6778919084867234
4353 4352 5.4399332792615915
4353 2402 7.473179774312145
4354 4355 7.506252695226854
4354 1817 42.43472242741432
4354 1818 6.115110308636373
4355 4354 7.506252695226854
4356 843 5.01254518158734
4356 4364 5.764746733308554
4357 5785 11.539835908186697
4357 5786 6.3824610359686185
4357 4360 6.669271873289841
4358 5155 2.0627041263620014
4359 5786 2.9401814494320444
4359 4411 3.168261512916617
4359 4363 10.611153514560652
4360 4362 5.242576187741724
4360 4361 7.867806285071851
4360 4357 6.6692718732898415
4361 4360 7.867806285071851
4362 4360 5.242576187741724
4363 4359 10.611153514560653
4364 4411 3.516430180385139
4364 4356 5.764746733308554
4364 4365 7.812148592707915
4365 4364 7.812148592707915
4366 4370 8.173789522964361
4366 844 4.687408443399803
4366 4367 8.15753476497501
4367 4368 1.023304611151136
4367 4369 0.9539816106943658
4367 4366 8.15753476497501
4368 4367 1.023304611151136
4369 4367 0.9539816106943658
4370 4371 7.276261036845176
4370 4374 7.017051067563185
4370 4366 8.173789522964361
4371 4372 1.039924120889739
4371 4370 7.276261036845176
4371 4373 0.8167893722250532
4372 4371 1.039924120889739
4373 4371 0.8167893722250532
4374 4375 6.72391758782627
4374 4422 8.449194433137958
4374 4370 7.017051067563185
4375 4376 1.2031605656402622
4375 4374 6.72391758782627
4375 4377 1.0556916866249366
4376 4375 1.2031605656402622
4377 4375 1.0556916866249366
4378 4379 7.108014413138783
4378 4380 6.409809783788613
4378 4422 10.332430204289054
4379 4431 0.5803323745276839
4379 4378 7.108014413138783
4379 8405 0.686281188394958
4380 4423 3.751353086266641
4380 4381 12.934714622747189
4380 4378 6.409809783788613
4381 4383 1.2059983432769
4381 4382 2.1815826811542913
4381 4380 12.934714622747189
4382 4381 2.1815826811542913
4383 4381 1.2059983432769
4384 4424 6.436948461945223
4384 4423 2.853936107721148
4384 4385 15.333608711643446
4385 4384 15.333608711643446
4386 7675 0.9124180134677476
4386 595 4.271923082788631
4386 598 1.7967834803221392
4387 602 9.733035778875069
4388 4331 0.8692121540351551
4389 1422 7.4027390151226795
4390 6004 1.4339527811400352
4390 6008 1.5474115809751636
4391 4392 8.005756920982673
4391 8685 2.4148530120935763
4391 468 8.711701685166041
4392 6913 3.3158281442352107
4392 4391 8.005756920982673
4392 7982 2.156406440301603
4393 5082 10.63113320061224
4394 4395 7.104844592798404
4394 1668 6.20838491481336
4394 3240 9.214678435626476
4395 4394 7.104844592798404
4396 5029 5.452541972782804
4396 5024 9.93138407967465
4396 4397 7.154858789840616
4397 4398 7.820411280945285
4397 3634 8.902014507740082
4397 4396 7.154858789840616
4398 871 2.2244989048762576
4398 4397 7.820411280945285
4398 4399 2.4742043303604637
4399 3634 2.7998072345616793
4399 4398 2.4742043303604637
4399 4404 19.37133034064562
4400 5649 2.4081361144911124
4400 8466 29.336867339199802
4400 5641 4.435571541862307
4400 5643 3.2126300150381777
4401 7757 12.837533738285892
4401 4402 7.884808800364635
4401 4406 1.9103964690802029
4402 4408 7.541748315337781
4402 4403 4.8360020194373075
4402 4401 7.884808800364635
4403 4404 9.565805041014677
4403 838 14.556986347660256
4403 4402 4.8360020194373075
4404 4403 9.565805041014675
4404 7764 3.678330862663302
4404 4399 19.37133034064562
4405 4406 5.046369142414512
4405 7764 18.472063672642957
4405 8951 9.761935005560938
4406 4405 5.046369142414512
4406 4401 1.9103964690802029
4406 5648 5.687497914535357
4407 7757 0.8684377394764176
4408 4402 7.541748315337781
4409 4410 2.640216537436143
4410 5648 16.119030625939388
4410 4409 2.640216537436143
4410 5641 30.123095184982414
4411 4359 3.168261512916617
4411 4364 3.516430180385139
4411 8919 10.426405017842988
4412 844 11.799499226607589
4412 843 6.7018542346571595
4412 4416 12.128234770266353
4413 5152 3.4467487729209823
4413 843 11.391768619770973
4413 4414 7.745113696493867
4414 4415 1.0639178181777116
4414 8192 7.160261330522215
4414 4413 7.745113696493866
4415 4414 1.0639178181777116
4416 4412 12.128234770266356
4417 4418 2.978393882435969
4418 4417 2.978393882435969
4418 4419 9.271014920133611
4418 844 11.380588703613869
4419 4418 9.271014920133611
4420 3911 4.269952211949077
4420 2410 11.596335193598785
4421 47 4.661272003502394
4421 8802 2.6236749996807784
4422 4378 10.332430204289052
4422 4374 8.449194433137958
4422 4430 6.4701115810509355
4423 4428 6.3704735413486135
4423 4384 2.853936107721148
4423 4380 3.751353086266641
4424 4384 6.436948461945223
4424 4426 11.869148791830451
4424 841 8.187261277915173
4425 841 10.936912366815918
4426 4424 11.869148791830451
4427 4428 2.6370993159086566
4428 4423 6.3704735413486135
4428 4427 2.6370993159086566
4428 4429 16.24498400951266
4429 4428 16.24498400951266
4430 8403 0.6838067750015304
4430 8404 0.6631460887321496
4430 4422 6.470111581050936
4431 4379 0.5803323745276839
4432 5272 4.710444324301566
4432 6333 12.599449099798031
4433 4434 2.9174791013425256
4433 4446 9.520657101970608
4433 5706 4.336658207542992
4434 4433 2.9174791013425256
4434 4461 5.048828130469614
4434 4435 12.036031405461674
4435 5707 1.1653083163976774
4435 4455 5.219144094006009
4435 4434 12.036031405461676
4436 4437 5.067376263180219
4436 5707 2.02629213090529
4436 1177 7.700195049922893
4437 4436 5.067376263180219
4437 1176 7.56025976346305
4437 1620 11.200614860729454
4437 4205 4.088460139111238
4438 4205 0.8014314499842722
4438 1611 5.65084263651172
4438 4439 4.644297020895722
4439 4209 3.9738481153601275
4439 1609 15.246887129262104
4439 4438 4.644297020895722
4440 1606 19.60779388984895
4440 4441 2.166683328641093
4440 4209 2.671061597261744
4441 1174 12.581556555193847
4441 7141 1.3677149921581206
4441 4440 2.166683328641093
4442 1640 6.135110761263357
4442 4443 3.1108826008987744
4442 7141 3.453489932175288
4443 1605 24.77564810278638
4443 4214 1.8051346997444406
4443 4442 3.1108826008987744
4444 5663 1.0604018986553425
4444 4233 5.779064560081894
4444 1602 29.923075507745736
4445 4457 6.8007075293763535
4445 3525 7.9477592927116785
4445 420 10.263497973589221
4446 3525 19.362392640958042
4446 4433 9.520657101970608
4446 4450 14.314019372482433
4447 955 2.3939907946706604
4447 817 10.399136171466523
4447 7140 8.35824306520052
4448 955 2.3123206758888
4448 4456 8.602750728140911
4448 941 5.22291883381601
4449 419 3.3480851261692433
4449 817 4.95040986269018
4449 4459 5.255129903557571
4450 1178 2.9211022610237283
4450 4446 14.314019372482433
4450 1177 6.4303571264975306
4451 1612 4.6239700282459095
4451 1172 5.161763388728721
4451 4452 7.137039931388906
4452 1175 0.8629087302933321
4452 259 3.265815848798404
4452 4451 7.137039931388906
4453 1639 6.223297064342513
4453 1638 5.567809438841371
4453 4454 4.5349541724644595
4454 4453 4.5349541724644595
4455 4435 5.219144094006009
4456 4448 8.602750728140911
4457 4445 6.8007075293763535
4458 4459 0.8975560652360147
4459 4460 1.989457980626826
4459 4458 0.8975560652360147
4459 4449 5.255129903557572
4460 4459 1.989457980626826
4461 4434 5.048828130469613
4462 4466 14.300058544574595
4462 812 6.666921117871872
4462 5698 5.97942971079374
4463 461 1.849589470778058
4463 4464 7.795833279532779
4463 6158 5.9562350719283685
4464 4463 7.795833279532779
4464 4466 8.202901748834783
4464 1137 6.684308002891935
4464 7961 9.461091696792963
4465 4466 5.2485951518993925
4466 4462 14.300058544574595
4466 4465 5.2485951518993925
4466 4464 8.202901748834783
4467 581 5.328274952833376
4468 4473 8.374740806490747
4468 1105 8.774571502093734
4468 1106 8.873599912924517
4469 308 4.833542015308671
4469 1626 2.2865777503180067
4470 1624 1.6328483763863684
4470 1623 2.6179304789518407
4470 4473 16.05200561827245
4471 4472 1.5491805361961533
4471 4474 7.246166121168007
4472 4469 12.526038179990225
4472 4471 1.5491805361961533
4472 4473 3.892230615960306
4473 4470 16.05200561827245
4473 4468 8.374740806490747
4473 4472 3.892230615960306
4474 4471 7.246166121168007
4475 1121 2.350421771751021
4475 4505 5.562157298220623
4475 1122 6.526036373558157
4475 4485 4.263250134760196
4476 1120 6.733075887542203
4476 4503 8.250956787379947
4476 4487 9.503833829249176
4477 4480 5.310132746157464
4477 4483 0.9895297482895732
4477 400 10.417358880621057
4478 4966 13.135051997636578
4478 1120 9.894605192757563
4478 4486 18.621842692441113
4479 4480 2.4407315847661817
4480 4481 1.2510842264241586
4480 4479 2.4407315847661817
4480 4477 5.310132746157464
4481 4480 1.2510842264241586
4482 4483 6.934545484738521
4482 4512 13.787044831304247
4482 7962 8.442252234353964
4483 4477 0.9895297482895732
4483 4482 6.934545484738521
4483 1122 7.334300457969887
4484 7962 0.6217879448923687
4485 4475 4.263250134760196
4486 4478 18.621842692441113
4487 6532 1.6082759070525092
4487 6534 1.008136846909591
4487 4476 9.503833829249176
4488 2295 1.4988250263247966
4488 2294 2.4758215261822634
4488 2299 4.865541546287902
4489 4493 4.4591576922488905
4489 4491 9.604666607091142
4490 250 2.4046118351019636
4490 4492 6.1289459050287
4491 6493 5.455695403431182
4491 390 8.115632469001312
4491 4489 9.604666607091142
4492 4493 11.775386206240597
4492 5718 3.4472469383270914
4492 4490 6.1289459050287
4493 4489 4.4591576922488905
4493 4492 11.775386206240599
4493 7398 5.580858442808282
4494 4495 12.399696002057292
4495 4500 3.940794902293623
4495 4498 1.859984353935712
4495 4494 12.399696002057293
4496 7968 1.1783856495352714
4497 8028 7.895162625660043
4497 4500 2.0765905991696676
4497 7968 14.140216821014196
4498 4495 1.859984353935712
4498 385 5.971061903549962
4498 9415 5.8538121181074185
4499 4500 5.583217563006778
4500 4495 3.940794902293623
4500 4497 2.0765905991696676
4500 4499 5.583217563006779
4501 7966 3.6894971910019705
4501 6486 3.6223167876674287
4501 3564 7.66433978297445
4502 8849 1.7612395364208724
4503 1119 1.4647542699311569
4503 4476 8.250956787379947
4503 2310 6.48462258277451
4504 1119 6.2047842539979365
4504 1118 11.516684979435116
4504 4506 2.503289586192096
4505 4475 5.562157298220623
4506 4507 2.8953266751613222
4506 4504 2.503289586192096
4506 8847 12.03626185468964
4507 4506 2.8953266751613222
4508 4510 0.8052526844968945
4509 4510 1.1375774311706843
4510 4508 0.8052526844968945
4510 4509 1.1375774311706843
4510 8482 8.60627930200192
4511 7731 5.648209100324492
4511 4515 9.993255173747533
4511 5056 5.798859202876326
4512 4482 13.787044831304247
4513 4514 9.684191166075928
4514 4513 9.684191166075928
4514 4515 12.779667225620074
4514 4530 9.75301008719969
4515 5055 8.26409293489725
4515 4511 9.993255173747533
4515 4514 12.779667225620074
4516 5078 0.8544018716230549
4516 1417 6.668298567593553
4516 3334 10.020344406421017
4517 3335 3.3044028308869575
4517 1031 8.920340520390306
4517 5053 11.818098444407207
4518 4519 3.935572545666805
4519 4518 3.935572545666805
4519 8285 2.936107657965959
4519 4522 16.249612999855657
4520 8625 3.7861694860952784
4521 8625 1.5994690215477911
4521 4526 3.851012580105194
4521 8622 8.67764417691392
4522 4519 16.249612999855657
4522 3545 10.772881039964638
4522 4526 3.554623345423567
4523 3560 7.099580013386027
4524 3560 4.049452081279085
4525 2294 2.7601553621964294
4525 2292 3.7557584417644576
4525 7955 6.76523752005485
4526 2292 5.871788237567769
4526 4522 3.554623345423567
4526 4521 3.851012580105194
4527 6477 2.1247601052815455
4527 1105 7.0357287656471446
4527 3554 10.607690488273056
4528 6477 3.45641787792389
4528 5746 2.6453676662299634
4528 8287 5.374243430531049
4529 8790 4.362998598009794
4530 4514 9.753010087199693
4530 5058 5.30304121071702
4530 5054 8.93253550199613
4531 1048 2.2240083122950742
4531 3537 7.292348475193588
4531 2317 5.461993331143262
4532 1859 16.765143128545756
4532 8098 6.463248304212704
4532 4534 21.220882446503342
4533 4534 1.3519373994635793
4534 4533 1.3519373994635793
4534 8102 1.7214998036572142
4534 4532 21.220882446503342
4535 868 7.09828075197377
4535 3674 12.065265655443149
4535 4556 8.123810654617747
4536 4555 9.559580948657059
4536 5834 18.671747571599834
4536 4888 3.6323150227439034
4537 5861 3.4710716174557033
4537 5284 22.656956421044594
4537 6275 24.099807510839778
4538 5825 8.138859585424628
4538 2088 7.6676430549324746
4538 5137 16.965933921997355
4539 7518 7.309891357661979
4539 837 9.319718060178543
4539 4567 20.62327213548286
4539 5822 28.570010657288964
4540 4541 15.687984984902775
4540 7518 14.06037951660479
4540 4559 5.538016260523906
4540 5822 8.82214051422256
4541 4542 14.172330797010272
4541 4540 15.687984984902778
4541 4564 8.243367735455086
4542 864 9.550430906660837
4542 4541 14.172330797010272
4542 4563 8.23434582697683
4542 5822 37.08892437043964
4543 702 13.79239454493322
4544 4639 3.9628117914109016
4544 4634 48.608150436407804
4544 8709 7.4008208249878225
4545 8518 0.8666583743562948
4545 4639 16.420994504114283
4545 6227 27.1936559450346
4546 8518 6.129545023383355
4546 4547 5.594882945120651
4546 6269 22.54895852990007
4547 4548 8.436919872466865
4547 4546 5.594882945120651
4547 6267 17.739562874741832
4548 4547 8.436919872466865
4548 4179 5.974578876172451
4548 4549 19.44724633145295
4548 6268 5.096838671660804
4549 8770 4.471232696255992
4549 5599 5.750666815243066
4549 5598 5.034245967934687
4549 4548 19.447246331452945
4550 8770 3.9872826437217372
4551 5658 3.333474995664323
4551 4552 6.3343603810447195
4551 4179 28.043470876902834
4552 4649 8.785639938109181
4552 4644 10.496687445010775
4552 4551 6.3343603810447195
4553 5862 15.513652120994902
4553 4558 8.082804249613176
4553 4557 8.255143652087273
4553 8046 8.068040518300373
4554 4564 8.064609350253942
4554 4555 14.01027721751588
4554 8046 11.574871768239511
4555 4563 8.053106260171534
4555 4562 8.243160999675242
4555 4536 9.55958094865706
4555 4554 14.01027721751588
4556 4535 8.123810654617744
4556 5843 7.656379300202517
4556 5841 12.48160181945443
4557 4553 8.255143652087273
4557 5823 8.000294187287487
4557 5862 13.739162265360763
4558 4559 5.12206088566227
4558 4553 8.082804249613178
4558 4564 19.688880003521074
4559 4558 5.12206088566227
4559 4540 5.538016260523906
4559 7539 13.27625557181863
4560 4561 9.255183778826714
4560 5282 19.990351507862066
4560 6275 9.83086271351662
4561 4562 8.117241146021286
4561 4560 9.255183778826716
4561 4565 25.461245172932465
4562 4555 8.243160999675242
4562 4561 8.117241146021286
4562 5823 25.52245795927963
4563 4542 8.23434582697683
4563 4555 8.053106260171534
4563 4564 14.090309615163065
4564 4558 19.688880003521074
4564 4563 14.090309615163065
4564 4554 8.06460935025394
4564 4541 8.243367735455088
4565 5823 8.193200714952319
4565 5132 9.242140521004451
4565 4561 25.46124517293247
4566 5862 11.946999230614429
4566 4567 6.249107253898474
4566 4672 4.426177192681404
4567 7539 9.768559079397303
4567 4566 6.249107253898474
4567 4539 20.62327213548286
4568 5491 6.816362964701834
4568 4570 7.949060472002968
4568 1646 10.118963599327778
4569 4571 4.414001521509549
4569 814 14.871976661571004
4569 1645 5.488572580860603
4570 4568 7.949060472002968
4571 4569 4.414001521509549
4572 6599 12.133782743712331
4572 5072 4.007577789103169
4572 8611 7.237369688115211
4573 5065 10.19440316366457
4573 8611 7.11191256588056
4573 4574 18.014100780508087
4574 4573 18.01410078050809
4575 2356 14.499571596197658
4576 4266 1.533918784806648
4576 4577 4.435940360067851
4577 4576 4.435940360067851
4578 4582 4.431008309684845
4578 4579 12.533020616800972
4579 4578 12.533020616800973
4579 4580 6.645975913710339
4579 842 17.43246003963132
4580 4581 5.353868929687304
4580 4579 6.6459759137103385
4581 4580 5.353868929687304
4582 4584 3.2073126861331347
4582 4578 4.431008309684845
4583 4584 0.7223313062193628
4584 4582 3.2073126861331347
4584 4583 0.7223313062193628
4584 7590 1.0477124225355643
4585 4591 6.7837766137888265
4585 6462 8.34825788693449
4585 2827 4.64229491480254
4586 6464 1.2843737336405734
4586 8128 6.062154737674096
4586 2827 5.944668901878515
4587 2652 1.4454552588263323
4587 7325 45.944010104367614
4587 2654 6.873841520872713
4588 5808 4.66019430324647
4588 1237 6.7402822641492115
4589 5802 4.018190414857089
4590 8128 0.6994481597600812
4591 4585 6.7837766137888265
4592 9062 11.007450387319285
4592 2657 18.854364157811222
4592 4593 8.149348100641479
4593 4592 8.14934810064148
4594 2621 6.008528003642506
4594 2622 8.33586940803237
4594 2630 31.658995185308186
4595 2682 6.994389171823045
4596 4597 5.226437506512996
4597 4596 5.226437506512996
4597 2677 7.640019518486355
4597 2676 10.48341042608725
4598 4607 3.1361784086055575
4598 4599 4.117866231035875
4598 2698 6.57684567998163
4599 2769 4.890662009003243
4599 4598 4.117866231035875
4599 4606 6.106334971927007
4600 2701 1.7636137608152822
4600 2694 8.057354558528596
4600 2747 5.308648475000449
4601 8964 0.9198248530813641
4601 6434 6.952995239916931
4602 7577 3.4467836183966485
4602 2747 14.674385601654462
4602 4604 5.695467555114018
4603 2750 9.175492141238955
4603 2700 12.211864170191443
4603 4605 6.3101034101429345
4604 4602 5.695467555114018
4605 4603 6.3101034101429345
4606 4599 6.106334971927007
4607 4598 3.1361784086055575
4607 7946 0.9444165351180969
4607 7947 0.8854266284777917
4608 2723 7.81819277555033
4608 2722 8.165237296965943
4608 2706 24.55648946482967
4609 2288 6.614924353623826
4610 6388 0.9618662890821907
4611 2512 0.7490278946160959
4612 1859 3.513716147254175
4612 4613 9.198114351671231
4612 1861 7.273072689718089
4613 4612 9.198114351671231
4614 2856 9.197785166642467
4614 8156 5.169616137583033
4614 8159 5.613477814135244
4615 8156 0.3286592143554407
4616 2645 7.811602655768951
4616 2644 16.8881778023081
4616 4630 3.8307901620230336
4617 2647 5.545032757563945
4617 4618 8.221725183509601
4617 4624 6.305364070654863
4618 4617 8.221725183509601
4618 4619 7.8110658067898004
4618 4621 6.764581408230245
4619 4618 7.8110658067898004
4619 4623 5.565603929480928
4619 2476 3.6993492249168756
4620 2648 8.178099798084686
4620 2649 8.102264256306519
4620 4627 7.287898279413494
4621 7003 0.9466292754087208
4621 7002 0.6172373204433479
4621 4618 6.764581408230243
4622 4623 1.296396361404314
4623 4622 1.296396361404314
4623 7004 0.9622234261471503
4623 4619 5.565603929480928
4624 7000 0.7767261883393741
4624 6998 0.7668911924018217
4624 4617 6.305364070654863
4625 2485 5.974773931899976
4625 2943 6.91564662801374
4625 4628 8.816767262589124
4626 4629 3.6152636249614587
4626 2943 7.192095902942193
4626 2942 23.089056945776353
4627 6986 0.8931833018479707
4627 4620 7.2878982794134926
4627 6985 0.7362552239615625
4628 8138 0.875749393664998
4628 8139 0.8789144954262048
4628 4625 8.816767262589124
4629 4626 3.6152636249614587
4629 6982 1.0810967882933697
4629 6981 0.9002971625183331
4630 4616 3.8307901620230336
4630 7001 1.0158612392817594
4630 6999 0.8771726004484166
4631 4051 23.099945960742588
4631 4633 6.456516316841263
4631 4637 5.87195823181908
4632 4050 24.614265561527155
4632 4054 8.687333113970036
4633 4059 9.519346243804554
4633 1886 7.268940659699541
4633 4631 6.456516316841263
4634 4544 48.60815043640779
4634 4635 15.199326464470134
4634 863 2.2399799406605516
4635 7897 3.6635541970313734
4635 4634 15.199326464470131
4635 4669 27.10109665343448
4636 7892 1.4097709342052311
4636 2272 5.1110485285722564
4636 9254 4.340538762092979
4637 4646 15.745131715404527
4637 4631 5.87195823181908
4637 7895 4.149392453210384
4638 9213 13.617126021979193
4638 7424 9.854941574322584
4638 4667 9.350476163230088
4638 4684 5.432573862350888
4639 4544 3.9628117914109016
4639 4545 16.420994504114283
4639 7428 5.42846788111151
4640 5993 2.182644989631845
4640 4641 3.1524839744902384
4640 6276 10.327956353716809
4641 5108 0.25716110322229835
4641 4640 3.1524839744902384
4641 6232 12.466268229307211
4642 8779 11.902585253167658
4642 4645 4.396643991396238
4642 6229 2.3221291257802434
4643 7899 0.7828357683885787
4643 6273 12.206605779905308
4643 5993 1.6116913464782854
4644 4645 6.390437744102013
4644 862 6.207297847001442
4644 4552 10.496687445010775
4645 4644 6.390437744102013
4645 4179 5.597194067356158
4645 4642 4.396643991396238
4646 4637 15.74513171540453
4646 7816 6.723487520369219
4646 7821 11.032398374558385
4647 5108 9.56919077431659
4648 7315 8.261417111409497
4649 4552 8.785639938109181
4650 6288 1.2709164605483447
4651 2255 1.475904920124677
4652 5687 0.4915653763947999
4652 6976 14.550695443719436
4653 7880 18.498377350057165
4654 1808 8.29977219159815
4654 1878 6.747937792976936
4654 4655 3.735420160524953
4655 4654 3.735420160524953
4656 3422 48.3838555506252
4656 1756 7.943161801060867
4657 855 13.843491405820473
4657 4662 19.657006822501213
4657 4678 19.529507771668754
4658 4659 9.13418747623569
4658 855 10.540120664155396
4658 7722 6.548202851241492
4659 7604 11.858763369615408
4659 4658 9.13418747623569
4659 4674 10.332439772428271
4660 7473 3.1061671405056375
4660 4661 31.613108047112924
4660 4662 31.665941820661107
4661 7464 7.024607276000157
4661 7611 8.674966191353745
4661 4660 31.61310804711291
4662 4657 19.657006822501213
4662 4660 31.665941820661107
4662 4679 4.4401856292003306
4663 4685 5.134094878952863
4663 7485 10.269174132032667
4663 5569 6.835777270058422
4664 4665 8.50208617235882
4664 5569 8.74744799315411
4664 6334 8.986451852426512
4665 5604 23.6121221006045
4665 6285 16.09121139395246
4665 4664 8.502086172358819
4666 7733 10.135099026573572
4666 652 7.952311745281712
4666 836 8.545658877561769
4667 4681 7.202811006269288
4667 4638 9.350476163230088
4667 859 7.557324514014771
4668 4669 1.6116043799500905
4668 859 8.918372642714184
4668 5870 14.453857941241514
4669 4668 1.6116043799500905
4669 4670 3.109799770356814
4669 4635 27.101096653434478
4670 4669 3.109799770356814
4670 4683 10.713362911896423
4670 8689 5.867879442086735
4671 4672 3.468469220411298
4671 8350 6.113664446083627
4671 8352 3.5894134221403813
4672 4566 4.426177192681404
4672 4865 14.549733289987357
4672 4671 3.468469220411298
4673 865 1.8567285552975572
4673 8364 6.52588530977135
4673 837 7.975882243146497
4674 4659 10.33243977242827
4674 4675 6.64166857793198
4674 7479 8.572882181670023
4675 4674 6.64166857793198
4676 7715 7.203830637616475
4677 7593 0.834190017263649
4678 7467 9.91147754161392
4678 4657 19.529507771668747
4678 7465 10.762595543787622
4679 4662 4.4401856292003306
4679 7458 6.570100755943383
4679 7469 10.706515544732294
4680 7473 6.6017262703960515
4680 7457 4.267735565741139
4680 7466 9.27567621479927
4681 4667 7.202811006269288
4682 5868 2.5460218849555534
4682 5867 4.137250859219447
4682 5870 7.74608365707522
4683 8718 1.363990445900214
4683 8717 1.1862455042009807
4683 4670 10.713362911896425
4684 7414 0.47080064216162465
4684 4638 5.432573862350887
4684 5877 13.538286245912296
4685 4663 5.134094878952862
4685 7706 5.408023806656562
4685 7495 10.74642895340441
4686 8369 10.352773850703278
4687 3674 14.974967953360284
4687 867 19.824714973207318
4687 4697 9.90511610746737
4688 867 1.1928903182183266
4688 8367 8.131677560311365
4688 865 18.695858830285143
4689 7856 24.07160281962701
4689 4690 4.9037154952826025
4689 867 3.8585638937094013
4690 4702 18.198781901121873
4690 4689 4.9037154952826025
4690 4691 1.9181857817779793
4691 7558 10.938363298181658
4691 4692 8.743176291809421
4691 4690 1.9181857817779793
4692 5846 11.56019240289191
4692 5643 6.238973944285794
4692 4691 8.743176291809421
4693 9145 2.9083734562056955
4693 9074 7.204384731868684
4693 8370 7.990391727348142
4694 4698 6.551389227397432
4694 4697 6.659882047616707
4694 7558 8.211236650019481
4695 4696 8.788805787338738
4695 5846 8.688548488587653
4695 4698 10.689219849997334
4696 3675 4.809452540138695
4696 4695 8.788805787338738
4696 4700 7.38284798390855
4697 4694 6.659882047616707
4697 4698 19.95875701830768
4697 4687 9.90511610746737
4698 4694 6.551389227397432
4698 4697 19.958757018307683
4698 4695 10.689219849997334
4699 4700 2.41371633553598
4699 5846 18.860626650868618
4700 4699 2.41371633553598
4700 4696 7.38284798390855
4701 7856 1.513789018709616
4702 4690 18.198781901121873
4703 1822 2.1360538647249947
4703 1821 2.159958643106545
4703 1819 6.822955850035253
4704 4705 2.2342040109761507
4704 7875 8.466619488459784
4704 1821 14.919242184266015
4705 4704 2.2342040109761507
4705 1816 6.933403059131097
4705 1823 18.00452719592077
4706 4707 0.6402483476650448
4707 4706 0.6402483476650448
4707 7878 1.0511043078539921
4707 7877 1.2092423772128187
4707 5667 6.425211141151745
4708 5681 0.512270341396792
4708 4652 12.940529110793873
4709 1288 3.8714696841424643
4709 4714 10.881233549748135
4710 2010 8.553312326238327
4710 1738 16.43217805426903
4710 3943 7.482476520227496
4711 1781 11.981358870212446
4711 1882 7.052053561725554
4711 1777 8.570345472334862
4712 1787 7.518073906071809
4712 1790 9.010057582459416
4712 1792 8.981033510980023
4713 3943 1.1779207730475985
4713 4723 8.374301331307649
4713 1295 8.082174801049565
4714 1288 4.401815616755217
4714 1294 4.08538056011119
4714 4709 10.881233549748135
4715 1295 3.5113597924151216
4715 1296 8.055156688752568
4715 8236 13.595409164157061
4716 4718 23.40699011576238
4716 6108 15.375806536676665
4716 3400 8.135004389288234
4717 1731 8.359498976509672
4717 1728 13.562190730983456
4717 1719 16.75202793937677
4717 3400 7.7477691866955425
4718 1734 8.41420008860973
4718 1778 14.820325162092805
4718 4716 23.40699011576238
4719 773 8.807952064594064
4719 1787 30.544818008166477
4719 1777 27.4607886528676
4720 1778 20.277718780968957
4720 1769 13.996477635691575
4720 1770 7.239112282064753
4721 1724 8.119118783491995
4721 1721 15.879248349423664
4721 1718 16.61843260597417
4721 1723 14.844089205178303
4722 1718 8.076597266596023
4722 1720 8.391897042926605
4722 4727 10.99223818064059
4723 4713 8.374301331307649
4723 8938 0.7631769661625758
4723 8937 0.9086903127563265
4724 1791 8.039142628539661
4725 1791 2.401582756373247
4726 1725 8.122308929089963
4726 1727 9.742865735782901
4726 1294 29.34426576194519
4726 1718 16.87213974366443
4727 4722 10.99223818064059
4728 1766 6.016193468174116
4728 4728 17.729923204800908
4729 1851 7.292745427488967
4729 1836 23.58237774540269
4729 3837 23.94872986086355
4730 4730 24.26786963761003
4730 1851 10.90074402185971
4731 3820 1.1712154535727808
4731 7876 0.8060814623885688
4731 3819 4.2165940962596915
4732 2413 7.6368343488936805
4732 5090 10.369270887850524
4732 4734 12.559932337158271
4733 4735 5.164650143037031
4733 1312 8.266036908765841
4733 974 29.49869803941373
4734 2412 5.806471509915994
4734 5032 2.8034433305032764
4734 4732 12.55993233715827
4735 4733 5.164650143037031
4735 5032 5.698317419120375
4735 8918 16.130630450278748
4736 44 2.4439203409995414
4736 5796 3.2963683816497076
4737 2658 8.912952244623396
4738 2751 7.053195032015234
4738 2693 14.399855457499328
4738 2753 16.133330238156496
4739 7404 1.032278018199132
4739 1313 3.0340264414488094
4740 2752 7.330102917693426
4741 7790 7.1323008498572396
4741 7282 6.330976054531394
4741 7279 8.005713219726964
4742 5660 4.877803626476323
4742 4801 11.77200135228196
4742 6761 6.812309357693194
4743 5410 21.189889538431167
4743 5145 9.747119345036559
4743 6798 8.695737905955022
4744 5409 6.03858240462094
4744 4768 3.213983859724648
4745 5417 6.9189804322744415
4745 5418 7.9526604900743765
4745 8577 4.183601166572323
4746 4802 19.672653030809254
4746 4783 6.660755083273966
4746 4791 18.90555662177125
4747 4765 8.954090990682468
4747 4752 16.722779792419317
4747 8421 27.01302553219552
4748 4788 6.645637293506271
4748 5443 19.213993770469113
4748 4763 1.3437962745879413
4748 7327 31.01599934914864
4749 4750 7.072876464754883
4749 5949 38.5244962707274
4750 4749 7.072876464754883
4750 4793 14.57903823425527
4750 5430 13.759409286235647
4751 4752 24.39233236133424
4751 4795 16.503827954134948
4751 6102 13.131018948729203
4752 4747 16.722779792419313
4752 4751 24.39233236133424
4752 5465 8.36317519562256
4753 8435 2.0479206309148017
4753 4785 2.0731621138820624
4754 7638 0.40341726086468727
4754 4785 15.159938129718693
4755 7789 2.2581564572904878
4755 4799 4.211624773829288
4756 4757 11.729711382122108
4757 658 5.294799464010559
4757 2126 10.178598609274204
4757 4756 11.729711382122108
4758 798 35.08112153112442
4758 793 10.160087561161912
4758 797 10.559840391997858
4758 4759 18.850235379742312
4759 2060 13.644953154245837
4759 656 9.58756317295843
4759 4758 18.850235379742312
4760 4761 3.898494410133617
4761 789 10.273925682848065
4761 1274 4.4643999120150974
4761 4760 3.898494410133617
4762 1751 13.344570106594329
4762 1760 7.300405593783352
4762 1753 24.09819984107645
4762 1758 10.255856214729565
4763 6175 13.14493778222632
4763 6173 9.302587238830299
4763 4748 1.3437962745879415
4764 4784 7.835090647044184
4764 2095 10.770362901121194
4764 4798 6.597666962716806
4765 1837 7.320982687300163
4765 8420 7.364241062550093
4765 4747 8.954090990682468
4766 8436 0.7871635462512032
4767 4766 2.9478877268746078
4767 2094 3.612720449723257
4768 4767 0.5615655298189873
4769 4744 2.7269791738691183
4769 4768 2.7702925215304064
4770 4769 0.9227586686776906
4771 4775 2.431193768394004
4771 4770 2.3754972149261038
4772 4755 2.401182122277292
4772 7789 2.0281558214257793
4773 2093 3.8003196275306905
4773 6653 2.349173403492014
4774 7790 3.1212910264653404
4774 7793 2.093303117915411
4775 4770 2.0426519681761595
4775 4784 3.017474618851777
4776 2092 7.191409742292191
4776 2108 22.35553014675399
4776 2091 26.483264160590842
4777 7633 16.389438152129642
4778 5109 4.866172007722584
4779 6761 1.5262880813707569
4779 6766 7.706521411002806
4779 6760 3.514750463490677
4780 4785 5.783329928422316
4780 8547 12.69916801172128
4780 5956 15.222799262623848
4781 8577 0.35631035919113047
4782 5944 3.5976277290142837
4782 5467 12.109122816889522
4782 6631 37.81923623110735
4783 5470 9.485369210835316
4783 6631 10.810844619196788
4783 4746 6.660755083273966
4784 5958 5.957923065935669
4784 4764 7.835090647044181
4784 4775 3.017474618851777
4785 4780 5.783329928422316
4785 4754 15.159938129718693
4785 4753 2.0731621138820624
4786 4791 5.642424907794181
4786 5419 15.898411937801423
4786 6775 13.711810111589163
4787 4788 13.93827378477329
4787 8420 6.543188092470365
4787 6583 12.217318266458898
4788 4748 6.645637293506271
4788 4787 13.93827378477329
4788 4789 6.274664771247401
4789 6583 18.135857218042407
4789 4788 6.274664771247401
4789 7979 7.783443101837038
4790 4791 7.603101720205159
4790 5388 13.451326399854088
4790 5421 13.850878907880318
4791 4786 5.642424907794181
4791 4746 18.905556621771254
4791 4790 7.603101720205161
4792 4793 6.696286800906835
4792 5433 28.14238539007204
4793 4792 6.696286800906834
4793 4795 32.347234756450284
4793 4750 14.579038234255266
4794 5431 6.930838803471584
4795 5431 5.749891534139573
4795 4751 16.503827954134948
4795 4793 32.34723475645028
4796 5945 4.9289320328585715
4796 5418 12.09217170894898
4796 5454 16.213447547983904
4797 5946 20.90535446641183
4797 4798 18.19893515763087
4797 5471 13.770689646918422
4798 5452 5.322702884515514
4798 4764 6.597666962716807
4798 4797 18.19893515763087
4799 5902 12.98141137568991
4799 4755 4.211624773829287
4800 7273 10.560078990672547
4800 7275 9.167361057738578
4800 6833 7.750532605180917
4801 4742 11.772001352281958
4801 7273 5.626009394168534
4801 6743 8.21008633121913
4802 4746 19.672653030809254
4802 5417 8.306501110993475
4802 5389 5.806959247524126
4803 3277 19.487557070932173
4804 3024 4.963253740326822
4804 4805 7.245363180943361
4804 9160 4.933811309109731
4805 4804 7.245363180943359
4805 9384 4.8943890173340465
4805 6330 4.100799505414011
4806 9066 4.021634432350796
4807 3023 3.979270463357893
4807 9065 0.7081990967280889
4808 4809 7.83546276180672
4808 4808 15.873585928326248
4809 2060 6.359367774422205
4809 4808 7.83546276180672
4809 6143 9.778732217892177
4810 8413 1.460117618356206
4811 4823 12.175398001095592
4811 4825 2.9029006288844097
4811 8413 3.868513529166223
4812 3397 18.526551284192887
4813 4814 3.531446551129577
4813 822 4.597794320901787
4813 4834 4.618628301507991
4814 4813 3.531446551129577
4814 5325 6.247617272962919
4814 4826 4.542036789146385
4815 4816 3.687499420685001
4816 5322 3.2074640055327346
4816 3018 7.863958425765692
4816 4815 3.687499420685001
4817 822 14.38679765538142
4818 4819 15.809163846390595
4818 4820 2.315631701619543
4819 779 5.324726768854877
4819 826 1.0767144182190203
4819 4818 15.809163846390595
4820 4832 4.9884174296461525
4820 4818 5.074947774221038
4821 4822 0.7397118037798441
4822 6107 0.6929856046271019
4822 4823 5.683732252841305
4822 4821 0.739711803779844
4823 3014 12.74773760287321
4823 4811 12.17539800109559
4823 4822 5.683732252841305
4824 4825 8.070474811867374
4825 4811 2.9029006288844093
4825 822 2.6143555794528988
4825 4824 8.070474811867374
4826 4814 4.542036789146385
4827 8412 0.9000989119345348
4827 8411 0.6429965275789769
4827 4828 6.68915781430527
4828 3393 6.275785597990283
4828 3392 3.290661696016588
4828 4827 6.689157814305269
4829 4830 0.9358138460724529
4830 4831 0.5911842712521429
4830 4829 0.9358138460724529
4830 4832 6.099664494388431
4831 4830 0.5911842712521429
4832 3390 6.2625218735125925
4832 4820 4.9884174296461525
4832 4830 6.09966449438843
4833 4834 5.767913744771183
4834 4813 4.618628301507991
4834 821 28.881959280812467
4834 4833 5.767913744771183
4835 6122 4.094575656153818
4836 4837 4.980247231857752
4837 3018 9.119288228704
4837 6122 7.867309790396535
4837 4836 4.980247231857752
4838 4839 8.274118216901945
4839 4840 5.455103304749707
4839 6524 12.668944397559494
4839 4838 8.274118216901945
4840 4843 2.08086330469648
4840 4839 5.455103304749707
4841 4840 3.4952828188920693
4842 4841 0.9241202633418106
4842 6519 1.5782190199969433
4843 9069 8.217042947090789
4843 4842 1.6608711613272589
4844 6575 9.178718114098816
4845 3397 13.017147086770823
4845 3396 13.611441538059921
4846 3394 7.505568574204625
4846 3396 9.939571379962096
4846 3395 23.735635235954067
4847 7512 2.5397030515741434
4847 7513 1.793810701922469
4848 6574 2.6559453454509088
4848 8644 1.7721655662846882
4849 5324 1.2420870878818109
4849 8415 0.9796481142040285
4849 5322 5.6846917309616725
4850 3908 7.0953420572158326
4850 3374 11.104683220431946
4850 3375 15.506909013254859
4851 8455 1.7493932094845916
4851 49 4.355113934784698
4851 3372 12.495240816993265
4852 1336 7.208035485244031
4853 7086 0.8019859512771333
4854 3366 1.0410540760313272
4854 3367 5.11487698931051
4854 7086 5.2421245959582246
4855 1333 6.174397443434168
4856 1227 4.392710364311332
4857 1225 4.099975754014147
4857 1226 7.717146641794109
4857 5022 15.21097242032163
4858 7797 6.147139520773024
4858 40 9.352052950015954
4858 4859 7.427824199992591
4859 4858 7.427824199992591
4860 8123 1.0058931365111092
4860 9187 9.715329174812776
4861 4862 8.930124777751965
4861 8350 6.650209484653103
4862 4861 8.930124777751965
4862 5105 8.050472027946283
4863 5132 1.9969546793260704
4863 5098 12.72373219570162
4863 5107 5.6112749772918935
4864 5283 16.410897544134233
4865 4866 3.8651921663673097
4865 837 4.713308545181075
4865 4672 14.549733289987355
4866 8365 13.54590703845031
4866 4865 3.865192166367309
4866 4867 13.322655187681434
4867 5356 10.588164419424867
4867 4866 13.322655187681432
4867 7865 6.565402734996093
4868 5503 1.3024790570801454
4869 5009 1.1207365166665537
4870 1227 5.889521862231442
4870 5030 3.755040099662235
4870 1226 14.277151453599584
4871 8871 0.6301908231976037
4872 2274 20.959416726778077
4872 2273 20.264853547258582
4872 8871 12.044459235774537
4873 9178 0.8664886102788291
4874 9178 7.754303635986252
4874 870 5.95413370609053
4874 5840 7.67715552465665
4875 9330 1.1256794877722536
4876 4881 0.9139887609608334
4877 8071 0.6179559420165991
4878 8071 2.6946613053763753
4878 9328 0.9608397722614486
4878 4879 3.3262204244189166
4879 4878 3.3262204244189166
4879 4881 7.984086701426116
4879 4880 7.168928125433953
4880 4879 7.168928125433953
4880 864 11.263313412646575
4880 866 5.133022065501989
4881 4876 0.9139887609608334
4881 9330 3.6960236600326906
4881 4879 7.984086701426118
4882 4885 11.327211348323555
4883 8073 0.8915238742142225
4884 8073 3.7238969370823183
4884 4885 4.753751335715152
4884 4886 4.067051996278174
4885 4887 5.0829745814772656
4885 4882 11.327211348323555
4885 4884 4.753751335715153
4886 4884 4.067051996278174
4886 4888 9.678098851649265
4886 864 3.330606757576019
4887 4885 5.0829745814772656
4888 8468 13.290764675828726
4888 4886 9.678098851649265
4888 4536 3.6323150227439034
4889 5781 3.9958857659220253
4889 5782 21.08326130293326
4889 9149 9.507914928767985
4890 4893 6.07981984085658
4890 4891 14.532266978384575
4890 5783 7.745675445342183
4891 4890 14.532266978384575
4892 9152 0.8065995899305604
4893 4890 6.07981984085658
4894 4895 1.4616248904138254
4895 529 1.2844375597928992
4895 4894 1.4616248904138254
4895 527 21.183199892189247
4896 5339 0.9735280131836109
4897 4328 5.826412515033192
4897 4901 5.084501820974439
4897 5339 2.639369738854587
4898 7300 0.7988041759543262
4899 5996 4.880267369574403
4899 4327 5.370325403596955
4899 467 4.122201160980166
4900 438 3.3285682672917973
4900 3030 9.911691317253958
4900 3032 16.018702122087184
4901 4897 5.084501820974439
4901 5338 5.489703876545952
4901 7994 7.795564975563176
4902 6875 0.2430615108858457
4902 7389 0.5909967227488263
4902 3256 12.15742027755577
4903 7395 2.0738273225622104
4903 1675 15.446998280715583
4903 4904 16.911894752341972
4903 5361 4.6324432422988915
4904 1319 8.741408088591069
4904 4903 16.911894752341972
4904 4905 4.975537964541196
4905 6862 12.327800633342918
4905 4904 4.975537964541196
4905 6864 2.7177810864353975
4906 4319 2.4507393234040697
4906 4907 5.232378175032792
4906 5362 12.522771215853108
4907 4906 5.232378175032792
4908 3060 1.1930517947080914
4908 3058 4.3543317104778865
4908 4909 0.6538926574480957
4909 4908 0.6538926574480957
4910 3121 3.5203454108107266
4911 3122 6.641983634608751
4912 4918 2.7687269069143747
4913 4142 7.896220588220787
4914 3119 2.330961140496358
4915 3121 0.9788665431194732
4916 3121 7.506934992464121
4916 3115 3.4028857907264753
4916 140 5.200714371083289
4917 4118 18.134923673727553
4917 637 3.072980695276253
4917 16 5.013799810646845
4918 4141 4.265490562677135
4918 4138 1.664576030802942
4918 4912 2.7687269069143747
4919 4920 0.6596719284269792
4919 3119 3.469215331306882
4919 8018 0.9213527574171252
4920 4919 0.6596719284269792
4921 8825 0.6390069706461364
4921 3090 13.105904134782081
4921 3179 10.577339033848657
4922 4923 4.805015322490409
4923 4930 3.8585386216715554
4923 4929 6.371128769099917
4923 4922 4.805015322490409
4924 4925 1.2346414138657005
4924 4949 5.9024402681987045
4924 3070 6.854939281567718
4925 4924 1.2346414138657005
4925 3147 4.545298409463836
4925 4926 9.840686898410201
4926 4933 3.1356876957084245
4926 4932 2.8115675859771483
4926 4925 9.840686898410201
4927 4928 6.501619718175185
4928 911 1.4628054653934945
4928 913 2.510820946348861
4928 4927 6.501619718175185
4929 4931 3.510853565348863
4929 4923 6.371128769099917
4929 3071 8.67567294683008
4930 3998 3.7199939769359927
4930 3065 8.047033117328818
4930 4923 3.8585386216715554
4931 3064 2.8794610032167736
4931 3063 1.1182478275286478
4931 4929 3.510853565348863
4932 4146 3.85624666599285
4932 4926 2.8115675859771483
4932 3072 5.197993909214274
4933 3066 4.947847645204174
4933 4926 3.1356876957084245
4933 8723 8.176456517792095
4934 4935 1.240830308923114
4935 4934 1.240830308923114
4935 8721 0.786682271442191
4935 3073 6.979422059541864
4936 4937 0.8845185569010214
4937 3057 0.6759291588104525
4937 4936 0.8845185569010214
4937 3058 7.281750728749083
4938 3054 6.185923825121085
4939 4942 2.791482729328373
4940 4944 3.853630374911306
4941 4943 1.7665418944414748
4942 4943 1.4881880074659166
4942 4939 2.791482729328373
4942 4945 8.362813771082816
4943 4944 6.349577617699319
4943 4941 1.7665418944414748
4943 4942 1.4881880074659166
4944 873 4.30049467748259
4944 4943 6.349577617699319
4944 4940 3.853630374911306
4945 4942 8.362813771082816
4946 8944 0.7778940643214398
4947 4948 3.928778315181166
4948 4950 4.678920631694313
4948 919 9.826480501759004
4948 15 5.208699582129288
4948 4947 3.928778315181166
4949 4005 3.286203486988286
4949 4924 5.9024402681987045
4949 3998 6.166270106121462
4950 4948 4.678920631694313
4951 4137 3.9493981365725888
4952 4138 1.6701898681625018
4953 140 3.146186856182615
4954 3054 4.210106589904443
4955 8724 9.314275922623102
4955 8723 5.187649393750392
4955 3073 33.5350819192517
4956 2312 8.425867621170083
4956 2313 6.023852936669084
4956 2321 4.388853156971373
4957 8726 13.854762243149104
4957 2312 17.616449324612873
4957 5711 7.3780669039883096
4958 4316 1.448717981797794
4958 5703 4.15466573478882
4958 1019 3.267343109026767
4959 3614 7.637859826472615
4960 4961 12.648584001699195
4960 4963 5.172190015369119
4960 4962 5.618592874248875
4961 6346 4.412348791983475
4961 1031 4.545403841485632
4961 4960 12.648584001699197
4962 3621 2.5068841333726555
4962 4960 5.618592874248875
4962 2312 15.368678293456483
4963 1022 11.700615351006165
4963 6346 12.924423369693494
4963 7253 5.091535417472057
4963 4960 5.17219001536912
4964 4965 7.4652132794862345
4965 4964 7.4652132794862345
4965 4967 1.7585590025094986
4965 4966 11.982029808825336
4966 400 7.367105548367244
4966 4478 13.13505199763658
4966 4965 11.982029808825336
4967 4965 1.7585590025094986
4968 4969 5.471961411667659
4969 4968 5.471961411667659
4969 4976 7.420473520776762
4969 4980 6.192584744741748
4970 5025 22.681084682355742
4970 5021 13.106650554667368
4970 5029 5.541485648226534
4971 4972 6.893814232485645
4972 4973 0.6598667167534775
4972 4971 6.893814232485645
4972 4974 20.761950969693622
4973 4972 0.6598667167534775
4974 4980 3.2467011918621056
4974 4972 20.761950969693622
4974 4985 6.279586766101223
4975 5495 0.7298850051770286
4975 9444 1.2003163265237233
4975 4976 4.677670276960284
4976 4977 2.224107322709098
4976 4975 4.677670276960284
4976 4969 7.420473520776762
4977 4976 2.224107322709098
4977 4979 0.935199248303411
4977 4978 1.297330576163051
4978 4977 1.297330576163051
4979 4977 0.935199248303411
4980 4974 3.2467011918621056
4980 4969 6.192584744741748
4980 5504 7.665851270193866
4981 8273 0.7419458264897716
4982 4983 5.7199723881538445
4982 8273 3.6273111479418727
4982 4984 5.335491663753417
4983 4982 5.719972388153844
4983 4985 6.347674977472433
4983 4990 8.10112589652039
4984 4982 5.335491663753418
4985 4983 6.347674977472433
4985 4974 6.279586766101223
4985 831 17.121946423007266
4986 4987 5.319453000907348
4986 1580 8.836400947018651
4986 1000 3.3515019405670716
4987 4994 0.5405390836033883
4987 4993 0.7667201798440895
4987 4986 5.319453000907348
4988 8703 1.1766043956850882
4988 8704 4.254272620850794
4988 4989 13.864238740375377
4989 833 15.93971987544277
4989 4988 13.864238740375379
4989 5019 4.336954193727015
4990 4983 8.101125896520392
4991 4992 3.7375586305311033
4992 4991 3.7375586305311033
4992 5018 6.079754718212135
4992 5023 1.7085197102220606
4993 4987 0.7667201798440895
4994 4987 0.5405390836033883
4995 4996 2.1424238547898957
4995 7090 0.7265391374132526
4995 7091 0.7913063261868166
4996 4995 2.1424238547898957
4996 7089 0.8474801226614309
4996 4997 6.133109134501712
4997 5003 2.6382637337535995
4997 5002 6.60815281308192
4997 4996 6.133109134501712
4998 4999 1.8244565908346981
4999 5000 1.048432836540468
4999 4998 1.8244565908346981
4999 5001 2.2362965454919883
5000 4999 1.048432836540468
5001 7088 1.008132307465274
5001 4999 2.2362965454919883
5001 5002 5.040616695390531
5002 5004 4.961343783611962
5002 4997 6.60815281308192
5002 5001 5.040616695390531
5003 4997 2.6382637337535995
5004 5020 5.073919812044761
5004 832 4.377731864241926
5004 5002 4.961343783611962
5005 5006 0.8717775514724833
5006 5005 0.8717775514724833
5006 5008 0.7433138332159335
5006 5007 4.250957972387884
5007 5009 5.823664081010455
5007 5006 4.250957972387883
5007 5010 7.081678333778393
5008 5006 0.7433138332159335
5009 5007 5.823664081010455
5009 4869 1.1207365166665537
5009 9206 4.092384109720217
5010 5007 7.081678333778393
5010 1226 12.600974122054224
5010 829 11.490323193920844
5011 5012 2.0412516332030073
5012 5013 4.344198805329489
5012 5011 2.0412516332030073
5012 5014 8.098768485066662
5013 5012 4.344198805329489
5013 831 4.4796201349471065
5013 830 4.697805357794894
5014 5012 8.098768485066662
5015 5016 2.013634287704852
5016 5017 1.2859886930459268
5016 5015 2.013634287704852
5016 5501 8.116950075459556
5017 5016 1.2859886930459268
5018 5506 22.03889950208825
5018 3343 20.262796231732814
5018 4992 6.079754718212135
5019 3639 23.282202157482097
5019 4989 4.336954193727015
5019 38 14.797165745594073
5020 833 2.909949009015469
5020 5004 5.073919812044761
5021 5028 3.7734421497901662
5021 3632 7.2434259109856445
5021 4970 13.106650554667368
5022 5023 3.2992035208350123
5022 4857 15.210972420321626
5022 9462 7.72518604258564
5023 5022 3.2992035208350123
5023 4992 1.7085197102220606
5023 5081 15.094448444977575
5024 5028 3.7274637855932147
5024 871 2.6469915167496745
5024 4396 9.93138407967465
5025 3633 3.354942702875759
5025 4970 22.681084682355742
5025 3635 11.054051837813612
5026 1227 1.541367010268035
5027 9000 15.233890633119069
5028 5024 3.7274637855932147
5028 5021 3.7734421497901662
5028 5029 11.545593220133979
5029 4396 5.452541972782804
5029 4970 5.541485648226534
5029 5028 11.545593220133979
5030 4870 3.755040099662235
5031 9206 0.8674375467222185
5032 4734 2.8034433305032764
5032 4735 5.698317419120375
5032 8316 2.9386188905595625
5033 8316 0.7880259344315926
5034 8281 6.306960922872664
5035 6537 5.492709587740804
5035 3239 13.065512512462105
5035 5036 10.017380967045879
5036 5035 10.017380967045879
5037 5038 12.812654464484577
5038 6536 9.06029343996002
5038 4167 15.913790906974468
5038 5037 12.812654464484577
5039 5040 12.313921341393398
5040 6536 19.421297040427678
5040 3239 14.541201290517835
5040 5039 12.3139213413934
5041 5042 1.8558834664351977
5042 9402 0.3593064683531143
5042 5043 4.275916098071735
5042 5041 1.8558834664351977
5043 3315 7.975097368987705
5043 3314 3.2328263670158974
5043 5042 4.275916098071735
5044 7165 23.435020396256146
5045 4171 4.723146683658231
5046 5047 2.3332153863777374
5047 5046 2.3332153863777374
5047 5048 3.0765418526620536
5047 5049 4.4746865682209895
5048 5047 3.0765418526620536
5049 3807 23.309205252575207
5049 3238 1.6951771906184017
5049 5047 4.47468656822099
5050 3579 12.045014817789273
5051 2320 1.6133361226355314
5052 5053 3.4555248202578897
5053 5052 3.4555248202578897
5053 4517 11.818098444407207
5053 3334 5.976789449793209
5054 4530 8.93253550199613
5055 4515 8.26409293489725
5056 8482 11.43445105984665
5056 4511 5.798859202876326
5057 5058 6.389195717088297
5058 4530 5.30304121071702
5058 5057 6.389195717088297
5058 7255 4.734532867328115
5059 5065 3.219876012102577
5059 6601 4.2045838321648805
5059 5064 6.081630973952099
5060 6601 1.268328067285072
5061 5062 5.734481913694379
5062 5061 5.734481913694379
5062 2365 3.7358707062509775
5062 8616 6.2179975367704
5063 6600 2.703659882534364
5063 2364 36.83887776532802
5063 2355 5.0562467911890625
5064 5059 6.0816309739521
5064 2367 11.064967839395692
5064 5073 3.6767699385469688
5065 2364 5.727967739296959
5065 5059 3.219876012102577
5065 4573 10.19440316366457
5066 2356 3.496100684871842
5066 5067 13.044762962034447
5066 2355 3.862995389222664
5067 2359 22.78260222107565
5067 5066 13.044762962034447
5067 8629 2.4563946232690848
5068 6599 2.999361478975295
5069 6600 5.535787603497298
5069 6599 8.065700546671119
5069 5070 16.75034274823728
5070 5069 16.75034274823728
5071 1120 15.18574580348364
5071 3778 7.555138461700141
5071 3781 14.82096895352926
5072 4572 4.007577789103168
5073 5064 3.6767699385469688
5074 5076 13.348954957986455
5074 3232 9.71210981865386
5074 5075 8.787406023875741
5075 5074 8.787406023875741
5076 5077 5.353759622233558
5076 5074 13.348954957986455
5076 2421 34.22941494321785
5077 5076 5.353759622233558
5078 4516 0.8544018716230549
5078 1051 12.180432950395813
5078 8613 11.84864279568018
5079 5080 3.3264935422147865
5080 5079 3.3264935422147865
5080 3373 6.090964772499565
5080 3375 14.644024348416163
5081 5020 8.793914631008073
5081 5023 15.094448444977575
5082 7976 5.329315081562748
5082 5406 4.967499494693949
5083 633 3.9928551352181185
5083 3132 5.069969073862689
5083 8310 4.0252784144168725
5084 3128 2.079368934672493
5084 3127 0.8616302000813375
5084 8280 27.359249625152835
5085 8309 7.121939015095901
5086 302 2.5964021648188416
5087 634 21.816929509588473
5087 718 9.45927972477074
5087 7798 27.253031949839944
5088 5089 3.133408538671832
5089 5088 3.133408538671832
5089 7185 5.331598420978075
5089 635 5.592301336775475
5090 4732 10.369270887850526
5090 1312 5.1257581580072
5090 7403 8.680060850425134
5091 8955 8.062958138990457
5092 5098 13.102336023565853
5093 6860 1.071682577405083
5094 6860 11.866493480869977
5094 2088 3.5290749753634665
5094 8708 10.56658925786508
5095 8779 0.6863221890216237
5096 5097 14.017970049536526
5097 5280 5.496685168136922
5097 5096 14.017970049536526
5097 5102 12.085505153948642
5098 4863 12.72373219570162
5098 5092 13.102336023565853
5098 5281 8.804539969492435
5099 5105 18.28080258500217
5100 5101 0.9415958915076857
5101 8780 0.789779464713034
5101 5100 0.9415958915076857
5101 5102 4.957668192509599
5102 5103 0.846776726261176
5102 5097 12.085505153948642
5102 5101 4.9576681925095984
5103 5102 0.846776726261176
5104 862 19.946237693034814
5105 5107 1.433974203733598
5105 5099 18.280802585002167
5105 4862 8.050472027946283
5106 5107 8.037170363985775
5107 5106 8.037170363985775
5107 5105 1.433974203733598
5107 4863 5.611274977291894
5108 4641 0.25716110322229835
5108 4647 9.569190774316588
5108 9349 5.455326680566589
5109 861 3.068506324913757
5109 6917 18.067862528764355
5109 4778 4.866172007722584
5110 5826 2.7537420480928576
5110 839 13.328201907179476
5110 7900 53.38523841490013
5111 5112 14.88576775030247
5111 4189 5.136726680987074
5111 5119 5.195750157908867
5112 5114 5.919790511790617
5112 5113 2.7771948502392148
5112 5111 14.88576775030247
5113 5112 2.7771948502392148
5114 5112 5.919790511790617
5114 4190 6.3462604696665705
5114 4189 14.982968426842831
5115 5123 0.4547761410765712
5115 4192 5.883422321792328
5115 5120 6.419637782512354
5116 4193 16.788094911683018
5116 652 20.014695436590905
5116 5123 7.523703374205616
5117 4189 4.022865846426248
5118 5119 8.134350330441679
5118 7568 11.01656952899018
5119 5118 8.13435033044168
5119 5111 5.195750157908867
5120 4191 5.667256059733271
5120 5115 6.419637782512354
5120 4190 3.433719992740488
5121 4188 5.625855058585474
5121 4190 5.679276222182475
5121 5235 5.964637387362341
5122 5123 15.892706807768871
5123 5115 0.4547761410765712
5123 5122 15.892706807768866
5123 5116 7.523703374205614
5124 5125 7.6547064761006025
5125 8352 6.938046728306984
5125 5124 7.6547064761006025
5125 5126 5.49895593752824
5126 5125 5.49895593752824
5127 5128 17.471822033908982
5128 8350 0.690337512021037
5128 5127 17.471822033908982
5128 5826 12.853734732794603
5129 5130 14.774300578108477
5129 8364 9.701070931273179
5129 8369 6.1489149471506135
5130 5131 8.332404956643037
5130 8365 3.2003354803383064
5130 5129 14.774300578108479
5131 5355 25.344845429318326
5131 5130 8.332404956643037
5131 5357 5.224528199455116
5132 4863 1.9969546793260704
5132 4565 9.242140521004451
5132 5282 5.979393213560979
5133 5637 9.380459304965443
5134 4163 4.116569107606028
5134 824 5.303255713849093
5134 5738 6.163365215775238
5135 5136 6.502983709670105
5135 5847 8.440239104542417
5135 6099 9.24377101596517
5136 5135 6.502983709670104
5136 3469 8.202092787689182
5136 4084 12.49923700725354
5137 5283 16.083664663266948
5137 4538 16.965933921997358
5137 5861 3.1328112669256023
5138 5845 13.227128679926969
5138 5822 7.637515129969385
5138 3674 25.812433786573088
5138 7552 21.374581652034813
5139 6642 6.383506015582735
5139 5140 5.303387883376613
5139 7626 7.164902206675326
5140 6652 2.7135575913934296
5140 5141 10.26971832123869
5140 5139 5.303387883376613
5141 6651 9.656593675824304
5141 5953 7.434912365735251
5141 5140 10.26971832123869
5142 5385 2.7439705827888834
5142 5475 5.813004947453773
5142 5953 13.09851517203939
5143 8428 3.0302480666503455
5143 9023 14.428371494016861
5144 9292 0.4786323032460033
5144 8272 1.5927252615858245
5145 6816 11.053921536919791
5145 4743 9.747119345036559
5145 5416 24.63048005261892
5146 5147 3.9856696188913174
5146 8430 3.9995656381600138
5146 6688 5.951575260156103
5147 5146 3.9856696188913174
5147 6686 7.440488089579701
5147 6701 5.411188624833805
5148 6556 12.132049545272055
5148 6686 4.230658360549865
5148 6739 6.931018634909738
5149 6816 12.908235221647601
5149 6824 15.62011482308344
5149 8000 4.044653953935756
5150 7440 4.509391915884624
5150 7447 13.9525133339254
5150 7699 7.6435456630874805
5151 826 29.006308714851148
5151 6517 10.774608835084527
5151 8409 9.848682567032379
5152 4413 3.4467487729209823
5153 5156 1.0956994444468735
5154 5156 1.4772140646309888
5155 4358 2.0627041263620014
5155 5786 7.3219586337665445
5155 5156 8.964204396875664
5156 5153 1.0956994444468735
5156 5154 1.4772140646309888
5156 5155 8.964204396875664
5157 3344 17.923678430366408
5157 38 2.979967580787148
5157 3347 6.010971826319514
5158 1439 19.980252875672768
5158 763 9.990704245058883
5159 1039 3.166929902606524
5160 555 6.2761299445872485
5161 1230 1.5844371135501432
5162 3818 1.4573722862145586
5162 564 34.049737256471545
5163 1232 7.4198320921093694
5163 5160 2.5304834371270113
5163 9494 2.4568917714131726
5164 5165 4.861479054578362
5165 5177 10.414207114694925
5165 5164 4.861479054578362
5165 5166 25.10912055213432
5166 5165 25.109120552134318
5166 5178 9.738205330182813
5166 5177 6.605371261106941
5167 5168 9.86664300618258
5168 5179 4.972930374290521
5168 5169 5.04657149871426
5168 5167 9.866643006182578
5169 5168 5.04657149871426
5169 5232 3.3905991494343235
5169 5178 16.41124515307838
5169 5223 14.53874207079529
5170 5171 5.182083735309024
5171 5170 5.182083735309024
5171 5172 8.206459505975532
5171 5173 7.909987771345792
5172 5171 8.206459505975532
5172 5223 6.809307618067707
5172 5199 9.588404504025975
5173 5171 7.909987771345792
5174 5175 4.340147472822756
5175 5174 4.340147472822756
5175 5180 9.166214671203596
5175 5239 25.393381539414165
5175 5238 16.111543331254175
5176 5177 1.994756569474932
5177 5176 1.994756569474932
5177 5165 10.414207114694925
5177 5166 6.605371261106941
5178 5166 9.738205330182813
5178 5180 33.395046910514104
5178 5169 16.41124515307838
5179 5168 4.972930374290521
5180 5175 9.166214671203596
5180 5308 14.551499853557866
5180 5178 33.395046910514104
5181 5182 1.9429187890642263
5182 5183 1.6750541364215705
5182 5181 1.9429187890642263
5182 5184 6.011995615903283
5183 5182 1.6750541364215705
5184 5187 2.447705886783112
5184 5185 4.167529785531391
5184 5182 6.011995615903283
5185 5192 0.5276531792390972
5185 5189 8.717451787882299
5185 5184 4.167529785531391
5186 5187 0.841825674765661
5187 5184 2.447705886783112
5187 5186 0.841825674765661
5187 8360 0.8695582896980711
5188 5189 9.735840493992812
5189 5235 4.6805609839386895
5189 5185 8.717451787882299
5189 5188 9.73584049399281
5190 5191 10.882661095975829
5191 5236 7.980073411012132
5191 5240 5.161493952801372
5191 5190 10.882661095975829
5192 5185 0.5276531792390972
5193 5194 10.45171934224121
5193 5199 6.673019764825867
5193 5195 30.66173752437318
5194 5196 4.058282492513261
5194 5195 20.901702661929374
5194 5193 10.451719342241208
5195 5194 20.901702661929374
5195 5193 30.661737524373187
5195 5198 13.983125412350722
5196 5194 4.058282492513261
5196 5201 1.0697126136257713
5196 5200 3.64592777452807
5197 5205 1.1670173453322212
5197 5204 1.0907159703199645
5197 5198 8.83036999718122
5198 5195 13.983125412350718
5198 5197 8.830369997181219
5198 5498 9.738450213186564
5199 4187 7.189023056294667
5199 5193 6.673019764825867
5199 5172 9.588404504025975
5200 5196 3.64592777452807
5201 5196 1.0697126136257713
5202 5203 3.4955075693039186
5203 4187 0.6186040923530152
5203 5202 3.4955075693039186
5203 654 15.94170998575864
5204 5197 1.0907159703199645
5205 5197 1.1670173453322212
5206 5496 1.2758722958958584
5206 5211 7.86177534231025
5206 5210 6.732709566139495
5207 5224 0.9461228926124392
5207 5221 7.107360688366449
5207 5208 11.878194528309423
5208 5487 10.108647060437244
5208 5209 4.311715767971401
5208 5207 11.878194528309423
5209 5222 6.9627075960460845
5209 5210 4.654346875851846
5209 5208 4.311715767971401
5210 5215 4.816883340757379
5210 5206 6.732709566139495
5210 5209 4.654346875851846
5211 5213 2.050581106068247
5211 5212 0.9861312507697145
5211 5206 7.86177534231025
5212 5211 0.9861312507697145
5213 5211 2.050581106068247
5214 5215 0.452661989797302
5215 5214 0.452661989797302
5215 5265 1.1415087633109982
5215 5210 4.816883340757379
5216 5217 1.5457151778620264
5217 5216 1.5457151778620264
5217 8458 1.0481330679005243
5217 5218 2.8651185695431893
5218 5217 2.8651185695431893
5218 5220 7.028800879847364
5218 5229 7.645093272506703
5219 5486 0.8506395958385723
5220 5221 5.464553452708944
5220 5486 5.248165162083587
5220 5218 7.028800879847364
5221 5222 18.52198993200337
5221 5220 5.464553452708944
5221 5207 7.107360688366449
5222 5223 3.7646700528080195
5222 5209 6.9627075960460845
5222 5221 18.52198993200337
5223 5222 3.7646700528080195
5223 5169 14.53874207079529
5223 5172 6.809307618067707
5224 5207 0.9461228926124392
5225 5227 2.353840317375209
5226 5227 3.4163983373794853
5227 5225 2.353840317375209
5227 5226 3.4163983373794853
5227 5233 1.759488306036281
5228 5229 2.373756108603332
5229 5228 2.373756108603332
5229 5230 1.6705329042779227
5229 5218 7.645093272506703
5230 5229 1.6705329042779227
5231 5234 0.7936505968774522
5232 5169 3.3905991494343235
5232 5234 5.1895421328212015
5232 5233 10.267249500915117
5233 5234 5.091818477675263
5233 5232 10.267249500915119
5233 5227 1.759488306036281
5234 5232 5.1895421328212015
5234 5231 0.7936505968774522
5234 5233 5.091818477675263
5235 5237 1.78284476150035
5235 5189 4.6805609839386895
5235 5121 5.964637387362341
5236 5191 7.980073411012132
5236 5237 10.642189209443453
5236 4187 5.327674116693078
5237 5235 1.78284476150035
5237 5236 10.642189209443453
5237 5488 20.418567643724124
5238 5175 16.111543331254175
5239 5175 25.393381539414168
5240 5191 5.161493952801372
5241 5488 0.7710966458848211
5242 5243 1.066562997493122
5243 5242 1.066562997493122
5243 5244 0.997958729880748
5243 5245 2.811387817939379
5244 5243 0.997958729880748
5245 5255 1.610269890385828
5245 5243 2.811387817939379
5245 5250 8.130825663482696
5246 5247 0.9932027716724479
5247 5246 0.9932027716724479
5247 6021 0.9346775333448933
5247 5248 3.3674022365040934
5248 5249 0.9469848066025263
5248 5247 3.3674022365040934
5248 5250 7.079967032038857
5249 5248 0.9469848066025263
5250 5251 0.8065443030573329
5250 5248 7.079967032038857
5250 5245 8.130825663482696
5251 5250 0.8065443030573329
5252 6019 0.9791794683696219
5252 6022 0.8942209752751944
5252 5253 4.556744166392254
5253 5254 4.509703557147373
5253 5252 4.556744166392254
5253 5255 6.447595568136605
5254 6020 1.2608987244309342
5254 6018 0.8888918374165384
5254 5253 4.509703557147373
5255 5245 1.610269890385828
5255 3633 9.372812938413665
5255 5253 6.447595568136604
5256 3648 6.264547367545276
5257 3650 5.958945518540014
5258 5259 11.507203104524834
5259 7540 8.489438466522795
5259 5260 7.474653263566287
5259 5258 11.507203104524832
5260 5259 7.474653263566287
5260 6440 50.961350664464696
5260 6441 3.0836898932364214
5261 3648 20.622059515973003
5261 5262 9.861152117602007
5262 8768 24.25273728876753
5262 3649 23.12406664863867
5263 3643 17.33921321907941
5263 5264 16.169687679828172
5263 996 19.319404737049908
5264 7514 1.6374488482900584
5264 5263 16.169687679828172
5264 997 23.97071836903175
5265 5215 1.1415087633109982
5266 5441 16.314091770863634
5266 3352 8.149437872456172
5266 3630 9.288990995742619
5267 3509 2.9419139702889208
5268 3506 14.439511285198725
5269 857 0.2953848234497423
5270 5271 0.34933819417111966
5271 858 0.8279358604428569
5271 7306 2.9041062819074526
5272 3445 4.751481920505858
5273 647 2.2063928622702966
5273 5523 1.8125828617781636
5274 5272 4.011832921693463
5275 615 18.228894661328106
5275 500 20.653046275498948
5275 5276 5.52517492045426
5275 5279 5.545152386508945
5276 485 1.8064206518075756
5276 487 3.7053335246162513
5276 5275 5.52517492045426
5277 5278 6.3280457755075155
5277 620 6.176060781337613
5277 621 11.674395451985925
5277 618 16.948000516926886
5278 5279 6.28210760552647
5278 617 17.82309305944281
5278 8021 17.356843496925134
5278 5277 6.3280457755075155
5279 616 18.15891156479039
5279 619 20.16868315207783
5279 5275 5.545152386508945
5279 5278 6.28210760552647
5280 5097 5.496685168136922
5280 5284 12.394037234753444
5280 5281 3.5231502162014494
5281 5282 19.600113244454356
5281 5280 3.5231502162014494
5281 5098 8.804539969492437
5282 5281 19.600113244454352
5282 5132 5.979393213560979
5282 4560 19.990351507862062
5283 5137 16.08366466326695
5283 4864 16.410897544134233
5283 5284 8.451891696550463
5284 4537 22.656956421044583
5284 5283 8.451891696550465
5284 5280 12.394037234753446
5285 5286 4.036027693748182
5286 5287 1.7378143134779724
5286 5304 10.093250104597097
5286 5285 4.036027693748182
5287 5286 1.7378143134779724
5288 5300 0.9425104638966282
5289 5290 5.735917164804329
5290 829 9.722413721113886
5290 3371 9.76956887715976
5290 5289 5.735917164804329
5291 5292 3.6740093355776375
5292 5291 3.6740093355776375
5292 830 15.751356653908026
5292 5308 9.863885097642106
5293 5294 5.316658680659192
5293 5303 0.8543709092451227
5293 5302 0.6179949195830001
5294 5293 5.316658680659192
5294 5301 6.648315050368471
5294 5298 4.714396567960444
5295 5296 0.9144301806448151
5296 5297 0.7995445770098902
5296 5295 0.9144301806448151
5296 5298 5.641860010439715
5297 5296 0.7995445770098902
5298 5296 5.641860010439716
5298 5306 20.610737433672828
5298 5294 4.714396567960445
5299 5300 1.036971063779778
5300 5288 0.9425104638966282
5300 5299 1.036971063779778
5300 5301 6.893075780497305
5301 5300 6.893075780497305
5301 5294 6.648315050368471
5301 5305 7.755675132564157
5302 5293 0.6179949195830001
5303 5293 0.8543709092451227
5304 5286 10.093250104597095
5304 5305 14.473174982091203
5304 5308 7.332939769856554
5305 5301 7.755675132564157
5305 5304 14.473174982091203
5305 5306 27.005959754343504
5306 5307 8.060312839526404
5306 5298 20.61073743367283
5306 5305 27.0059597543435
5307 3371 5.370361265065869
5307 8729 14.164329932904591
5307 5306 8.060312839526404
5308 5304 7.332939769856554
5308 5292 9.863885097642106
5308 5180 14.55149985355787
5309 9233 1.5036049981576127
5309 2219 10.953588039407032
5310 49 4.044675515941748
5311 5312 2.44179241383126
5312 49 1.0220565462044662
5312 5311 2.44179241383126
5312 3909 7.997139620344092
5313 3350 16.29756582371056
5313 5799 9.631115387863634
5314 5315 1.7473499327972808
5314 664 6.381708623685748
5314 759 21.415370722925015
5315 5314 1.7473499327972808
5315 2014 3.838055091849592
5315 760 2.5729495672931626
5316 928 22.198626621566586
5317 989 22.09666845678895
5318 3394 1.9056209501202042
5318 5319 7.312209462250075
5318 820 22.060430781756533
5319 5318 7.312209462250075
5320 7368 1.3134458321445612
5320 3944 9.835989800095149
5321 782 18.553491094805178
5321 783 6.291548727709716
5321 6518 13.170082097588557
5322 4849 5.6846917309616725
5322 4816 3.2074640055327346
5322 5323 6.977966290564582
5323 3018 15.62136637259596
5323 3017 7.2897813487969145
5323 5322 6.977966290564581
5324 4849 1.2420870878818109
5325 4814 6.247617272962919
5326 189 1.3384344330384035
5326 7367 1.7234068205762814
5327 5328 13.060399069280484
5327 1385 8.981991040278405
5327 774 10.79389535985716
5328 6112 1.118304742437943
5328 9112 0.6443933606807445
5328 5327 13.060399069280484
5329 8986 9.43008578701453
5329 1540 5.912475388781156
5329 3419 14.26870379806066
5330 7847 12.31713749539048
5330 2890 18.58759203452898
5330 2308 16.574723728036297
5331 3127 9.994192606471293
5331 3126 0.8496481535023724
5331 9216 1.1046067212826385
5332 5333 6.2066697615180475
5332 720 4.017033628810737
5333 5332 6.2066697615180475
5334 5340 3.7904181915216855
5335 3031 0.9397768720009355
5336 6920 4.218206899292999
5336 519 40.20588465398309
5336 9116 0.48198260647280233
5337 3033 13.688992732757178
5338 4901 5.489703876545953
5338 5338 4.814517511496589
5339 4896 0.9735280131836109
5339 7687 0.8582794256528592
5339 4897 2.639369738854587
5340 3773 3.7732472249378617
5340 5334 3.7904181915216855
5340 626 4.038796780601913
5341 518 1.893702741492323
5342 7692 3.823138247466827
5342 4095 0.392345724554998
5342 6460 4.62226013689428
5343 4023 1.756076147583823
5344 8750 1.0891429426190022
5344 8751 1.3033701129121968
5344 8020 8.429631278370785
5345 4323 1.3690121986125932
5346 7950 29.68833578375741
5346 7350 2.3330979756192014
5346 7351 2.98535184294338
5347 1595 1.093052177980918
5348 1595 1.3808003939438167
5349 1408 1.0975940196280667
5350 4018 0.8532797420950967
5351 964 8.31096723742479
5351 3526 8.250291640805118
5351 958 9.70373937538001
5352 3132 3.334283949365597
5352 3131 9.053923627595102
5353 8831 9.866909287065416
5354 5355 5.163002215039401
5355 7865 1.080828698820606
5355 5354 5.1630022150394
5355 5131 25.344845429318337
5356 4867 10.588164419424867
5357 5131 5.224528199455116
5358 5362 4.600715811029996
5358 5358 4.692821570487644
5359 3263 6.284276385271468
5360 3266 6.288387141631719
5361 4903 4.6324432422988915
5362 5358 4.600715811029996
5362 1320 7.902707626676882
5362 4906 12.522771215853108
5363 3272 9.7047934575251
5363 3287 3.798605925960781
5363 2893 4.614412530053046
5364 3274 7.4650814523758005
5364 3282 4.45508945773313
5364 2893 4.074993030934548
5365 3273 7.651832967909077
5365 5366 6.019412825363086
5365 5541 23.9606412144524
5366 6032 3.312553785642511
5366 3274 7.376572117131729
5366 5365 6.019412825363086
5367 3279 5.08360118834756
5367 48 1.4066334907287028
5368 5369 3.269413880111263
5369 5368 3.269413880111263
5369 5370 5.836364979045252
5369 6562 6.305578517665992
5370 5372 0.7694346859319416
5370 5371 0.8233504810256213
5370 5369 5.836364979045252
5371 5370 0.8233504810256213
5372 5370 0.7694346859319416
5373 6562 0.6653289290034794
5373 5401 6.188117770671181
5373 6563 6.372802635550522
5374 5396 3.8015317144136027
5374 5401 3.6564480420158176
5374 5377 12.036766504404532
5375 9294 0.6436608246280003
5375 8532 1.9085020805880286
5376 5377 0.9141420742613935
5377 5378 0.8650929286137068
5377 5376 0.9141420742613935
5377 5374 12.036766504404534
5378 5377 0.8650929286137068
5379 5380 3.5712094992251298
5380 5386 2.1735861029065062
5380 5381 1.4660038213199227
5381 8427 0.8708454608360782
5382 5408 2.239947811955005
5382 5383 12.112651997870573
5382 5389 11.777469606212476
5383 7795 4.508380952987252
5383 5384 11.53110255218273
5383 5382 12.112651997870573
5384 5430 22.78210058939512
5384 5383 11.531102552182729
5384 5412 5.32616032622427
5385 5142 2.7439705827888834
5385 5456 10.986451459294601
5385 5412 13.827660403748004
5386 5381 1.8910800723438534
5386 7256 6.741239258682596
5387 5465 2.8229835155371394
5387 5420 9.913851061092183
5387 5421 28.568159882396035
5388 5413 11.69734488330794
5388 4790 13.451326399854088
5388 7625 12.965258888034146
5389 4802 5.8069592475241265
5389 5413 11.894074771324709
5389 5382 11.777469606212476
5390 8387 1.3816642016416916
5391 5393 0.2795433511143809
5391 8387 6.402057406980295
5391 997 5.081286780120035
5392 8386 3.111809581538966
5393 5391 0.2795433511143809
5393 8386 8.298623842796458
5393 3657 9.659610806832925
5394 5404 9.433831620851002
5394 7976 15.4014914390071
5394 3635 17.715124888034044
5395 5396 12.067548514552358
5396 5398 5.128437110522327
5396 5374 3.8015317144136027
5396 5395 12.067548514552358
5397 5398 12.683265471982136
5398 6561 5.74118472103601
5398 5396 5.128437110522327
5398 5397 12.683265471982136
5399 5400 16.133959829825738
5400 6561 0.8700520051485477
5400 9294 5.13634760362374
5400 5399 16.133959829825738
5401 5374 3.6564480420158176
5401 5373 6.188117770671181
5401 6565 4.68521557044954
5401 6568 7.86021901742335
5402 9035 0.4065802393183534
5402 9033 1.5874543235643217
5403 5404 6.5146702893925665
5404 5394 9.433831620851002
5404 5403 6.5146702893925665
5404 3637 8.98699701017706
5405 6560 6.393840463589352
5406 3635 49.68215769085549
5406 5261 7.428811633987888
5407 7795 1.3200508748205222
5408 5382 2.239947811955005
5408 5436 21.0833297970643
5408 5433 8.795245488865286
5409 4744 6.038582404620941
5409 6809 31.154529733196277
5409 6788 4.699522229036523
5410 5415 24.558182129700416
5410 4743 21.189889538431167
5410 6771 14.67151026075053
5411 8581 4.879419220537034
5411 8584 7.348319546203607
5411 5940 8.709950645692166
5412 5384 5.326160326224269
5412 5385 13.827660403748004
5412 8581 6.07897724163073
5413 5389 11.894074771324709
5413 5388 11.69734488330794
5413 9420 10.616013318452083
5414 5415 4.528446024109443
5414 6765 2.4186410641427725
5414 6750 15.716546314463594
5415 5414 4.528446024109443
5415 5410 24.558182129700416
5415 7256 20.20472970276235
5416 6809 16.322206914085402
5416 5145 24.63048005261892
5416 6799 9.281796545024307
5417 4802 8.306501110993475
5417 4745 6.9189804322744415
5417 6777 7.892761314894089
5418 4745 7.9526604900743765
5418 4796 12.092171708948982
5418 5450 6.809223783500425
5419 6776 8.489340564522568
5419 8422 21.560216303722694
5419 4786 15.898411937801423
5420 6776 30.141257180996657
5420 5387 9.913851061092183
5420 5457 11.76778079036297
5421 4790 13.850878907880315
5421 5387 28.568159882396035
5421 5422 6.842851959007046
5422 5421 6.842851959007046
5423 5424 8.635929935473074
5423 9000 8.222880576702151
5423 3676 17.064561646412447
5424 5423 8.635929935473072
5424 5429 4.742675413748047
5424 5760 10.812065109373599
5425 5426 9.878704802986162
5426 7538 7.4002881503222255
5426 5425 9.878704802986162
5426 5427 10.847533166432074
5427 5426 10.847533166432074
5427 2089 35.19859648715231
5427 998 8.74249920120809
5428 998 4.0483365546118915
5428 7545 3.808245113441608
5428 7557 4.254161066874551
5429 5424 4.742675413748047
5430 4750 13.759409286235647
5430 5384 22.782100589395125
5430 5949 20.790297030669826
5431 5435 5.841647562739998
5431 4795 5.749891534139574
5431 4794 6.930838803471584
5432 8423 8.235610552442113
5432 5436 11.166608129778625
5432 8476 6.851994397880573
5433 5408 8.795245488865284
5433 4792 28.142385390072054
5434 5465 12.010523489441969
5434 9420 28.488011089681677
5434 7625 29.246709595718848
5435 8476 3.171225327151799
5435 5431 5.841647562739998
5435 5436 28.327103440249786
5436 5408 21.083329797064298
5436 5432 11.166608129778627
5436 5435 28.327103440249786
5437 3628 14.007011724426368
5437 5438 4.613025888961821
5437 3218 5.475474940987963
5438 3627 43.763739945889235
5438 5439 9.203426759127982
5438 5437 4.613025888961821
5439 5440 7.831955090114705
5439 3627 24.84792687494411
5439 5438 9.20342675912798
5439 3628 28.987011600916656
5440 3630 24.694281267571565
5440 5441 9.645034946587609
5440 5439 7.831955090114705
5440 3629 33.661438914304576
5441 3629 16.27492971773921
5441 5440 9.645034946587609
5441 5266 16.314091770863637
5442 6614 6.463684668951945
5442 5447 9.487272297783008
5442 6613 7.798086040612183
5443 5444 15.289742329872215
5443 4748 19.213993770469113
5443 6175 1.3353708368509232
5443 3659 38.22826299739557
5444 5443 15.289742329872215
5444 3671 1.1373118078476616
5444 5446 5.201629665597296
5445 3628 15.006746456007303
5445 3219 5.705083051605271
5445 983 16.546318057526484
5446 3659 25.13808836039305
5446 5444 5.201629665597296
5446 3660 26.094965342237913
5447 5442 9.487272297783006
5447 6204 14.234302549375666
5447 7183 7.623858368873564
5448 3660 19.152048705448117
5448 3661 6.420303143600739
5448 6619 7.465393001592783
5449 8431 0.9361251925457111
5450 8431 5.306573611664666
5450 5418 6.809223783500425
5450 5453 19.908386474485496
5451 8423 0.9997877136459064
5452 5945 22.13541621457761
5452 4798 5.322702884515514
5452 5948 7.648101545346939
5453 5454 6.2114097259194425
5453 5450 19.908386474485496
5453 5947 29.114422315852497
5454 4796 16.213447547983908
5454 5453 6.2114097259194425
5454 5947 24.987758191699534
5455 7998 0.8613784104419278
5456 5949 7.871708277086987
5456 2097 5.060072110531621
5456 5385 10.986451459294601
5457 5420 11.767780790362968
5458 3670 11.295375359344725
5458 6908 15.892781300853384
5458 6572 11.394735339311643
5459 6560 10.051480820201936
5459 5464 23.618267878269037
5459 3666 17.364409544306643
5460 6580 7.388564304498938
5460 8421 13.017445937408779
5460 9468 11.321786168489703
5461 5466 11.044547653045642
5461 5463 14.305613993111798
5461 8475 18.299351353554
5462 8714 0.6241163616184188
5463 5461 14.305613993111798
5463 5464 26.23117084340712
5463 5468 5.593147177648894
5464 3669 6.760506947971026
5464 5463 26.231170843407124
5464 5459 23.618267878269037
5465 5387 2.8229835155371394
5465 4752 8.36317519562256
5465 5434 12.010523489441969
5466 9468 3.694441247190512
5466 6824 19.850413005014257
5466 5461 11.044547653045642
5467 4782 12.10912281688952
5467 5471 13.130879958549363
5467 5470 10.778910196583176
5468 5463 5.593147177648894
5468 8714 10.702807216320755
5468 9316 9.356337663295806
5469 3668 24.68885156105937
5469 3669 37.785706379710476
5469 3662 7.356895378012666
5469 3665 8.275609379643072
5470 4783 9.485369210835316
5470 5473 6.902765303060387
5470 5467 10.778910196583176
5471 8434 4.188753346482127
5471 4797 13.770689646918422
5471 5467 13.130879958549365
5472 8434 0.9409273750447019
5473 6633 0.8826369475136268
5473 6630 2.373471963889632
5473 5470 6.902765303060387
5474 5475 7.47740852580405
5474 5943 5.647047017867999
5474 5942 7.375708008316999
5475 5142 5.813004947453773
5475 5476 14.781342875562085
5475 5474 7.47740852580405
5476 7622 4.627403122526706
5476 5475 14.781342875562085
5476 2095 12.698064860551181
5477 5479 4.120178694659666
5478 5479 1.3709667705182902
5479 5478 1.3709667705182902
5479 3384 6.814010578897159
5479 5477 4.120178694659666
5480 8995 2.834701529306967
5481 5483 0.5525282604701912
5481 8995 5.238683117780395
5481 3353 2.5397645062824474
5482 5483 6.283928177511818
5483 5481 0.5525282604701912
5483 5482 6.283928177511818
5483 3342 3.9205835836797713
5484 5485 4.56054087562066
5485 3075 17.266096962579358
5485 3074 8.266546774522137
5485 5484 4.56054087562066
5486 5219 0.8506395958385723
5486 5220 5.248165162083586
5486 8457 1.91803451511977
5487 5505 0.696795339970125
5487 5208 10.108647060437246
5487 9378 1.0221811460522465
5488 5241 0.7710966458848211
5488 5489 0.8390822165865208
5488 5237 20.418567643724124
5489 5488 0.8390822165865208
5490 5523 1.8655688032267699
5490 5274 2.250838771648096
5491 4568 6.816362964701834
5491 1643 9.32329487622952
5491 5492 24.295561525473865
5492 1644 4.951718013630104
5492 8934 19.54804965901931
5492 5491 24.295561525473868
5493 1401 0.8043681649648902
5493 1691 3.836424276119927
5493 1400 4.9823444875532585
5494 4305 2.4055550919802777
5495 4975 0.7298850051770286
5496 5206 1.2758722958958584
5497 5498 1.1475196795495075
5498 5497 1.1475196795495075
5498 5499 0.8962309532918944
5498 5198 9.738450213186564
5499 5498 0.8962309532918944
5500 7386 1.2731793229219426
5500 7394 9.213939644140396
5501 5016 8.116950075459556
5501 832 9.591887880591884
5501 5503 7.300330819420101
5502 5503 1.0092582725609802
5503 5502 1.0092582725609802
5503 5501 7.300330819420101
5503 4868 1.3024790570801454
5504 4980 7.665851270193865
5505 5487 0.696795339970125
5506 5018 22.038899502088245
5507 6319 4.266124981558069
5508 1966 4.779573249410237
5509 6010 3.7768695116719604
5509 1425 4.5903719338387985
5510 1244 1.2924739162677967
5511 3029 10.807952462468121
5511 994 13.549669572643095
5512 8652 3.1465853297641875
5512 1497 7.936470867173421
5513 5515 9.035433268802551
5513 5520 15.914643803875835
5513 5514 5.65451033507412
5514 3919 2.765474317636602
5514 5513 5.65451033507412
5514 5516 2.4752649178865127
5515 3920 3.959721993982235
5515 5516 0.760834417601509
5515 5513 9.03543326880255
5516 5518 5.162854532421464
5516 5515 0.760834417601509
5516 5514 2.4752649178865127
5517 5518 1.0725173472785747
5518 5519 1.5268948954198551
5518 5517 1.0725173472785747
5518 5516 5.162854532421464
5519 5518 1.5268948954198551
5520 7122 8.20059877117554
5520 1991 7.309676348097355
5520 5513 15.914643803875832
5521 3919 11.612452707270874
5522 5529 6.124809392754163
5523 5274 1.91421117713484
5523 647 1.3063095176852002
5524 3918 5.234398148929318
5524 5529 4.995136257395654
5524 5525 5.8192317966991265
5525 5524 5.8192317966991265
5526 5527 3.2521089375296306
5527 5526 3.2521089375296306
5527 3111 5.459338851787884
5527 3920 0.8397468686480497
5528 5529 4.174314360834392
5529 5524 4.995136257395654
5529 5528 4.174314360834392
5529 5522 6.124809392754163
5530 3897 0.65760530773513
5531 1552 6.8537681611825985
5531 1549 3.878043118921054
5531 1550 2.927764062177315
5532 1180 7.662287523220054
5532 179 3.2900215008542455
5533 82 14.691640725649007
5534 8857 3.2047799816061877
5535 7176 0.8569234989250737
5535 5536 11.7139859945035
5535 2900 7.600437774303952
5536 2910 2.3574196790521245
5536 5535 11.713985994503501
5536 2901 7.613942776734888
5537 5538 3.168040501261942
5537 1151 7.9252893888462745
5537 5539 42.30157792933321
5538 5537 3.168040501261942
5538 5545 8.71060861748563
5538 86 8.097185438753641
5539 1170 7.351125449144594
5539 208 10.337585145418876
5539 5537 42.30157792933322
5540 554 0.47634024757490456
5540 1384 0.8973471652854769
5541 3271 6.071158032594642
5541 2894 4.620429023485785
5541 5365 23.960641214452405
5541 6030 9.169590217769823
5542 6949 4.617691025083364
5542 5543 6.671305867467689
5542 6942 28.261281681951772
5543 5542 6.671305867467689
5544 53 3.697624817458628
5544 8133 45.97336444875956
5545 5538 8.71060861748563
5545 210 39.44984664575647
5546 1558 3.677042501593285
5546 178 19.56798975433426
5546 1566 7.1180311953014925
5547 1565 1.9020495560795165
5547 5550 4.581254031216895
5547 1559 6.501593527864647
5548 1567 1.4297839145742528
5549 5699 9.134771137400131
5550 5547 4.581254031216895
5550 6116 2.065023422306406
5550 1563 6.85664713470564
5551 5552 4.834785146740332
5551 1419 12.063368895492431
5551 5553 8.734103945888714
5552 5551 4.834785146740332
5553 5554 3.8805998891761435
5553 5551 8.734103945888714
5553 2932 16.243445005334024
5554 5553 3.8805998891761435
5555 9177 10.501266977961869
5556 8536 0.9433374198080894
5557 4108 62.648689098097385
5558 1241 1.0071951117924096
5558 157 19.072835644776184
5559 7685 1.8245957249117843
5560 9090 89.57962566029194
5560 462 5.132698304118238
5560 6924 3.4124245688556476
5561 7649 0.5205358488333074
5561 3876 10.84296025316053
5561 6146 6.955827793645936
5562 3193 6.037210446523551
5563 2283 1.5394816395222632
5563 3199 14.891981341962431
5564 3204 4.3605914106339885
5564 5565 4.567567184515847
5564 3202 4.6476172584492605
5565 3201 8.399122852331377
5565 5564 4.567567184515847
5565 3202 8.64484727267526
5566 5567 1.970549267276394
5567 3201 8.72684951543482
5567 5566 1.970549267276394
5567 3206 8.985948002955842
5568 3882 4.765035065338232
5569 4664 8.74744799315411
5569 5606 5.5279596577074
5569 4663 6.835777270058421
5570 554 1.4422262901112957
5570 5571 1.575605486415289
5571 9482 4.062607981220634
5572 5540 2.4359267854919504
5572 1384 3.2181819650253667
5573 7935 1.0811630624568487
5574 2821 10.51228104997035
5574 2955 14.047825037182266
5574 7935 18.024084153920626
5575 2819 2.8842165799424184
5575 5579 2.2945832743601153
5575 8207 4.957554200824284
5576 2819 3.5014596377638405
5576 5578 2.0033439733126666
5576 5577 1.9879008300435548
5577 5576 1.9879008300435548
5578 5576 2.0033439733126666
5579 5575 2.2945832743601153
5580 2752 6.645605213859701
5580 2751 48.45393277529424
5580 5992 21.75826786880671
5581 1378 4.801681971952001
5581 5583 0.7140955621377608
5581 1376 15.695627314380326
5582 7587 2.320931180249449
5582 1213 13.744908727353828
5583 5581 0.7140955621377608
5583 5572 2.1714863855581172
5583 1199 10.961339590725172
5584 7904 0.9428632200272155
5584 3689 9.944801849260925
5584 7901 2.14997296271058
5585 4042 6.799068439610069
5586 5587 1.373348464581283
5586 4172 7.521489144752571
5586 5588 3.218165484755954
5587 5587 5.923809260177855
5587 5586 1.373348464581283
5588 5586 3.218165484755954
5589 5590 7.497470943747224
5589 6281 2.516467315401472
5589 6286 3.0463127918381843
5590 5591 0.9224738018575974
5590 5589 7.497470943747226
5590 5593 5.806770650893565
5591 5590 0.9224738018575974
5591 5592 11.008727025328634
5591 6284 4.780856317051343
5592 650 7.848600463359248
5592 651 7.6728024306543
5592 5591 11.008727025328636
5593 5590 5.806770650893565
5594 6286 3.179536266649187
5595 6233 16.358275511922653
5595 7713 6.127277783675399
5595 5610 5.365907957575886
5596 5597 8.169172829814642
5597 5596 8.169172829814642
5597 7701 3.3410231398317913
5597 7908 6.851631101168864
5598 4549 5.034245967934687
5599 4549 5.750666815243066
5600 8770 5.081044914406826
5601 8770 5.901711612394755
5602 5603 2.289859665676448
5603 5602 2.289859665676448
5603 8510 18.572326235736686
5603 5651 2.331380195663183
5604 4665 23.612122100604502
5604 5619 5.883919228808984
5604 5651 3.706205823290693
5605 5606 15.165057880318908
5606 5605 15.165057880318908
5606 5569 5.527959657707401
5606 7447 13.200816353310712
5607 5608 3.65819800583275
5608 5609 1.2166474358090462
5608 7721 5.248613328320021
5608 5607 3.65819800583275
5609 5608 1.2166474358090462
5610 5595 5.365907957575886
5611 5615 6.3573837257630625
5611 5612 10.11523506804091
5611 5614 8.44083083649778
5612 699 1.9095405246229924
5612 5624 4.7100045954982885
5612 5611 10.11523506804091
5613 5614 6.38214565836659
5614 5617 5.38792348388247
5614 5611 8.44083083649778
5614 5613 6.38214565836659
5615 5611 6.3573837257630625
5615 5618 6.49514714099925
5615 5623 10.236638858227078
5616 5617 5.953044243684447
5617 5616 5.953044243684447
5617 5614 5.38792348388247
5617 5618 13.13661949907557
5617 5619 5.554062360379689
5618 8524 3.5838967618803905
5618 5617 13.13661949907557
5618 5615 6.49514714099925
5619 5604 5.883919228808983
5619 8524 11.713572186477464
5619 5617 5.554062360379689
5620 5621 6.121040975647856
5620 5655 1.0362741055798854
5620 5654 0.5190660011436181
5621 5620 6.121040975647856
5621 5622 3.561211579686621
5621 5656 7.319269361661251
5622 5621 3.561211579686621
5623 5624 4.7484437552605065
5623 5615 10.236638858227078
5623 5657 4.376801475803524
5624 5612 4.7100045954982885
5624 5625 2.1559664330090422
5624 5623 4.7484437552605065
5625 5624 2.1559664330090422
5626 5632 25.828965392245088
5627 5628 3.1279649311872975
5628 5627 3.1279649311872975
5628 698 5.210483633356508
5628 5630 3.6903091151494265
5629 6287 0.8458064204086732
5629 6279 0.9888083592062008
5629 5630 9.384945590181712
5630 5628 3.6903091151494265
5630 650 9.316444419860058
5630 5629 9.384945590181712
5631 6235 1.0837131775812252
5632 698 2.4450908076177966
5632 5653 21.038726278161164
5632 5626 25.828965392245088
5633 5644 3.4245921171261267
5633 5634 12.346597443736755
5633 5637 6.324417366697174
5634 5633 12.346597443736755
5634 5647 4.276903561257463
5634 5643 14.099354749244005
5635 5636 0.8236440190007809
5636 5635 0.8236440190007809
5636 5638 0.8392997523467925
5636 5637 14.283940644506295
5637 5133 9.380459304965443
5637 5633 6.324417366697174
5637 5636 14.283940644506295
5638 5636 0.8392997523467925
5639 5640 0.9376902096512802
5640 5639 0.9376902096512802
5640 5642 0.8661826004781492
5640 5641 10.220889863252639
5641 5640 10.220889863252637
5641 4400 4.435571541862307
5641 4410 30.123095184982425
5642 5640 0.8661826004781492
5643 4692 6.238973944285794
5643 5634 14.099354749244007
5643 4400 3.2126300150381777
5644 5633 3.4245921171261267
5644 5645 0.4350172698746959
5644 5646 0.3602474350032772
5645 5644 0.4350172698746959
5646 5644 0.3602474350032772
5647 5634 4.276903561257463
5648 4410 16.11903062593939
5648 4406 5.687497914535357
5648 5649 2.262554092748718
5649 4400 2.4081361144911124
5649 5648 2.262554092748718
5650 8524 1.7466383356940838
5651 5604 3.706205823290693
5651 5603 2.331380195663183
5651 5652 1.488803905572105
5652 5651 1.488803905572105
5653 5632 21.038726278161164
5654 5620 0.5190660011436181
5655 5620 1.0362741055798854
5656 5657 10.113974380463436
5656 861 3.1158701096729287
5656 5621 7.319269361661251
5657 5658 6.782501428321868
5657 5656 10.113974380463434
5657 5623 4.376801475803525
5658 9446 2.3619109993459158
5658 4551 3.333474995664323
5658 5657 6.7825014283218685
5659 7886 0.44682871471368557
5660 6798 6.3676065579327865
5660 6767 2.4331465576807627
5660 4742 4.877803626476323
5661 6713 7.04141441961019
5661 7274 10.747727384499049
5661 7272 6.71518075868196
5662 5663 11.081163609371957
5662 1599 11.255525468926015
5662 1641 18.17473689456655
5663 5662 11.081163609371957
5663 4444 1.0604018986553425
5663 7145 4.594035043410323
5664 2261 9.818784065058471
5664 3684 1.4680949988984535
5664 704 11.64757813063017
5665 2262 12.513114771116383
5665 3684 3.486656001954737
5665 705 12.391822618645616
5666 1198 13.016044388701035
5666 564 6.066956783802731
5666 2106 20.62284258178279
5667 1824 3.6178621882123316
5667 1813 18.814121553842963
5667 4707 6.425211141151745
5668 2186 5.48585404404867
5668 2176 5.112539292450698
5668 2175 6.836958132254454
5669 2180 1.1588129370177767
5670 2180 1.1166343351122863
5671 1713 0.9396909625688585
5672 1713 0.8086472676144637
5673 1711 0.6477013401851155
5674 1711 0.648605193981893
5675 92 9.377548090481337
5675 8222 7.04048643408875
5675 5677 58.616742279737934
5675 1361 41.539736638906994
5676 5677 8.79591552498894
5676 362 8.728233108843895
5676 92 56.41449199431903
5677 4250 8.833431844193333
5677 5675 58.61674227973794
5677 5676 8.79591552498894
5678 2139 0.6193463893910427
5678 6972 38.366771604678775
5679 2099 0.6105915978746889
5679 1850 50.11676405320524
5679 7882 21.235329293956422
5680 6976 0.8526105838588739
5680 5687 14.792715852900795
5681 5682 4.029572688617737
5681 4708 0.512270341396792
5682 6975 0.5690850884336952
5682 5683 5.318512402656002
5683 2177 0.5351604323798954
5683 2176 7.646607539371996
5683 5684 10.867605756058282
5684 6974 0.564355713821626
5684 2174 5.3218227534541285
5684 5685 8.06440315540393
5685 6973 4.615121925364576
5685 6974 8.231633985852953
5686 3947 8.449586691893273
5686 5686 8.881879235790072
5687 6082 7.257711328666204
5687 4652 0.4915653763947999
5687 5681 13.10935848767963
5688 4174 6.275748128147794
5689 5690 1.5981686973329647
5689 5691 5.126003839803622
5689 5692 14.63091838611554
5690 5689 1.5981686973329647
5690 4174 16.404086148614443
5691 5689 5.126003839803622
5692 5689 14.63091838611554
5693 5694 4.778465184316648
5693 5693 7.184972359547148
5694 2155 1.7137392982833188
5694 1739 7.365433721034427
5694 5693 4.778465184316648
5695 1822 14.43910854196113
5696 2517 6.903352157671462
5696 2518 2.0261931527171244
5696 2519 0.8091018762145503
5697 6437 7.22020703018899
5697 161 2.0944129833466008
5698 943 3.5514052921616117
5698 4462 5.97942971079374
5698 7991 2.1280111361040857
5699 1566 12.9928307429044
5699 5549 9.134771137400131
5699 9208 6.598629605798365
5700 3624 5.7096298805116215
5700 3536 4.577321962732901
5700 9095 10.347595428330381
5701 5702 2.6323195866926716
5701 1010 1.20942805981838
5701 3623 3.9356306859855295
5702 5701 2.6323195866926716
5703 9441 4.01521790309091
5703 2326 3.675307832996088
5703 4958 4.15466573478882
5704 3531 0.8693228517330954
5704 9443 1.0101235807249886
5704 3534 9.83699760349579
5705 1139 9.087304184631654
5706 419 0.7013254025459206
5706 7807 11.505972982588606
5706 4433 4.336658207542992
5707 4436 2.02629213090529
5707 4435 1.1653083163976774
5707 8725 3.266365788751004
5708 3519 8.501777699943336
5709 966 5.067185923634773
5709 965 5.275692976909798
5709 5710 9.152335683718421
5710 9087 1.9880701136314622
5710 7584 1.7056720822789044
5710 5709 9.152335683718421
5711 4957 7.378066903988311
5711 3532 3.3826900039048544
5711 8479 11.896430843809654
5712 2326 4.764984682039321
5712 1020 7.602351521889182
5712 2327 8.730906940804227
5713 2326 14.14018129060992
5713 2327 10.073161964250202
5713 2325 16.183411873477134
5714 1023 8.140502410584428
5715 3331 2.0399658347772505
5716 3331 4.198329348871623
5717 1021 0.8095619335799881
5717 819 9.24216260645789
5717 1019 4.23864098159002
5718 5719 4.45844073646086
5718 1686 8.131521784250378
5718 4492 3.4472469383270914
5719 5718 4.45844073646086
5719 1685 11.684252180018799
5719 3940 10.551471473677424
5720 6895 33.31103008024
5720 1414 4.184735965227693
5721 9156 0.7470547868561592
5722 1598 7.367372833987783
5723 4222 4.720162777240353
5723 5724 15.40373664269864
5723 5725 7.231234182109963
5724 5723 15.40373664269864
5725 5723 7.231234182109963
5726 4219 18.72564782849201
5726 4218 24.716080755720498
5726 4222 19.542280749505807
5727 4227 25.475891028253848
5728 4161 16.3120855317185
5728 4154 15.40735785849372
5728 4157 8.324906528730695
5728 824 9.96657884058313
5729 7245 1.0595494097865206
5729 5730 7.381528906785667
5729 5734 12.541380203196125
5730 5729 7.381528906785667
5730 7246 1.1484820083626899
5730 5732 9.742208208713407
5731 5733 4.44922244680932
5731 7248 1.0238507006097994
5731 7247 0.9128120924929433
5732 5730 9.742208208713407
5732 5734 8.71549994543808
5732 5733 3.1911667550335965
5733 5731 4.44922244680932
5733 5736 4.240219537763867
5733 5732 3.191166755033597
5734 5729 12.541380203196125
5734 5732 8.715499945438081
5734 5739 5.339957350157178
5735 7243 1.0946512355621343
5736 8707 7.304501988188522
5736 5733 4.240219537763867
5737 8707 1.204347586645739
5738 5739 5.929243260355582
5738 5134 6.163365215775238
5738 7243 9.173544254669029
5739 5734 5.339957350157178
5739 5738 5.929243260355582
5739 7242 2.4720104665746367
5740 1656 5.620245413077978
5741 9122 0.8821952465533008
5741 2457 7.122157384162875
5742 5743 12.587092999837223
5743 8776 9.660038375799003
5743 5742 12.587092999837223
5743 5745 5.806691120591349
5744 4166 9.09710376842789
5745 5743 5.806691120591349
5745 2352 13.436822731466508
5745 2457 9.073694087626523
5746 4528 2.6453676662299634
5747 1425 10.75007843033632
5747 697 29.38858642480774
5748 890 6.759844273963768
5749 3594 3.6225931199069543
5750 3596 27.234649211155233
5751 3464 6.399639072286017
5751 5755 10.876756099737785
5751 3608 8.01768344195456
5752 3477 29.198212366226553
5753 5758 3.1258615357072217
5754 5757 12.412313513688236
5755 5751 10.876756099737785
5756 3464 18.35267381486635
5756 3608 27.631972730557887
5756 5758 8.374296475707343
5757 3453 7.1805164468010405
5757 3452 3.0917302596445326
5757 5754 12.412313513688234
5758 5753 3.1258615357072217
5758 5756 8.374296475707343
5758 8384 3.604815403965543
5759 3632 22.25779460656148
5760 5761 2.6080944593214004
5760 5762 1.4069041305251149
5760 5424 10.8120651093736
5761 5760 2.6080944593214004
5762 5760 1.4069041305251149
5763 1007 14.429265892971644
5763 298 12.249635484037512
5763 1006 6.623865115060011
5764 2213 0.7177567140389163
5765 2213 0.8258167996326187
5766 9199 0.5515084973754406
5766 4183 16.628775727541488
5766 2061 12.671103908547419
5767 5768 13.893403648532535
5768 5767 13.893403648532535
5768 9235 4.4437964894251705
5768 3898 5.557468920379159
5769 3987 4.783573327690579
5770 749 10.642871512908375
5770 676 5.175113894632137
5770 673 26.264079818281314
5771 575 1.625590984965842
5771 679 18.69240947792714
5772 441 6.660338464777999
5772 667 5.763524544863141
5773 1856 1.007586529252182
5774 1855 1.3222849680844093
5775 1856 5.420404321437479
5776 163 5.561591807714913
5776 7358 5.418851470035289
5777 5779 1.9815089732740638
5777 3626 84.42386472462452
5777 3625 3.3010255703155313
5778 2450 2.334481984043301
5778 2449 8.530744016448821
5778 3625 18.062571760870608
5779 3626 1.0610888483286038
5779 5777 1.9815089732740638
5779 3625 3.4780876887408025
5780 6067 2.9553986602269733
5780 6045 13.92609440830443
5781 4889 3.9958857659220253
5782 9150 2.8883224505513754
5782 4889 21.083261302933256
5782 9151 7.718025036682908
5783 9152 6.728949944324815
5783 4890 7.745675445342182
5783 4238 5.40111093273559
5784 933 21.521013295839335
5784 572 11.283693890354526
5784 891 6.6965313084988685
5785 4357 11.539835908186697
5786 4359 2.9401814494320444
5786 5155 7.3219586337665445
5786 4357 6.3824610359686185
5787 2040 1.230615434398804
5787 2039 0.6371108139014731
5787 2021 5.375104361586467
5788 2046 5.986096551088943
5789 9514 1.3022916548587058
5790 9509 1.0285295608389728
5790 9096 2.5713111338780372
5790 9275 16.05579745065893
5791 5792 1.2971505860768784
5791 3028 10.450940324106845
5791 431 7.834979213363585
5792 5791 1.2971505860768784
5792 8036 1.3443398579907437
5792 6899 6.121586579484107
5793 306 29.954739537999732
5793 644 3.570223535872309
5794 1408 0.5429542789569239
5795 3749 6.5580439419197365
5796 9185 4.559779831079343
5797 39 2.4459056188002406
5797 5798 2.935677201151218
5798 2247 4.109538074252551
5799 5313 9.631115387863634
5799 3349 19.146475149589293
5799 3350 26.97198598508611
5800 5801 18.006749692976367
5800 4588 3.5388861392536866
5801 8174 0.8561544690299727
5801 5807 2.172935468850019
5801 4589 1.7609296486256134
5802 5803 1.8190979087585004
5802 2838 1.1887594374748374
5802 2839 3.6657376773772747
5803 5804 1.6195460007598959
5803 287 1.138369852081479
5804 2836 1.0472858155424813
5804 2835 4.9445348908164855
5804 2845 2.9591264824150687
5805 2458 0.703651494428374
5805 8174 2.2577438534540755
5805 5806 2.5718189203108848
5806 4588 12.743306155117684
5807 5801 2.1729354688500195
5807 6463 9.17734354165997
5807 4589 2.6980269719514247
5808 5809 1.0709237914551408
5808 4588 4.66019430324647
5808 5810 11.89402628791914
5809 5808 1.0709237914551408
5810 5812 5.594351286591904
5810 7005 25.182180196457754
5810 5808 11.894026287919136
5811 5812 6.6251596630608525
5812 5810 5.594351286591904
5812 5813 1.0786157617634486
5812 5811 6.6251596630608525
5813 5812 1.0786157617634486
5814 5815 1.0007819715910717
5815 641 1.0285919355083974
5815 5814 1.0007819715910717
5815 642 24.521410497348942
5816 6376 10.712226518040305
5816 2505 19.25233392564089
5816 2496 5.139626546429754
5817 2499 1.4761304898702248
5817 6379 0.9702611940047634
5817 2502 6.107471450036641
5818 990 3.761417762811484
5818 312 4.789192537117344
5819 3180 1.196762862563
5820 1510 6.44700216002636
5820 6943 5.762296674081042
5820 6941 4.262958974093337
5821 1509 6.561132490010793
5821 6941 4.5615638314748805
5821 6945 5.771830892306019
5822 4542 37.08892437043964
5822 4539 28.570010657288964
5822 5138 7.637515129969387
5822 4540 8.822140514222562
5823 4562 25.52245795927963
5823 4557 8.000294187287487
5823 8046 8.251739936699849
5823 4565 8.193200714952319
5824 5861 10.94170781402372
5825 4538 8.138859585424628
5826 5860 12.978314944927396
5826 5128 12.8537347327946
5826 5110 2.7537420480928576
5827 5828 6.475705568937795
5828 5827 6.475705568937795
5828 866 8.668571373357993
5828 870 22.493525603745752
5829 868 15.340791353660986
5830 8074 4.587643355454638
5830 5834 7.906661762882279
5830 5831 7.032533306301408
5831 5833 4.798269356909414
5831 5832 10.05920340604048
5831 5830 7.03253330630141
5832 5831 10.05920340604048
5833 5831 4.798269356909414
5834 5830 7.906661762882279
5834 6275 7.543645656012995
5834 4536 18.671747571599838
5835 8007 1.587661705822841
5836 8007 7.561948945105375
5836 7533 8.950863205867401
5836 5840 11.264257570936572
5837 9341 0.739760860178251
5838 5839 3.799521416308617
5838 9341 3.189551362657717
5838 5840 3.210194566799293
5839 5838 3.799521416308617
5840 4874 7.67715552465665
5840 5836 11.264257570936573
5840 5838 3.210194566799293
5841 4556 12.48160181945443
5842 5843 8.488417405408303
5843 4556 7.6563793002025164
5843 5845 8.446563560556319
5843 5842 8.488417405408303
5844 3677 6.7628131834706995
5845 866 23.870887885560848
5845 5138 13.227128679926967
5845 5843 8.446563560556317
5846 4695 8.688548488587653
5846 4692 11.56019240289191
5846 4699 18.860626650868618
5847 5848 4.443561578211833
5847 6100 7.275033671573457
5847 5135 8.440239104542417
5848 5847 4.443561578211833
5848 6098 3.8716273881148124
5848 6097 1.8604469176528062
5849 5850 6.096302865914153
5850 3471 8.753419079445738
5850 5849 6.096302865914153
5850 5851 6.785871822784403
5850 3470 9.521654901316698
5851 5850 6.785871822784403
5852 6133 0.6338747187301101
5853 5856 6.100333633016112
5853 5855 9.162776750274407
5853 6133 23.697373261742218
5854 6135 0.8514878241380672
5855 5853 9.162776750274407
5855 3188 9.086365744957384
5855 6135 24.271427568791907
5856 3191 2.347110474210408
5856 5853 6.100333633016112
5856 3189 24.28691261099428
5857 5859 4.798212047810266
5857 5858 2.0741941579157697
5857 6142 1.2504415092934424
5858 5857 2.0741941579157697
5859 5857 4.798212047810266
5859 7643 18.059704770607667
5859 3195 19.938296327780716
5860 5826 12.978314944927398
5861 4537 3.4710716174557033
5861 5824 10.94170781402372
5861 5137 3.1328112669256023
5862 4553 15.513652120994902
5862 4557 13.739162265360767
5862 4566 11.946999230614429
5863 4047 4.1716500357109645
5864 4047 3.39907920498081
5865 4045 4.096620934034419
5866 4045 4.153140209670983
5867 4682 4.137250859219447
5868 4682 2.5460218849555534
5869 5870 3.9861431226127744
5870 5869 3.9861431226127744
5870 4668 14.453857941241516
5870 4682 7.74608365707522
5871 5872 2.557373900315365
5872 8720 1.2707901716149181
5872 5871 2.557373900315365
5872 5873 6.509474741144938
5873 9252 1.5465775650981601
5873 4051 15.664576751339384
5873 5872 6.509474741144938
5874 7416 1.3321348785444076
5875 7416 4.806843922700626
5875 7417 2.933419380240295
5875 5877 7.1750435182956975
5876 7410 1.0191284633793503
5877 7410 3.4982851980119114
5877 5875 7.1750435182956975
5877 4684 13.538286245912294
5878 7417 1.0256789603564231
5879 5879 13.853186602186238
5879 8347 6.745119638983681
5880 5881 4.26860168617824
5881 5882 10.224842437699243
5881 5880 4.26860168617824
5881 9311 3.802203539351043
5882 5884 3.6030885641684356
5882 5886 14.750253756088084
5882 5881 10.224842437699243
5883 9311 0.9721609068377469
5884 5902 3.7404630268809664
5884 5882 3.6030885641684356
5885 5886 5.252869102921681
5886 5882 14.750253756088084
5886 9308 5.699113570218493
5886 5885 5.252869102921681
5887 5888 11.369847977787783
5888 5887 11.369847977787783
5888 5889 10.072358110464979
5888 5893 7.888416670640452
5889 5890 31.59092959771904
5889 5888 10.072358110464977
5889 5899 7.874169744010617
5890 5889 31.59092959771904
5890 5892 7.949289145469894
5890 5891 14.835138284278182
5891 7782 0.8900353202608724
5891 7769 0.9551351651182637
5891 5890 14.835138284278182
5892 5893 28.403364199320396
5892 2084 28.02333284905508
5892 5890 7.949289145469894
5893 2085 16.607981141204313
5893 5892 28.40336419932039
5893 5888 7.88841667064045
5894 5897 6.980666179017298
5894 5896 6.905204685082593
5894 5895 7.842682013362744
5895 5894 7.842682013362744
5895 5904 14.40057225625138
5895 2084 14.583730443929436
5896 5894 6.905204685082593
5896 7781 0.921926491612225
5896 7774 0.8158378094644473
5897 5894 6.980666179017298
5897 7775 0.8973735403427425
5897 7767 0.7915598776593955
5898 9300 1.5132534723623745
5899 9300 11.960669761919565
5899 7777 8.69370669149622
5899 5889 7.874169744010617
5900 7777 2.3353145082570497
5901 9308 0.9552401946673775
5902 5884 3.7404630268809664
5902 4799 12.98141137568991
5902 6654 5.465373148607726
5903 7786 0.9158229288326687
5903 7778 0.8330690785558241
5903 5904 18.556486620239447
5904 5903 18.556486620239447
5904 5905 8.198252101440342
5904 5895 14.40057225625138
5905 2079 2.453595680638321
5905 2083 24.385632861089324
5905 5904 8.198252101440342
5906 2081 12.08387866137356
5906 5913 13.853903649947341
5906 5907 7.493973986844911
5907 5906 7.493973986844911
5907 5920 13.305159820556401
5907 5922 11.829004947532145
5908 5909 18.469362628535578
5909 2080 12.225445379736339
5909 2079 9.190862962480843
5909 5908 18.469362628535574
5910 5911 3.5972463572484936
5911 7783 0.8062983189576333
5911 5910 3.5972463572484936
5911 2077 5.89524406621349
5912 5938 16.864745913168157
5912 2077 13.767116529771366
5912 5913 7.976015536507076
5913 5923 9.475710871356744
5913 5906 13.853903649947341
5913 5912 7.976015536507076
5914 8439 0.963030271307615
5915 8439 10.338171691995512
5915 5932 4.665139019250853
5915 5934 8.785531737961284
5916 7768 0.7723281878873148
5917 7768 7.984456538629606
5917 5921 12.824351258360968
5917 5932 14.953052482863392
5918 5919 5.844219253921219
5919 5926 7.042243497277367
5919 5934 7.908774192918021
5919 5918 5.844219253921219
5920 5921 6.410230373304582
5920 5923 12.182787502062245
5920 5907 13.305159820556401
5921 5920 6.410230373304582
5921 5931 4.128013950348659
5921 5917 12.824351258360968
5922 5907 11.829004947532145
5923 5913 9.475710871356744
5923 5926 7.696255550972782
5923 5920 12.182787502062247
5924 5925 8.307875982277293
5924 7773 0.9465440854533871
5924 7784 0.9001542448485561
5925 5924 8.307875982277293
5925 5928 7.78630678181312
5925 5929 7.948276499844785
5926 5923 7.696255550972782
5926 5919 7.042243497277367
5926 5927 7.89563549293901
5927 5928 7.05750970975363
5927 8440 0.931430875612086
5927 5926 7.89563549293901
5928 5925 7.78630678181312
5928 5927 7.05750970975363
5928 5939 7.9479271075104005
5929 5925 7.948276499844785
5929 2080 7.9111081794896805
5929 5930 15.631931269718535
5930 2083 15.684603318895043
5930 5936 22.76169736241493
5930 5929 15.631931269718535
5931 5921 4.128013950348659
5931 8850 0.6194096644254471
5931 8851 0.8047422692851973
5932 5915 4.665139019250853
5932 7785 4.089301029440025
5932 5917 14.953052482863392
5933 7785 1.0136206935385965
5934 5919 7.908774192918021
5934 2080 7.709720448294844
5934 5915 8.785531737961284
5935 7776 0.9669325980083883
5935 7772 0.9482305688710763
5935 5936 9.234936420945278
5936 5930 22.761697362414928
5936 2082 7.978368056820734
5936 5935 9.23493642094528
5937 2076 8.698333152611763
5937 7780 1.6901689742778512
5937 7779 1.3419366249035451
5938 2082 8.274285770008666
5938 5912 16.864745913168157
5938 7788 8.944285614251688
5939 5928 7.9479271075104005
5940 5411 8.709950645692166
5941 8584 0.9558822687726148
5942 5474 7.375708008316999
5943 6645 2.0812281949484577
5943 6647 5.381106260982284
5943 5474 5.647047017868
5944 5946 6.6350352595195865
5944 4782 3.5976277290142837
5944 5945 10.063687820056021
5945 4796 4.9289320328585715
5945 5452 22.13541621457761
5945 5944 10.063687820056023
5946 5944 6.6350352595195865
5946 6632 5.466945749392384
5946 4797 20.905354466411826
5947 5453 29.114422315852504
5947 5948 2.9829181495745507
5947 5454 24.98775819169953
5948 7998 3.9034450642631935
5948 5947 2.9829181495745507
5948 5452 7.648101545346939
5949 5430 20.790297030669823
5949 5456 7.871708277086987
5949 4749 38.5244962707274
5950 3467 9.815821630654362
5951 2096 5.13935483999536
5951 5952 3.7519645079977795
5952 6648 26.08688127129687
5952 7626 15.40200739505836
5952 5951 3.7519645079977795
5953 6651 32.09661960694106
5953 5142 13.098515172039392
5953 5141 7.434912365735251
5954 5955 14.673395384804605
5954 2095 5.0268013910002525
5955 8437 8.13075933575211
5955 5954 14.673395384804605
5956 4780 15.222799262623848
5957 5958 4.725394160837897
5958 4784 5.9579230659356694
5958 8437 10.121842172444598
5958 5957 4.725394160837897
5959 8437 8.107631743703298
5960 8547 1.1644571380584126
5961 5962 6.314525682799577
5962 1742 9.213757307072415
5962 3401 3.184827535150442
5962 5961 6.314525682799577
5963 5964 0.7539858627884886
5964 1789 1.0191524718057445
5964 5963 0.7539858627884886
5964 2012 6.363356997281846
5965 5980 4.002935745739438
5966 1803 4.169756489034789
5966 5967 4.703938295276937
5967 5966 4.703938295276937
5967 5968 3.4150819786876685
5968 5967 3.4150819786876685
5968 1801 0.9882196447699692
5968 5969 9.65908994904474
5969 5968 9.65908994904474
5970 5971 1.5056327925598043
5971 6959 0.9710680780740328
5971 5972 3.712827475950154
5971 5970 1.5056327925598043
5972 5971 3.712827475950154
5972 1807 4.8138495803356625
5972 1804 3.0081708418201187
5973 5974 0.8357994018176117
5974 5975 1.034673535240886
5974 5973 0.8357994018176117
5974 6963 5.913234248174696
5975 5974 1.034673535240886
5976 5977 0.9003603418878894
5977 1804 3.0877921238550057
5977 1805 1.248669836813679
5977 5976 0.9003603418878894
5978 8126 2.0040188533287795
5979 1807 7.021641519926503
5979 1806 4.735411924874915
5979 8126 2.704537826003425
5980 5965 4.002935745739437
5980 1802 15.525394057183567
5980 1803 27.35792522674284
5981 3559 14.113136472521248
5982 5983 3.1360285619514543
5983 5982 3.1360285619514543
5983 5985 2.5737544596021653
5983 9413 1.6442238039105588
5984 9413 0.5400829340680715
5985 3555 3.8704438664982193
5985 385 3.7829439867808423
5985 5983 2.5737544596021653
5986 5987 2.6343012238604073
5987 3557 2.29378459840013
5987 5986 2.6343012238604073
5987 3555 2.7061002517821615
5988 5989 5.846769129428462
5989 5988 5.846769129428462
5989 386 7.334789826981139
5989 3557 5.03114331797275
5990 5991 6.319467614121026
5991 6880 0.9042012759041854
5991 5990 6.319467614121026
5991 3577 18.386616601011113
5992 2545 0.5733449210230048
5992 2688 9.295158459653264
5992 5580 21.758267868806712
5993 4640 2.182644989631845
5993 7900 3.513598675897421
5993 4643 1.6116913464782854
5994 2426 3.7801164077896825
5994 9139 8.115441720205501
5995 8793 2.0479572451819297
5996 22 2.862746426519335
5996 8078 17.933641749371198
5998 3933 2.6384669877159754
5998 5997 19.64222839326481
5999 3301 8.26219534468382
6000 6001 0.9321801376934502
6000 7637 1.9618981061425529
6000 4085 3.3584365675828263
6001 6000 0.9321801376934502
6002 8016 5.171590869817615
6002 3302 5.881154686352834
6002 3301 4.296476048517837
6003 3299 1.1736794964692776
6004 4389 0.8272119066170268
6004 6008 1.003686516855228
6005 1426 2.208575569742069
6006 3871 2.7335194411386774
6006 8730 2.6608938225370014
6007 6004 1.8489436596993354
6007 9198 5.641431634648437
6008 1423 1.5352580962862306
6009 9423 1.3132054212927786
6009 510 8.904427386934463
6009 8039 1.8425792230947127
6010 742 4.692442535618297
6011 9516 16.639279473386622
6012 1697 12.463109265078975
6013 6011 1.5067483562826767
6013 145 3.4175365050562414
6014 154 0.7364790955482792
6015 1548 7.464475082994357
6016 8857 1.12578357560825
6016 84 4.120662798419408
6017 3631 2.4168289446099838
6017 7540 3.5703986342434333
6017 7810 9.452942101396413
6018 5254 0.8888918374165384
6019 5252 0.9791794683696219
6020 5254 1.2608987244309342
6021 5247 0.9346775333448933
6022 5252 0.8942209752751944
6023 2284 0.8790146106245003
6024 3880 11.820057721465847
6024 6023 2.5856738120605907
6025 3269 4.306342814146408
6026 6029 5.3145084642519
6027 6034 8.065100839322673
6027 7111 4.431411104679749
6027 3265 10.404935565378452
6028 3271 4.798107984179619
6029 3266 6.067488010156461
6029 3265 6.222108550187118
6029 6026 5.3145084642519
6030 5541 9.169590217769825
6031 6034 3.5945918377986708
6031 2894 5.551147295739242
6031 7862 2.12538472559526
6032 5366 3.312553785642511
6033 3270 2.100806932054128
6034 6027 8.065100839322673
6034 3275 17.234924609004498
6034 6031 3.5945918377986708
6035 4393 4.572357925458266
6035 3346 9.26861588053897
6036 6035 2.1599932055741142
6036 4393 1.765738036097711
6037 6036 11.410126302850253
6038 8803 0.7636070588304772
6038 3348 3.6956584791364584
6039 6049 2.1802135768582906
6039 4290 1.5927494146474421
6040 6041 0.3090423828756863
6041 6039 2.3611385098498516
6041 6049 0.8419848959505885
6042 6047 0.38922487338549605
6043 8121 0.9953313797354045
6043 3749 5.538069445343266
6044 8120 1.050731503998324
6044 1593 10.829628387893099
6045 6040 0.9919752119627014
6045 5780 13.926094408304431
6046 6045 0.8258724342738292
6046 6040 0.8637395676004992
6047 8119 2.60804309288544
6047 8122 1.0882602655569111
6048 4290 2.1647691320779905
6048 6042 1.1759749651491351
6049 6046 1.4942060620050952
6050 2211 0.697104518047723
6051 6052 1.1520092280505823
6052 6056 1.276949428352633
6052 6051 1.1520092280505823
6052 6054 3.039784809656678
6053 6055 0.6797023448367158
6054 2213 1.5980455871262516
6054 6052 3.039784809656678
6054 2212 4.453489465326352
6055 1339 1.2245961501912672
6055 6053 0.6797023448367158
6055 1338 5.203055131790329
6056 6052 1.276949428352633
6057 6060 2.3198042705144446
6057 1345 21.03916627184179
6057 1346 15.215098635621112
6058 6059 1.1018677935105279
6059 6061 1.1316092348140987
6059 6058 1.1018677935105279
6059 6060 7.784586081855375
6060 6059 7.784586081855375
6060 3893 2.315541463917454
6060 6057 2.3198042705144446
6061 6059 1.1316092348140987
6062 9440 4.845708010992137
6062 8107 1.9140819093120556
6063 5780 3.6353477179066886
6064 8981 1.2637453582227758
6064 8978 1.4870632042633836
6065 6063 1.880776550928785
6065 8108 1.575874508003841
6066 6062 1.0746058004876737
6067 6066 2.109580954576852
6067 8108 1.378573465140533
6068 6069 1.9782676563563528
6068 6070 2.3357888777206433
6069 349 5.562305852047734
6070 6069 2.5231286106528925
6070 526 42.8054669683341
6071 8399 0.9280551956680468
6072 3013 0.7894286366462508
6073 3013 0.7267855643415614
6074 8294 4.209751095882031
6074 2774 15.867792712426118
6075 9017 4.4220520299354895
6075 2709 5.135507617430172
6076 6077 0.5608735673930186
6077 6079 0.6259472455608297
6077 6076 0.5608735673930186
6077 2668 3.259124752048437
6078 2664 11.957740227797473
6079 6077 0.6259472455608297
6080 2007 1.8956912665560506
6080 1819 7.1857114512452736
6080 6081 4.229865717608451
6081 6080 4.229865717608451
6082 5687 7.257711328666204
6082 6084 6.408538985321044
6083 6084 2.051777830368667
6084 6083 2.051777830368667
6084 6082 6.408538985321044
6085 6088 1.4372974941653922
6086 6087 10.871108556031546
6086 6138 3.9618151373426342
6086 6088 7.164919189450021
6087 6086 10.871108556031546
6088 6136 0.6873120362794161
6088 6086 7.164919189450021
6088 6085 1.4372974941653922
6089 6092 1.19488109391231
6089 6091 1.3977075408072948
6089 6090 4.270757417965372
6090 6138 0.5937624556424452
6090 6089 4.270757417965372
6090 6104 3.9806620562703023
6091 6089 1.3977075408072948
6092 6089 1.19488109391231
6093 6094 1.5973472036563336
6094 6095 1.616569922364468
6094 6093 1.5973472036563336
6094 6096 8.300365208457182
6095 6094 1.616569922364468
6096 6094 8.300365208457182
6096 7172 11.07252131447349
6096 7173 6.130475612802551
6097 5848 1.8604469176528062
6098 5848 3.8716273881148124
6099 5135 9.24377101596517
6100 5847 7.275033671573457
6101 9049 12.658033308553648
6102 3187 0.5587637767595108
6102 4751 13.131018948729203
6102 6106 4.534537408192681
6103 6173 7.59006022480376
6103 6102 3.1991306627055742
6104 3188 22.40809212250093
6104 6090 3.9806620562703023
6104 6105 9.322134312592976
6105 8771 10.333267958544566
6105 8772 10.028909434352386
6105 6104 9.322134312592976
6106 4083 0.9949067115346288
6107 4822 0.6929856046271019
6108 4716 15.375806536676665
6108 3836 10.126169775220957
6108 6110 3.487804940810342
6109 9112 0.5504277687646218
6110 6113 0.8877998424227327
6110 6108 3.487804940810342
6110 6111 7.23358403766411
6111 6110 7.23358403766411
6112 5328 1.118304742437943
6113 6110 0.8877998424227327
6114 1568 1.6415621377252352
6115 1568 0.9861352954956922
6116 5550 2.065023422306406
6117 6119 0.8530190718368534
6118 1573 2.2592181767366104
6119 1578 3.322240349271875
6119 1577 0.9926946193404026
6119 6117 0.8530190718368534
6120 1741 10.433956163029725
6121 190 6.190936690649811
6122 4835 4.094575656153818
6122 4837 7.867309790396535
6122 821 11.541901866975229
6123 3190 7.541084905746164
6124 6125 0.6321716973108096
6125 6124 0.6321716973108096
6125 6128 0.6267365809378872
6125 6126 10.016967274354625
6126 6130 3.8066185423264978
6126 6127 3.9366498048302647
6126 6125 10.016967274354625
6127 6126 3.9366498048302647
6127 9009 5.6260154169817325
6127 9193 8.12948274876718
6128 6125 0.6267365809378872
6129 6130 0.46180231386471315
6130 6126 3.8066185423264978
6130 6129 0.46180231386471315
6130 6131 0.5856583506533835
6131 6130 0.5856583506533835
6132 6133 1.284904275441481
6133 5852 0.6338747187301101
6133 6132 1.284904275441481
6133 5853 23.697373261742218
6134 6135 1.0703369819211335
6135 5854 0.8514878241380672
6135 6134 1.0703369819211335
6135 5855 24.271427568791907
6136 6088 0.6873120362794161
6137 6182 10.032201797714459
6138 6090 0.5937624556424452
6138 6086 3.9618151373426342
6138 3466 3.4575672417503855
6139 6140 3.484387953764418
6140 6139 3.484387953764418
6140 7174 5.135248769765204
6140 3289 12.71366413502116
6141 7650 24.288077290268838
6141 2283 0.8686946612912514
6142 5857 1.2504415092934424
6143 4180 0.3392296478014334
6143 4809 9.778732217892177
6143 4185 7.592316585414178
6144 791 25.63061023555375
6144 794 35.66101526879804
6144 4182 6.192425307708582
6145 4186 15.930994953812263
6146 7650 0.5499104933386314
6146 3877 4.757401071642708
6146 3217 6.834462573121268
6147 3877 1.1135331093027965
6148 3877 0.7590308222073886
6149 889 3.642359615974123
6150 78 0.18622642514127372
6151 6163 2.6976307085207747
6151 6162 1.6747681677305768
6152 8766 0.6149066235010412
6152 8833 4.52809651120719
6153 3932 4.3596165338947594
6153 8834 1.8248962756742266
6154 8766 0.7253842213262018
6154 6156 1.1005021516220972
6155 8655 3.013632319792789
6155 6161 3.5672944509341704
6155 459 22.555411605782854
6156 318 16.074157685591693
6157 6152 3.55227766581966
6158 6157 4.759096629911052
6158 4463 5.9562350719283685
6159 8834 0.4298328010843952
6159 6153 1.6448845070656313
6160 6155 4.309686890286571
6160 8655 1.6268221108728722
6161 6158 2.1828512670816016
6162 317 1.873947143277916
6163 6162 2.120960517852032
6163 3509 3.159751551937049
6164 51 3.121917025923582
6165 6167 4.61792491563371
6165 6166 5.383087612306316
6165 9477 2.0899769817725655
6166 4031 1.7707306254805346
6166 6165 5.383087612306316
6166 9387 7.132498665427744
6167 9470 0.341189047851581
6167 6165 4.617924915633709
6168 408 3.564739709878865
6168 412 24.784725842853135
6169 8818 0.13759927854602003
6170 6187 22.601447468223675
6170 6181 7.037928416656058
6170 6198 15.881468649250673
6171 6187 5.619693317820197
6171 6172 29.69742687535897
6171 6183 30.489187263927676
6172 6193 2.850633884677586
6172 6171 29.69742687535897
6172 6191 6.097148887427478
6173 4763 9.302587238830299
6173 6103 7.59006022480376
6173 6178 1.8286757547195274
6174 6181 2.002019170109653
6174 7183 8.960940655838368
6174 3671 8.727363166644846
6175 3671 10.262415588560556
6175 4763 13.144937782226318
6175 5443 1.335370836850923
6176 6205 0.9092867925375954
6176 6203 0.4586349082059992
6176 7182 6.805301529437369
6177 7181 18.46150284178443
6178 6181 60.845477631759564
6178 6173 1.8286757547195274
6178 6193 4.908913829416972
6179 6180 0.8477233019714518
6180 6179 0.8477233019714518
6180 6192 0.9037152833178052
6180 6193 5.202539450069264
6181 6178 60.845477631759564
6181 9115 9.61083944053285
6181 6174 2.002019170109653
6181 6170 7.037928416656058
6182 6137 10.032201797714459
6182 6183 12.438863242754628
6182 6197 12.536793247252945
6183 6182 12.438863242754628
6183 6191 2.5489022427695507
6183 6171 30.489187263927676
6184 6185 0.5677942178755403
6185 6186 0.5401188758325971
6185 6184 0.5677942178755403
6185 6187 6.481532166844757
6186 6185 0.5401188758325971
6187 6171 5.619693317820197
6187 6170 22.601447468223675
6187 6185 6.481532166844757
6188 6189 0.7721515979758036
6189 6190 0.8499463103150852
6189 6188 0.7721515979758036
6189 6191 4.87293593300912
6190 6189 0.8499463103150852
6191 6189 4.87293593300912
6191 6172 6.097148887427478
6191 6183 2.5489022427695502
6192 6180 0.9037152833178052
6193 6172 2.850633884677586
6193 6180 5.202539450069264
6193 6178 4.908913829416972
6194 7766 1.661649920241063
6194 6202 6.929350058282896
6194 6196 11.294250616179966
6195 6204 4.596176367025867
6195 997 5.192906849242843
6195 3664 5.436850626891329
6196 9318 7.368444330643671
6196 6198 4.983206132157528
6196 6194 11.294250616179966
6197 7765 4.3337303051506435
6197 6182 12.536793247252945
6197 6200 5.069768172342497
6198 6201 7.158793799414653
6198 6170 15.881468649250674
6198 6196 4.9832061321575285
6199 6442 0.7765035828835004
6200 6197 5.0697681723424965
6201 6198 7.158793799414653
6202 6194 6.929350058282896
6203 6176 0.4586349082059992
6204 6206 34.29983845501337
6204 6195 4.596176367025867
6204 5447 14.234302549375665
6205 6176 0.9092867925375954
6206 6204 34.29983845501335
6206 7182 10.264864273291058
6206 7183 3.426645485282847
6207 425 14.10641195507116
6207 424 0.8600987780957411
6207 6858 5.855799501078977
6208 424 8.801377258258292
6209 1465 1.600771523314623
6210 3859 0.8266288244960213
6211 3859 0.947643496457058
6212 3867 1.1282833377867543
6213 3867 0.8591151666567185
6214 3863 0.9777011077884626
6215 3863 1.0810235699170152
6216 3222 7.749181170643146
6216 2904 8.501302003278361
6216 6220 9.137457436201013
6217 6218 14.620714267397675
6218 6217 14.620714267397675
6218 7216 2.8367891253316726
6218 983 5.853714679645791
6219 6220 6.376009624256789
6220 9380 0.7374832512638071
6220 6216 9.13745743620101
6220 6219 6.376009624256789
6221 8131 8.579697577644835
6221 7949 4.482181226303296
6222 1304 11.68145301204486
6222 1412 15.569926699126267
6223 2954 1.6643387853965947
6224 591 2.6666080159396235
6224 590 0.7420119176209048
6224 8032 1.281113077339948
6225 7633 3.0183569120921554
6225 2091 3.9161065087024904
6225 7629 6.142107668983653
6226 2092 4.965311194592848
6226 7617 23.016446136574988
6226 7623 10.956951951684566
6227 4545 27.19365594503461
6228 6232 0.7801023519206793
6229 4642 2.3221291257802434
6230 6268 1.610954089450535
6231 6232 1.3036315860474859
6232 6228 0.7801023519206793
6232 6231 1.3036315860474859
6232 4641 12.46626822930721
6233 8518 9.994720612832914
6233 7713 10.80442637159529
6233 5595 16.35827551192265
6234 6235 1.5849859228865506
6235 5631 1.0837131775812252
6235 6234 1.5849859228865506
6235 698 14.202937655202481
6236 6237 5.319439170216575
6237 6239 2.6771604165512737
6237 6241 6.348299400415129
6237 6236 5.319439170216575
6238 6239 1.001443122966775
6239 6237 2.6771604165512737
6239 6238 1.001443122966775
6239 650 6.227057866923658
6240 6241 1.187490188704952
6241 649 2.0818006066583616
6241 6240 1.187490188704952
6241 6237 6.348299400415129
6242 6243 7.037014882633001
6243 6242 7.037014882633001
6243 835 6.171907283182538
6243 6246 6.579900313664391
6244 6248 6.245931911972245
6245 8408 3.2830716213639843
6246 6243 6.579900313664393
6246 8408 10.613060437097321
6246 8363 8.131257711667798
6247 6248 4.219083980786342
6248 6247 4.219083980786342
6248 6252 9.028674075218877
6248 6244 6.245931911972245
6249 6255 7.040251691110151
6250 6255 25.473180698512266
6251 6252 5.787192437896783
6252 6251 5.787192437896783
6252 6253 7.176020974601188
6252 6248 9.028674075218877
6253 6252 7.176020974601189
6253 835 12.016968898832724
6253 6256 11.65957441378558
6254 6282 11.542422602399926
6254 6256 5.358987824162096
6254 834 8.872535914502164
6255 6256 3.897430692651641
6255 6249 7.040251691110151
6255 6250 25.473180698512266
6256 6255 3.897430692651641
6256 6253 11.65957441378558
6256 6254 5.358987824162096
6257 6258 5.611869975856303
6257 6259 9.855434161884146
6258 6257 5.611869975856303
6258 6292 1.6807348662167145
6259 6261 4.887563218238149
6259 6263 8.726866797627167
6259 6257 9.855434161884146
6260 6261 3.998975621609868
6261 6260 3.998975621609868
6261 6259 4.887563218238149
6261 834 8.725930142159429
6262 6293 0.9528365014409163
6263 6264 0.552997329895812
6263 6293 9.494321165321242
6263 6259 8.726866797627167
6264 6263 0.552997329895812
6265 6273 1.0160146099859109
6266 6273 0.592514061477599
6267 6274 0.4048766108329923
6267 6459 1.130487579877993
6267 4547 17.73956287474183
6268 6230 1.610954089450535
6268 6270 1.0635706163878558
6268 4548 5.096838671660803
6269 6271 0.602407618183428
6269 6278 0.8820389914155663
6269 4546 22.54895852990007
6270 6268 1.0635706163878558
6271 6269 0.602407618183428
6272 6276 0.9082808869933169
6273 6266 0.592514061477599
6273 6265 1.0160146099859109
6273 4643 12.206605779905306
6274 6267 0.4048766108329923
6275 4560 9.83086271351662
6275 4537 24.09980751083978
6275 5834 7.543645656012995
6276 6277 1.1707199755988957
6276 6272 0.9082808869933169
6276 4640 10.327956353716809
6277 6276 1.1707199755988957
6278 6269 0.8820389914155663
6279 5629 0.9888083592062008
6280 6286 1.334639344901922
6281 5589 2.516467315401472
6282 6254 11.542422602399922
6283 6288 6.688703962381729
6284 5591 4.780856317051343
6285 6288 8.94949774993346
6285 700 24.924459212762095
6285 4665 16.09121139395246
6286 6280 1.334639344901922
6286 5589 3.0463127918381843
6286 5594 3.1795362666491864
6287 5629 0.8458064204086732
6288 4650 1.2709164605483447
6288 6283 6.688703962381729
6288 6285 8.94949774993346
6289 3112 1.7924187697301275
6289 3110 7.52491566524893
6289 3113 10.55053018638104
6290 6328 3.7956299144182095
6290 3111 7.024180996166663
6290 3112 6.03782112152979
6291 6293 0.7775134990373073
6292 6258 1.6807348662167145
6293 6262 0.9528365014409163
6293 6291 0.7775134990373073
6293 6263 9.494321165321242
6294 758 7.279453308748036
6294 404 6.146639111088677
6295 1412 4.191405784131906
6296 3129 0.7631561027583702
6296 6301 0.8093850746106683
6296 3128 17.48966356817674
6297 3113 2.0561306323432667
6297 6299 2.613490832626345
6297 3109 3.8446856259254654
6298 3915 0.8188348108492487
6299 6297 2.613490832626345
6300 3111 3.6682953218214256
6301 6296 0.8093850746106683
6302 6307 3.4431998698872532
6303 6312 3.277950150366337
6304 6315 3.0226015642027018
6305 6313 3.2312145020904386
6306 1992 6.345154515936129
6307 6302 3.4431998698872532
6307 6317 6.859578905493736
6307 1993 2.2227638468258717
6308 6309 0.5470295966370847
6308 6311 0.36750926613092916
6308 6310 19.585760163822968
6309 6308 0.5470295966370847
6310 6308 19.585760163822965
6310 722 2.532655555920778
6310 6878 3.163374455108809
6311 6308 0.36750926613092916
6312 1999 1.8170325837827246
6312 6314 1.9348843032341299
6312 6303 3.277950150366337
6313 6315 4.6814074040176905
6313 2002 4.780069306349787
6313 6305 3.2312145020904386
6314 6312 1.9348843032341299
6315 6313 4.6814074040176905
6315 6304 3.0226015642027018
6315 6316 3.2264781761603873
6315 2006 4.073504472026151
6316 6315 3.2264781761603873
6317 6321 2.6029639104818134
6317 1997 6.077707053758473
6317 6307 6.859578905493736
6318 6323 10.324582348466535
6318 3255 2.2661354888932586
6318 6874 10.623749376118083
6319 3255 6.998437834800281
6319 6320 10.008339483060093
6319 5507 4.266124981558069
6320 6319 10.008339483060093
6321 6317 2.6029639104818134
6322 6873 3.45243085763704
6323 6318 10.324582348466535
6324 6325 0.8884765387172758
6325 3992 2.473287157778376
6325 6324 0.8884765387172758
6325 3993 2.2581995111115902
6326 8796 0.7722164232787393
6326 6327 0.9061188804640155
6326 3114 8.587581259999476
6327 6326 0.9061188804640155
6328 1411 2.308534652176139
6328 6290 3.7956299144182095
6328 6329 1.8779595777447582
6329 1411 2.1253717541850032
6329 3916 4.169518167192211
6330 514 21.621690640337256
6330 4805 4.100799505414011
6330 3023 3.5374052677070322
6331 3683 0.6552230421269686
6332 3683 0.9729961160606317
6333 453 4.431200437681433
6333 451 14.595800793714503
6334 6336 5.0727228603350705
6334 4664 8.986451852426509
6334 7501 10.088559273610029
6335 7727 13.271723081957733
6336 6334 5.0727228603350705
6336 7727 6.5913306828372145
6336 8357 5.9555023876969075
6337 6340 0.6402051564534322
6338 359 2.568107003674344
6339 220 1.9705182553666305
6339 6343 1.9926899396733544
6340 3965 0.6003111339646279
6340 6337 0.6402051564534322
6340 3966 2.6583855094706466
6341 3951 1.412632001740897
6342 3967 3.3253397423579805
6342 1446 0.35277053734584524
6342 1445 11.826956042368515
6343 220 1.8957764055808877
6343 1443 13.237868608074567
6344 6345 4.148268014508766
6345 57 1.1821141515445903
6345 6344 4.148268014508766
6345 4251 9.773729262717305
6346 6347 4.657091593651229
6346 4961 4.412348791983475
6346 4963 12.924423369693494
6347 8483 1.9684708990347313
6347 6346 4.657091593651229
6347 7253 11.456967756654954
6348 96 0.4017957561852657
6349 96 0.4004693962527193
6350 1712 0.8344638540086998
6351 1714 0.858886005459838
6352 1714 0.9940190107696104
6353 97 0.47319372120485853
6354 97 0.46218248850596505
6355 1712 0.8874976415724777
6356 3208 1.9190723403072012
6356 7988 1.192927364415067
6357 467 1.141501745425518
6357 517 17.681641441343384
6357 519 5.9526310343096815
6358 433 0.7143872057362562
6359 550 2.0997491203165537
6359 6360 0.8370050974162225
6359 549 13.00347042862832
6360 6359 0.8370050974162225
6361 6362 1.1160972949049652
6362 1150 3.7536036854457113
6362 6361 1.1160972949049652
6362 1151 16.48708127606549
6363 1154 2.932845387251258
6363 6369 1.1772537644381296
6363 1155 13.474635359122521
6364 1165 0.7342423480678552
6365 1166 0.7054941758990636
6366 1161 1.269413714988676
6367 6374 1.0173573145768597
6368 1156 16.513878271553338
6369 6363 1.1772537644381296
6370 1168 1.3310592407958026
6371 1161 1.613227655726967
6372 1165 0.7532736961957824
6373 1166 0.8325515218500934
6374 1159 0.9915132010839339
6374 6367 1.0173573145768597
6374 1160 4.926513607888531
6375 6381 0.9129891206136597
6376 2494 0.7879150927281806
6376 6377 0.7316303791321493
6376 5816 10.712226518040303
6377 6376 0.7316303791321493
6378 6385 0.708983933612534
6378 2493 0.9110171635008011
6378 2505 3.9558520335641933
6379 5817 0.9702611940047634
6380 2497 0.8462494169959943
6380 6392 0.7326712190594072
6380 2498 12.53068598637268
6381 2495 0.8927921836296271
6381 6375 0.9129891206136597
6381 2496 6.4039123049902305
6382 6388 0.8058122879747218
6383 2508 1.0846846592066597
6383 2510 1.9907433225477293
6383 6390 0.9142839986859727
6384 6389 0.8936464451404386
6385 6378 0.708983933612534
6386 223 24.07782729468791
6386 1237 15.813801547833213
6387 6925 1.000188190504197
6388 4610 0.9618662890821907
6388 6382 0.8058122879747218
6388 2509 11.70234530782844
6389 2507 6.8741382342028
6389 2506 0.7965534286546173
6389 6384 0.8936464451404386
6390 6383 0.9142839986859727
6391 2512 0.7649448426546127
6392 6380 0.7326712190594072
6393 6395 0.8474357113794253
6394 6396 0.6920815921149827
6395 2502 4.459095743520225
6395 2501 1.0995543427786112
6395 6393 0.8474357113794253
6396 2503 0.9686154822635886
6396 6394 0.6920815921149827
6396 2504 18.472220329304513
6397 6398 1.20275975676258
6398 2516 1.1329308959852016
6398 6397 1.20275975676258
6398 2527 11.996991615820692
6399 2538 0.9439454636379395
6400 6401 1.5402581926233785
6401 6400 1.5402581926233785
6401 2540 1.2495648429279314
6401 2541 7.774490661604624
6402 753 1.2934089598626008
6403 9195 4.687477517692787
6403 743 7.2885800013859265
6404 8277 14.214923313168494
6405 9195 2.6246462136549034
6405 6403 4.4410679137192615
6406 2554 0.9431222124958197
6407 2565 4.949924262008645
6407 2566 0.8517739642565416
6407 6422 1.0313640708306464
6408 2559 0.8382756430249165
6409 2558 0.6708876230482569
6409 6418 0.7122616456533883
6409 2559 4.9488409775497315
6410 2567 0.9065465411434169
6411 2568 0.9242528968127408
6412 2554 0.9074309144552197
6413 2563 0.9724909922884495
6414 2550 0.9054607437678288
6415 2556 0.912803859344249
6416 2567 0.9532025191010775
6417 2569 0.7632377871166527
6418 6409 0.7122616456533883
6419 2552 0.8660995132237514
6420 2550 0.9004994106039145
6421 2556 0.9406009288635719
6422 6407 1.0313640708306464
6423 2568 0.9004819160454485
6424 2989 1.5688029125904037
6425 2990 4.313664618372851
6426 2958 6.97912023004059
6426 2994 5.98158319700002
6426 6429 1.4810951920442383
6427 2975 5.93277510032258
6428 2985 3.262491902528862
6429 6426 1.4810951920442383
6430 6432 1.5907544499877302
6431 2989 1.0106561664699536
6432 2980 1.017017280801152
6432 6430 1.5907544499877302
6432 2982 6.226870026994471
6433 2990 0.9409634684793875
6434 6435 9.680536692213202
6434 8964 7.022705020968871
6434 2956 14.336911035885066
6435 7578 7.001846547921943
6435 6434 9.680536692213202
6435 8607 5.080315143866723
6436 5697 0.23433719812613507
6437 161 5.967723602632205
6437 2964 7.104645975968345
6438 8243 4.629969132275588
6438 6439 15.247680692121476
6438 6440 6.248296447008047
6439 6438 15.247680692121476
6440 3648 4.250217829265838
6440 5260 50.9613506644647
6440 6438 6.248296447008047
6441 7550 5.421212785796805
6441 5260 3.0836898932364214
6441 3657 2.881106226308451
6442 6199 0.7765035828835004
6442 7180 0.8778121116801066
6442 7181 5.9298186341024754
6443 8242 1.6095887481060518
6444 663 40.99331173326023
6445 6444 1.392566018989674
6445 681 3.1811058326080346
6446 7708 2.168186808025805
6447 6452 5.981844552763431
6448 6450 2.8143522616251127
6448 6455 6.578673398366674
6448 389 13.349289707111774
6449 6454 0.6041014395125697
6450 6454 2.5258280620024123
6450 6448 2.8143522616251127
6450 6451 3.353733270011432
6451 7948 1.255261712395359
6451 6456 3.6842792534481843
6451 6450 3.353733270011432
6452 6447 5.981844552763431
6452 388 5.512537796473393
6452 8028 7.456624553580564
6453 6455 1.4840303681862288
6454 6450 2.5258280620024123
6454 6449 0.6041014395125697
6454 9070 4.446949838479923
6455 6453 1.4840303681862288
6455 6448 6.578673398366674
6455 6458 1.5482279777224146
6456 6451 3.6842792534481843
6457 388 5.529761258665263
6458 6455 1.5482279777224146
6459 6267 1.130487579877993
6460 5342 4.62226013689428
6461 314 2.419840293707245
6461 22 5.200468843993002
6462 811 17.64702260366983
6462 2823 16.00824995769177
6462 4585 8.34825788693449
6463 6464 1.7034287642778119
6463 2829 12.48375601980187
6463 5807 9.177343541659969
6464 6463 1.7034287642778119
6464 4586 1.2843737336405734
6464 2834 17.207969881530655
6465 2652 10.290058467877977
6466 2743 0.5638507582342154
6467 2829 0.8693917361393064
6468 2743 0.8282860465590731
6469 2739 0.5983777921545905
6470 2739 0.6200442841721898
6471 6474 1.0039288943857978
6472 2794 3.63434133031769
6472 2793 0.909579324510418
6472 6473 0.8721595367872564
6473 6472 0.8721595367872564
6474 2800 6.40342609243041
6474 2799 0.7977924683628516
6474 6471 1.0039288943857978
6475 2792 0.9167209082049649
6476 4902 2.8397392680708586
6477 4527 2.1247601052815455
6477 4528 3.45641787792389
6477 6478 2.85359135152389
6478 6477 2.85359135152389
6479 7635 0.4778487853687842
6479 6483 2.9058979132776175
6479 1114 5.235540723542887
6480 3549 3.641525099685963
6480 2295 13.339341642796484
6480 3538 3.749683813938868
6481 6482 1.1838888457319636
6482 3542 0.7821340509896066
6482 6481 1.1838888457319636
6482 1430 4.264367838730171
6483 6479 2.9058979132776175
6484 6489 4.6293577963261265
6484 396 22.608904143705626
6484 394 5.7227022569053725
6485 6489 2.115778149517353
6486 4501 3.622316787667428
6487 6490 6.659559244605308
6488 6489 1.4264707763505975
6489 6488 1.4264707763505975
6489 6485 2.115778149517353
6489 6484 4.6293577963261265
6490 397 22.97383442336345
6490 4072 5.077133740913948
6490 6487 6.659559244605309
6491 8211 2.6720470999631316
6491 6492 1.0314400585973547
6491 1114 5.075145409176423
6492 6491 1.0314400585973547
6493 4491 5.455695403431182
6494 250 3.3818951112495963
6494 9430 4.368113777649444
6494 3589 3.6600665337330063
6495 3568 12.051032359966511
6496 6497 5.416789489138822
6497 3565 0.48882590430528333
6497 3576 6.1481026616235654
6497 6496 5.416789489138822
6498 764 1.1831885872650445
6499 764 1.5388339149698897
6500 6927 1.139275039748898
6501 6927 1.2755972244748472
6502 1301 3.963076399550924
6502 3483 9.220142971234463
6502 2302 6.809119025618173
6503 456 5.151454881019584
6503 454 4.235948120974709
6503 311 4.574033696527472
6504 9136 15.89391986005924
6505 2157 0.7183556114700321
6506 2157 0.6275592326182889
6507 2144 2.8602209467875914
6507 1879 14.729756429916185
6507 2158 5.396419427528566
6508 6512 2.0415774043287933
6509 6511 2.4912088110525
6510 6515 3.056310723986628
6510 6514 2.6783861625631817
6511 6510 1.1046750473348876
6511 804 7.298112096571917
6512 6516 3.3192389018155946
6512 9438 12.947402170178798
6513 6514 3.036466736922207
6513 6508 4.945166597051779
6514 6508 3.36942936489341
6514 6509 1.4514300486507818
6514 6515 2.523637721052928
6515 9172 2.3704898878916962
6516 6509 3.1613529038094597
6516 6514 2.248380222788279
6517 783 3.130047384426453
6517 5151 10.774608835084527
6518 5321 13.170082097588557
6519 4841 1.6105522313996694
6519 8747 4.892357673414365
6520 6522 0.9807250007517404
6521 6525 5.210945110929
6522 6520 0.9807250007517404
6522 6525 0.877272563030272
6522 6526 1.2079836300354718
6523 6524 0.9275526276974595
6524 6523 0.9275526276974595
6524 4839 12.668944397559494
6524 6525 2.404194035075389
6525 6522 0.877272563030272
6525 6524 2.404194035075389
6525 6521 5.210945110928999
6526 6522 1.2079836300354718
6527 7823 8.27552588986804
6527 7902 3.2202983304069708
6528 6529 0.8451699887957672
6529 2318 2.5119837789054045
6529 2317 4.189204598682394
6529 6528 0.8451699887957672
6530 4073 6.102874006602902
6530 3777 4.230673819231425
6530 1629 21.543717641171405
6531 2310 1.1302957149498194
6532 4487 1.6082759070525092
6533 3776 2.7310665733565
6534 4487 1.008136846909591
6535 301 1.3295052252235438
6535 2933 3.0038210376357495
6535 4105 3.1050376553156185
6536 5038 9.06029343996002
6536 5040 19.421297040427678
6536 7323 19.10176818782837
6537 3241 0.6947674882720349
6537 5035 5.492709587740804
6537 3807 18.15654771498039
6538 1414 0.6352719002276869
6539 1416 1.318857248298405
6540 8985 6.0885797081730715
6540 1107 1.7400480993229177
6541 2344 4.456260205966834
6541 1418 5.91948409411647
6541 2346 21.27041212622535
6542 2329 6.783509202478224
6542 2341 0.7662909566685749
6542 6544 6.900310994015276
6543 6544 1.8334010066696957
6544 8640 0.8060887485255175
6544 6543 1.8334010066696957
6544 6542 6.900310994015276
6545 6546 2.847321091625406
6545 8637 1.6389098564978282
6545 8635 1.2188038103027552
6546 2329 1.186028098475023
6546 6545 2.847321091625406
6546 2338 16.20898588956831
6547 8478 5.250368962212713
6548 1115 1.458857729763225
6548 963 12.46772787662972
6548 1114 11.096219762447591
6549 3528 6.003886468948721
6550 2316 3.306410946571532
6550 2315 3.9655337063421925
6550 3537 17.122406217872566
6551 4038 1.0741318124473205
6552 6554 1.0607616620736036
6552 6555 5.789064342659016
6552 3529 1.179554973375131
6553 6555 1.1057930522348969
6554 6552 1.0607616620736036
6555 8478 0.2743780400272943
6555 6553 1.1057930522348969
6555 6552 5.7890643426590165
6556 6716 8.552386218594082
6556 6557 21.34666537616067
6556 5148 12.132049545272054
6557 6734 5.610324147414846
6557 7282 6.009704412146712
6557 6556 21.34666537616067
6558 726 1.8557460912459085
6558 4309 9.648362240322957
6559 6558 2.0481149188404926
6559 726 2.3104112720794774
6560 9032 15.26238797843983
6560 5405 6.393840463589352
6560 5459 10.051480820201935
6561 5400 0.8700520051485477
6561 5398 5.741184721036009
6561 7693 18.837323079948973
6562 5373 0.6653289290034794
6562 5369 6.305578517665992
6562 6564 5.113547893660725
6563 8688 0.8847313328268923
6563 6567 0.9689739346173358
6563 5373 6.37280263555052
6564 6562 5.113547893660725
6565 5401 4.68521557044954
6566 7693 5.014369144889328
6567 6563 0.9689739346173358
6568 5401 7.860219017423351
6569 6570 6.436125329163712
6569 6569 20.877440981187675
6570 3663 10.918530106272083
6570 3662 18.790888435069284
6570 6569 6.436125329163712
6571 3667 38.6539540170017
6571 3670 2.707598229238148
6571 3668 37.64860650291726
6572 5458 11.394735339311644
6573 3667 1.8427668037030605
6573 3665 35.561149910804254
6573 3668 10.982931839941847
6574 190 3.826484550873727
6574 8644 2.3881726940999846
6575 4844 9.178718114098816
6575 8643 1.9731518958743628
6576 710 3.7450166745107065
6576 230 1.820848447380696
6577 6578 0.8489597534411031
6578 980 2.726770582562989
6578 143 0.8512495784333524
6579 978 0.5330342352606477
6580 5460 7.388564304498938
6580 1839 9.331085116774368
6580 6581 16.0911298650749
6581 6580 16.0911298650749
6581 1839 13.184582608584265
6581 6582 8.545599854627127
6582 1837 11.833855081090253
6582 6581 8.545599854627127
6582 6584 12.299371562121218
6583 4787 12.217318266458896
6583 4789 18.13585721804241
6583 1838 17.883448602992672
6584 6582 12.299371562121218
6585 8003 11.090772807492648
6585 3663 7.0688923776466694
6585 8004 9.23819108010139
6586 8004 0.630833601685568
6587 8003 0.6108947277213217
6588 9316 0.8627380711502391
6589 8475 1.6067073712335045
6590 6591 4.319814126952393
6590 6614 5.673291394740339
6590 6615 10.008599739150707
6591 6619 9.716810409467532
6591 6590 4.319814126952393
6591 6608 7.133483880420539
6592 1136 1.1602993720757033
6592 1135 5.36984036544127
6592 6906 2.883281295609392
6593 9114 39.91800085764198
6593 1677 19.743401177931453
6593 1379 22.419027127582105
6595 30 4.201970367967556
6596 536 0.9000496297689144
6596 769 1.4681946204452605
6597 6598 6.994205638503017
6598 323 4.880462151176106
6598 6597 6.994205638503017
6599 4572 12.133782743712333
6599 5069 8.065700546671119
6599 5068 2.999361478975295
6600 5069 5.535787603497298
6600 5063 2.703659882534364
6600 2355 5.620016176521651
6601 5060 1.268328067285072
6601 6602 1.092760649863457
6601 5059 4.2045838321648805
6602 6601 1.092760649863457
6603 1356 0.4558964226622386
6604 1222 1.0112377337760488
6604 1344 2.2480281556674946
6604 2135 9.358907127503873
6605 6616 10.810458565014981
6605 6614 4.7491029300787675
6605 6622 5.3691188385884745
6606 6609 1.8363799129481422
6607 6618 17.236072087091422
6607 6617 6.450857113548076
6607 6609 3.3890089111718713
6608 6612 4.452390821760642
6608 6591 7.133483880420539
6608 6611 8.916696955841873
6609 6626 0.8999419885469285
6609 6607 3.3890089111718713
6609 6606 1.8363799129481422
6610 6623 1.30217738834494
6611 6608 8.916696955841871
6611 6619 5.713535904663488
6611 6620 10.271014388560207
6612 6613 6.165728294327244
6612 6620 3.1296732821889472
6612 6608 4.452390821760642
6613 6618 3.6979820841287423
6613 5442 7.798086040612183
6613 6612 6.165728294327244
6614 6590 5.673291394740339
6614 5442 6.463684668951945
6614 6605 4.749102930078768
6615 6623 8.588922990712925
6615 6616 15.1594326891969
6615 6590 10.008599739150707
6616 6625 6.585176401458022
6616 6615 15.1594326891969
6616 6605 10.810458565014981
6617 6620 14.416912023371866
6617 6618 9.412832255700899
6617 6607 6.450857113548076
6618 6613 3.6979820841287423
6618 6607 17.236072087091422
6618 6617 9.412832255700899
6619 5448 7.465393001592785
6619 6591 9.716810409467534
6619 6611 5.7135359046634875
6620 6611 10.271014388560209
6620 6612 3.1296732821889472
6620 6617 14.416912023371866
6621 6627 1.125220950106913
6621 8469 1.1752582457977774
6621 6625 3.138365565588421
6622 8472 7.025646394429614
6622 6605 5.3691188385884745
6622 6628 5.421808735300622
6623 6624 0.9018480487857404
6623 6610 1.30217738834494
6623 6615 8.588922990712925
6624 6623 0.9018480487857404
6625 6616 6.585176401458021
6625 6621 3.138365565588421
6625 6628 7.027463504997934
6626 6609 0.8999419885469285
6627 6621 1.125220950106913
6628 8470 1.5483249878783447
6628 6625 7.027463504997934
6628 6622 5.421808735300622
6629 6634 1.5420944913932866
6629 6635 2.242922755462185
6629 6631 6.863716094748174
6630 5473 2.373471963889632
6631 6629 6.863716094748174
6631 4782 37.81923623110735
6631 4783 10.810844619196788
6632 5946 5.466945749392384
6633 5473 0.8826369475136268
6634 6629 1.5420944913932866
6635 6629 2.242922755462185
6636 6645 1.04788970110481
6637 6643 0.964954743813788
6637 8587 0.8575670301936881
6637 6652 3.6543700235527883
6638 6649 2.701372286271368
6638 6652 2.7374879776131675
6638 6640 4.848139106951838
6639 6640 0.791567993067418
6640 6641 1.2627523501322881
6640 6639 0.791567993067418
6640 6638 4.848139106951837
6641 6640 1.2627523501322881
6642 6650 3.883923901374516
6642 8585 2.5668145075864275
6642 5139 6.383506015582735
6643 6637 0.964954743813788
6644 8585 0.7566618461417165
6645 6636 1.04788970110481
6645 5943 2.0812281949484577
6645 6646 2.7069253461954874
6646 6645 2.7069253461954874
6647 5943 5.381106260982284
6648 6650 9.508252794073101
6648 5952 26.08688127129687
6649 6638 2.701372286271368
6650 6648 9.508252794073101
6650 6642 3.883923901374516
6651 5141 9.656593675824306
6651 5953 32.09661960694106
6652 6637 3.6543700235527883
6652 6638 2.737487977613168
6652 5140 2.7135575913934296
6653 4774 0.7376312591878886
6654 5902 5.465373148607726
6654 6838 7.473215018135989
6654 2093 6.0419604020971835
6655 6657 0.976167351600923
6655 6688 5.98611774206077
6655 6669 2.159060724681341
6656 6676 1.7919604272012806
6656 6665 0.6142745086142284
6656 6679 6.021683362532203
6657 6655 0.976167351600923
6658 6671 0.904073468919579
6659 6687 11.824032401505299
6659 6664 5.271840608351001
6659 6673 13.306787602922855
6660 6693 0.8764163928225966
6661 6672 1.7810077368888146
6662 6663 2.9324432147138606
6663 6693 3.390067138827694
6663 6674 6.701367122431556
6663 6662 2.9324432147138606
6664 8536 3.1901589507806656
6664 6682 7.325864145323462
6664 6659 5.271840608351
6665 6656 0.6142745086142284
6666 6693 0.8791415816585461
6667 6681 0.8959867272039184
6668 6683 2.725028420566473
6668 6689 0.9186512022372195
6668 6673 13.771176892014195
6669 6655 2.159060724681341
6670 6687 1.9178284591938086
6671 6658 0.904073468919579
6671 6685 0.6529709881707213
6671 6694 8.798816885050256
6672 6694 3.2815389063938016
6672 6677 0.8909063569328672
6672 6661 1.7810077368888146
6673 6674 7.640759196163714
6673 6668 13.771176892014195
6673 6659 13.306787602922855
6674 6673 7.640759196163714
6674 6663 6.701367122431556
6674 6688 4.871222722541137
6675 6694 7.130049129521436
6675 6686 4.21028981954351
6675 6679 9.0438730617347
6676 6656 1.7919604272012806
6677 6672 0.8909063569328672
6678 6690 2.017180118959214
6678 6691 0.9247476025864554
6678 6695 2.1162322099893514
6679 6680 4.086360328354404
6679 6656 6.021683362532203
6679 6675 9.0438730617347
6680 6679 4.086360328354404
6680 6695 5.8485750027136785
6680 6682 11.956578510213147
6681 6692 0.7466681998474348
6681 6695 3.3494397886757787
6681 6667 0.8959867272039184
6682 8853 14.04424627877986
6682 6680 11.956578510213145
6682 6664 7.325864145323462
6683 6668 2.725028420566473
6684 8853 0.8606450402261603
6685 6671 0.6529709881707213
6686 5148 4.230658360549865
6686 5147 7.440488089579701
6686 6675 4.21028981954351
6687 6670 1.9178284591938086
6687 6696 1.6203102507880316
6687 6659 11.824032401505299
6688 6655 5.986117742060769
6688 6674 4.871222722541137
6688 5146 5.951575260156103
6689 6668 0.9186512022372195
6690 6678 2.017180118959214
6691 6678 0.9247476025864554
6692 6681 0.7466681998474348
6693 6660 0.8764163928225966
6693 6663 3.390067138827694
6693 6666 0.8791415816585461
6694 6672 3.2815389063938016
6694 6675 7.130049129521436
6694 6671 8.798816885050256
6695 6678 2.1162322099893514
6695 6681 3.3494397886757787
6695 6680 5.8485750027136785
6696 6687 1.6203102507880316
6697 8534 0.8351472117647615
6698 6711 0.9124582684319386
6699 6703 3.7771572130363453
6699 6701 8.911552861919162
6699 8534 5.514905654695813
6700 6707 1.3117554687546358
6701 6699 8.911552861919162
6701 6711 12.511394132691668
6701 5147 5.411188624833805
6702 6707 1.0210609572021296
6703 6699 3.7771572130363453
6703 6707 2.8455631751415913
6703 6706 6.910584097664701
6704 6706 0.7604527035751274
6705 6706 0.7149343193262181
6706 6705 0.7149343193262181
6706 6704 0.7604527035751274
6706 6703 6.910584097664701
6707 6703 2.8455631751415913
6707 6700 1.3117554687546358
6707 6702 1.0210609572021296
6708 8600 0.8277049472350451
6709 6737 0.9563889632448805
6710 6723 1.0700872368675494
6711 6698 0.9124582684319386
6711 6722 0.8936265371339134
6711 6701 12.511394132691667
6712 6724 3.682159176835684
6712 6716 3.2072272689881127
6712 6738 12.458848062530826
6713 6717 0.9083283746944717
6713 5661 7.04141441961019
6713 6727 1.0462666902050717
6714 8599 1.0141351658848627
6715 6733 0.9643309170645955
6716 6712 3.2072272689881127
6716 6556 8.552386218594082
6716 6737 13.432757342747754
6717 6713 0.9083283746944717
6718 6729 1.5081118306822554
6718 8601 0.8382462400749882
6718 6724 7.017465527280058
6719 7271 1.1445631061650348
6720 6728 8.18673331569881
6721 6723 0.9966360120450141
6722 6711 0.8936265371339134
6723 6721 0.9966360120450141
6723 6710 1.0700872368675494
6723 7272 8.760504168595068
6724 6712 3.682159176835684
6724 6718 7.017465527280058
6724 6733 4.605085145267491
6725 6738 0.8483396712258017
6726 7271 0.9982946299813465
6727 6713 1.0462666902050717
6728 9303 4.213880328004312
6728 6734 12.208689397034641
6728 6720 8.18673331569881
6729 6718 1.5081118306822554
6730 9303 1.0570481773616318
6731 6737 1.332735367000278
6732 7281 0.8532551475557466
6733 6715 0.9643309170645955
6733 6736 0.8511675427409047
6733 6724 4.60508514526749
6734 7281 6.983045730381776
6734 6557 5.610324147414846
6734 6728 12.208689397034643
6735 6738 1.0378490389248254
6736 6733 0.8511675427409047
6737 6709 0.9563889632448805
6737 6731 1.332735367000278
6737 6716 13.432757342747754
6738 6725 0.8483396712258017
6738 6735 1.0378490389248254
6738 6712 12.458848062530826
6739 8599 4.739155498086024
6739 5148 6.931018634909739
6739 8600 12.75165088337813
6740 6772 0.7927562425533381
6741 6762 0.5802277872295422
6741 6774 0.599384599006039
6741 7264 6.318038461788471
6742 6757 0.7769919914172047
6743 6744 2.5949425294022057
6743 6764 0.8564157526916952
6743 4801 8.21008633121913
6744 6768 0.564698318219897
6744 6755 0.7150858152403144
6744 6743 2.5949425294022057
6745 6757 0.961726494825358
6746 6748 2.380200777121286
6746 6770 1.201275720823893
6746 6761 5.807614254016321
6747 7263 2.773423839825785
6747 6773 3.2380699557416515
6747 6767 12.716002054871224
6748 6746 2.380200777121286
6748 6752 1.572484644550435
6748 6763 0.946953552359785
6749 6750 5.864784639672
6750 6749 5.864784639671999
6750 5414 15.716546314463594
6750 8590 6.387977132169
6751 6759 4.652284215475644
6752 6748 1.572484644550435
6753 6772 0.951121736641124
6754 6759 1.003462502213576
6755 6744 0.7150858152403144
6756 7257 12.324715162087054
6756 6756 20.04543958298055
6757 6742 0.7769919914172047
6757 6745 0.961726494825358
6757 7263 5.178261892669403
6758 7270 0.9232011966904909
6759 6754 1.003462502213576
6759 6751 4.652284215475644
6759 6765 10.1283632327149
6760 8550 1.8111812566015422
6760 8549 1.1502789569219174
6760 4779 3.514750463490677
6761 4779 1.5262880813707569
6761 4742 6.812309357693194
6761 6746 5.807614254016321
6762 6741 0.5802277872295422
6763 6748 0.946953552359785
6764 6743 0.8564157526916952
6765 5414 2.4186410641427725
6765 7257 10.874262415446655
6765 6759 10.128363232714902
6766 8551 4.786183083746081
6766 6769 4.120093257793047
6766 4779 7.706521411002806
6767 6747 12.716002054871224
6767 5660 2.4331465576807627
6767 8596 5.866143130497029
6768 6744 0.564698318219897
6769 6766 4.120093257793047
6770 6746 1.201275720823893
6771 5410 14.671510260750527
6771 6773 5.358766214022631
6771 6772 3.015050520003323
6772 6753 0.951121736641124
6772 6740 0.7927562425533381
6772 6771 3.015050520003323
6773 7619 5.748178600061006
6773 6771 5.358766214022631
6773 6747 3.2380699557416515
6774 6741 0.599384599006039
6775 6781 15.633769696912262
6775 4786 13.711810111589163
6775 6782 10.697951752109352
6776 7657 8.80292008886793
6776 5419 8.489340564522568
6776 5420 30.141257180996647
6777 5417 7.892761314894089
6778 6781 0.8208554265671243
6779 6782 1.1608327933836924
6780 6782 1.0727631984202985
6781 6783 1.0656547813951964
6781 6778 0.8208554265671243
6781 6775 15.633769696912266
6782 6779 1.1608327933836924
6782 6780 1.0727631984202985
6782 6775 10.69795175210935
6783 6781 1.0656547813951964
6784 6786 8.132357394697907
6785 6786 1.8687485168912088
6786 6787 6.206546836679789
6786 6785 1.8687485168912088
6786 6784 8.132357394697905
6787 6788 5.28604984944519
6787 6786 6.206546836679788
6787 6790 6.000796510474065
6788 6791 4.625056742747212
6788 5409 4.699522229036523
6788 6787 5.28604984944519
6789 6790 7.519253247076923
6790 6787 6.000796510474065
6790 6789 7.519253247076923
6790 6792 18.097787427812886
6791 6788 4.625056742747212
6791 8561 14.221381213962909
6791 8559 12.063793868342401
6792 8566 3.790209877707092
6792 6790 18.097787427812886
6792 9312 5.1293309942121175
6793 8566 1.1197026518243287
6794 8555 0.9007449347287386
6795 8561 1.0044465961308768
6796 6801 1.0148790982995777
6797 6818 4.876503625325181
6798 5660 6.3676065579327865
6798 6806 39.764674905755804
6798 4743 8.695737905955024
6799 8226 1.656283828135368
6799 6813 6.551496993397379
6799 5416 9.281796545024307
6800 8553 4.2196489352633515
6800 6806 6.877692676986648
6800 6809 4.840505933288885
6801 6814 2.5977774209154023
6801 6796 1.0148790982995777
6801 6813 2.807464145655419
6802 6815 0.7211570165087964
6803 8226 2.877323944767409
6804 6811 7.094364236605655
6804 6805 7.834366764774748
6804 6806 7.801586663859881
6805 6804 7.834366764774748
6806 6798 39.76467490575581
6806 6800 6.877692676986648
6806 6804 7.801586663859879
6807 8553 0.9256921607899014
6808 6811 4.999317488733865
6809 5409 31.154529733196274
6809 5416 16.322206914085402
6809 6800 4.840505933288885
6810 6812 0.8800991729736298
6811 6808 4.999317488733865
6811 6804 7.094364236605655
6811 8557 1.2061618570770039
6812 8579 1.1320490982221914
6812 6818 5.9526366239338016
6812 6810 0.8800991729736298
6813 6799 6.551496993397379
6813 6801 2.807464145655419
6813 8576 6.182909518165562
6814 6801 2.5977774209154023
6815 8580 0.9024245922382674
6815 6802 0.7211570165087964
6815 6817 9.129990260667878
6816 5145 11.05392153691979
6816 5149 12.908235221647601
6816 6817 5.622054784741522
6817 6815 9.12999026066788
6817 6816 5.622054784741522
6817 6818 3.4133627710736794
6818 6817 3.4133627710736794
6818 6797 4.876503625325181
6818 6812 5.9526366239338
6819 8000 12.579935840893608
6820 8000 17.17905381593137
6821 6823 1.1190588130182428
6822 6823 4.646826930779261
6822 6827 5.303202846715879
6822 6824 3.8904873179546993
6823 6828 0.96804260624271
6823 6821 1.1190588130182428
6823 6822 4.646826930779261
6824 5149 15.620114823083442
6824 5466 19.850413005014257
6824 6822 3.8904873179546993
6825 6827 1.0524119097238012
6826 6827 2.019724262594433
6827 6825 1.0524119097238012
6827 6826 2.0197242625944325
6827 6822 5.303202846715879
6828 6823 0.96804260624271
6829 6834 8.588828083125893
6829 6833 7.124619621058876
6829 6836 5.64742606127958
6830 6833 8.576304957510727
6831 6836 0.8385398049646493
6831 8562 4.453063043476101
6831 6832 9.01595901236395
6832 6839 5.249992304596048
6832 8012 3.0070643913808337
6832 6831 9.015959012363949
6833 4800 7.750532605180917
6833 6829 7.124619621058878
6833 6830 8.576304957510727
6834 6829 8.588828083125891
6835 8562 1.0110806085079065
6836 6831 0.8385398049646493
6836 8570 6.476558908959326
6836 6829 5.64742606127958
6837 8570 1.2355154419230951
6838 2094 18.42294765365838
6838 6654 7.47321501813599
6838 6842 6.707599021020727
6839 6832 5.249992304596048
6839 6841 4.059792268523939
6839 8565 4.114255126811882
6840 6842 13.51433841302288
6841 6846 4.37310719115216
6841 6844 7.24009662224662
6841 6839 4.059792268523939
6842 6840 13.514338413022877
6842 6838 6.707599021020727
6842 6843 4.161836093139798
6843 6849 8.489737597086219
6843 6842 4.161836093139798
6843 6844 2.6516585856853894
6844 6848 9.64656869214172
6844 6843 2.6516585856853894
6844 6841 7.240096622246621
6845 6849 4.860187202757061
6846 6841 4.37310719115216
6847 8010 1.695328156417101
6848 6844 9.646568692141722
6849 6843 8.489737597086217
6849 6845 4.860187202757061
6849 8010 6.9526286612099835
6850 8543 0.9479549726359418
6851 8575 6.6368132273797125
6851 6856 7.195600631924713
6851 7280 4.842625237047438
6852 6853 5.69969095927734
6853 8575 0.3585570055688155
6853 8543 5.887802275605047
6853 6852 5.69969095927734
6854 8013 3.060566967198017
6855 8568 0.8989195290799948
6856 6851 7.195600631924714
6857 262 3.0066372667915364
6857 9140 4.748209317399556
6858 325 15.42184195213044
6858 3338 11.181409977920728
6859 6860 0.8273805413434736
6860 6859 0.8273805413434736
6860 5094 11.866493480869977
6860 5093 1.071682577405083
6861 6862 1.958551985257734
6862 6861 1.958551985257734
6862 4905 12.327800633342918
6862 6863 2.064915236856986
6863 6862 2.0649152368569856
6864 4905 2.7177810864353975
6864 7129 5.533524708255578
6865 1318 6.554595963409344
6866 722 17.55068094398452
6867 3917 2.974916523124962
6868 646 0.6120363259314936
6868 6869 0.3433801059290359
6868 4043 15.194285893875582
6869 6868 0.3433801059290359
6870 889 13.330799785057376
6870 762 2.9423226227262216
6870 693 13.208116518892282
6871 6874 1.2682458778780399
6871 2056 7.8025713408965585
6871 6873 3.7527988954116664
6872 3258 13.696145182838293
6872 6877 4.214906646025908
6872 6874 4.563165010228434
6873 6322 3.45243085763704
6873 6871 3.7527988954116664
6873 6876 4.060634141393692
6874 6871 1.2682458778780399
6874 6318 10.623749376118083
6874 6872 4.563165010228434
6875 4902 0.2430615108858457
6875 7384 2.451214401095883
6876 6878 19.34303031426407
6876 1963 12.577366042638985
6876 6873 4.060634141393692
6877 6879 0.30675805006296225
6877 3257 13.332893147235412
6877 6872 4.214906646025909
6878 2006 5.236635588228859
6878 6876 19.34303031426407
6878 6310 3.163374455108809
6879 6877 0.30675805006296225
6879 2031 10.367361858088312
6879 7389 3.016001968469812
6880 5991 0.9042012759041854
6880 8230 5.972822192635379
6880 386 15.750023411247312
6881 8230 0.9016399413512869
6882 6889 0.9877813654974053
6882 6888 7.137542369609896
6882 1913 4.9150752849466315
6883 6884 1.999576650476798
6884 6891 2.9638116527467973
6884 6883 1.999576650476798
6884 6892 0.9359769274607189
6885 7094 1.3797205315068444
6885 6891 3.40294187150701
6885 6887 2.9568630337273305
6886 6887 1.1579561814328607
6887 6885 2.9568630337273305
6887 6886 1.1579561814328607
6887 6890 1.3497702211350133
6888 6882 7.137542369609896
6889 6882 0.9877813654974053
6890 6887 1.3497702211350133
6891 6885 3.40294187150701
6891 1908 2.3930952169606856
6891 6884 2.9638116527467973
6892 6884 0.9359769274607189
6893 9169 5.945037788086952
6893 1308 30.855242448895794
6893 427 15.526068888190816
6894 290 13.500907779597325
6895 5720 33.31103008024
6895 963 9.705103862657849
6895 1619 1.816984217102571
6896 965 6.143828770615146
6896 968 7.047362828785072
6897 968 0.805969588170961
6898 693 15.2754618108125
6899 5792 6.121586579484107
6900 433 4.340306425758016
6901 1139 10.83506899658728
6902 6904 1.0490641623675778
6903 1135 1.746885506703182
6904 6902 1.0490641623675778
6904 6905 1.0261618011586995
6904 1134 4.367826228126884
6905 6904 1.0261618011586995
6906 6592 2.883281295609392
6907 3667 47.11337044404428
6907 3664 6.1591721247020494
6907 6908 4.537141990141393
6908 5458 15.89278130085338
6908 3664 4.557938522825938
6908 6907 4.537141990141392
6909 2431 0.8169560003809839
6909 6911 3.475935306276579
6909 6910 2.750348860139861
6910 6909 2.750348860139861
6911 6910 4.335804708150281
6911 1875 7.23668438168176
6911 6909 3.475935306276579
6912 3031 1.3853998893946662
6913 4392 3.31582814423521
6914 519 3.246031453028373
6915 6916 3.1050784547792567
6915 839 7.2924446651282375
6915 8777 4.422574187002582
6916 6917 0.9294502615877506
6916 8777 1.680936002595412
6917 6916 0.9294502615877506
6917 5109 18.067862528764362
6917 6915 2.7862344103802363
6918 7886 21.74397742397248
6918 8777 9.110184429210634
6918 652 6.356211696895289
6919 1511 23.46875119262552
6919 5533 9.174663680502933
6920 5336 4.218206899292999
6921 6926 53.93316866257678
6921 6922 2.857237860133413
6921 8936 4.279813500415173
6922 6921 2.857237860133413
6923 5560 4.2576644911174935
6923 6924 2.6982474739280473
6924 334 2.3954896279190367
6925 223 2.136160630348617
6925 6386 25.328108365529793
6926 6921 53.93316866257678
6926 462 8.952599381918164
6926 6930 174.0096091889538
6927 6500 1.139275039748898
6927 6501 1.2755972244748472
6927 6928 35.34458619003671
6928 6930 36.90127248355875
6928 6929 8.145105836843443
6928 6927 35.34458619003671
6929 533 14.859022269927776
6929 6928 8.145105836843443
6929 6932 19.818797033568522
6930 6931 2.3566900707273115
6930 6928 36.90127248355875
6930 6926 174.00960918895376
6931 7360 7.952051428355218
6931 6930 2.3566900707273115
6931 8401 9.050810192805613
6932 6933 5.264296017375287
6932 534 13.60954242871203
6932 6929 19.818797033568522
6933 6932 5.264296017375287
6934 7010 9.972482464293057
6935 9257 4.642802467422016
6935 6936 11.98929383241973
6936 549 9.278465064988225
6936 6935 11.98929383241973
6936 6940 75.43691039328911
6937 6938 1.027794082687347
6937 6952 8.75462774251559
6938 6937 1.027794082687347
6938 6016 6.834181475981239
6939 124 6.355440847666523
6939 6940 7.016447694438281
6940 363 2.501592138203431
6940 6936 75.4369103932891
6940 6939 7.016447694438281
6941 578 16.083484912341515
6941 5820 4.262958974093338
6941 5821 4.5615638314748805
6942 5558 4.194811240355845
6942 5542 28.261281681951772
6943 6944 1.0865490879753166
6943 5820 5.762296674081042
6943 6945 7.0374841277996785
6944 6942 6.426225609261908
6944 6943 1.0865490879753166
6944 6946 3.291587010329803
6945 5821 5.771830892306019
6945 6919 10.70083004096699
6946 6944 3.291587010329803
6946 6949 21.048583749261724
6946 6948 10.415459734515444
6947 6944 6.991058255878639
6947 6948 3.3718651772406196
6948 6947 3.3718651772406196
6948 6951 21.59037698903785
6948 6946 10.415459734515442
6949 5542 4.617691025083364
6949 6951 9.90747921485292
6949 6946 21.048583749261727
6950 1243 26.493206133595113
6950 105 5.428079114384628
6951 6949 9.90747921485292
6951 1243 11.58222804154296
6951 6948 21.59037698903785
6952 6938 9.269931683920126
6952 214 23.568843535166263
6952 213 33.181226075353926
6953 188 12.5566080648406
6953 3954 5.5393820392906035
6953 181 10.804478068347898
6954 6956 1.0386029278793256
6955 8200 0.8132376575767983
6955 2162 2.0544580483691877
6955 6956 4.405215698744343
6956 6954 1.0386029278793256
6956 6955 4.405215698744343
6956 2161 13.12356376594419
6957 1806 0.9268788165135917
6958 1806 1.1205621593727946
6959 5971 0.9710680780740328
6960 6961 0.8385930163900025
6961 6962 1.0532483690724972
6961 6960 0.8385930163900025
6961 6964 2.4225908720624436
6962 6961 1.0532483690724972
6963 6964 2.8151328712831596
6963 5974 5.913234248174694
6963 1807 3.8773995685463576
6964 6963 2.8151328712831596
6964 6966 13.026489889403942
6964 6961 2.422590872062444
6965 1804 5.370857219214163
6966 1877 1.8734826190718223
6966 1802 6.965755367174277
6966 6964 13.026489889403942
6967 2100 10.70192522261908
6968 3833 5.4527004559937895
6969 3906 3.313433510170886
6969 3903 1.1347477111927469
6969 6970 1.177915243866996
6970 6969 1.177915243866996
6971 3829 5.525161108560891
6972 1795 0.5966883499669566
6972 5679 30.531406295741302
6973 5685 4.615121925364577
6973 9109 1.4336387681089116
6974 5684 0.564355713821626
6974 2177 10.918563944948898
6975 5682 0.5690850884336952
6975 1815 8.291675775123371
6975 4708 4.047199798435626
6976 5680 0.8526105838588739
6976 1818 10.328827003953661
6976 7883 17.134733251203595
6977 777 1.107086224047434
6977 1799 18.3120257684476
6977 661 18.647287156224923
6978 2137 1.0815999035327706
6979 6980 0.956361287841378
6980 2491 0.9717313720684416
6980 6979 0.956361287841378
6980 2486 7.851440930709851
6981 4629 0.9002971625183331
6982 4629 1.0810967882933697
6983 2484 0.9423212583795778
6984 2484 0.8211257542522146
6985 4627 0.7362552239615625
6986 4627 0.8931833018479707
6987 6988 1.3328869723500545
6988 6989 1.9627971438367386
6988 6987 1.3328869723500545
6988 6990 11.429958610384551
6989 6988 1.9627971438367386
6990 6988 11.42995861038455
6990 6991 1.5052530022109158
6990 2867 7.620723857498148
6991 6993 16.544544658777017
6991 2866 3.7702030805011177
6991 6990 1.5052530022109158
6992 6993 1.0682825045390951
6993 6994 1.16886111005923
6993 6992 1.0682825045390951
6993 6991 16.544544658777014
6994 6993 1.16886111005923
6995 2478 14.061097717052084
6995 2477 26.34295862889532
6995 2645 8.352694045249956
6996 2489 0.5263894565601358
6997 2489 1.0123298095032256
6998 4624 0.7668911924018217
6999 4630 0.8771726004484166
7000 4624 0.7767261883393741
7001 4630 1.0158612392817594
7002 4621 0.6172373204433479
7003 4621 0.9466292754087208
7004 4623 0.9622234261471503
7005 9360 1.165751802882858
7005 7007 13.451391743924095
7005 5810 25.18218019645776
7006 7007 0.8515074953199245
7007 7008 0.8172561161073837
7007 7006 0.8515074953199245
7007 7005 13.451391743924091
7008 7007 0.8172561161073837
7009 7010 10.065874647272524
7010 7009 10.065874647272524
7010 6934 9.972482464293059
7010 7011 5.334591287361574
7011 7010 5.334591287361574
7011 7013 6.406571272424657
7011 7012 14.572708113361587
7012 7011 14.572708113361587
7013 8037 1.7190101656481946
7013 7011 6.406571272424657
7013 1433 7.402256733455599
7014 543 5.75010104133116
7014 1358 0.931905543727669
7014 7015 0.9054468391826728
7015 7014 0.9054468391826728
7016 534 30.212729425705078
7017 3737 2.216331568988358
7017 3738 6.189441168202381
7017 7018 1.277599019387051
7018 7017 1.277599019387051
7019 3738 4.043874743569597
7020 7021 2.403704111081129
7021 117 8.070750327193974
7021 7020 2.403704111081129
7021 7023 21.364807114955248
7022 117 10.243155043245947
7023 3743 2.8594107420805757
7023 710 6.117180631308289
7023 7021 21.364807114955248
7024 7025 1.9881854014621068
7025 1484 6.684596676778033
7025 7024 1.9881854014621068
7025 7026 5.432812761111983
7026 7025 5.432812761111983
7027 7030 1.5860593577829385
7028 2873 6.250642005573121
7028 7036 9.457083956279881
7028 7030 8.634695896847914
7029 7030 0.8308054175883914
7030 7029 0.8308054175883914
7030 7027 1.5860593577829385
7030 7028 8.634695896847914
7031 7033 1.0374983068745691
7032 7033 0.9028391632560699
7033 7032 0.9028391632560699
7033 7031 1.0374983068745691
7033 7035 5.588794572516155
7034 7037 3.260724752686822
7035 7039 3.180815784316474
7035 7037 5.634390466582598
7035 7033 5.588794572516155
7036 7028 9.457083956279881
7036 7052 10.485702336709116
7036 7039 17.403425000601626
7037 7038 1.138125819839795
7037 7034 3.260724752686822
7037 7035 5.634390466582598
7038 7037 1.138125819839795
7039 7035 3.180815784316474
7039 7040 3.2341522841931325
7039 7036 17.40342500060163
7040 7042 2.631779628060462
7040 7047 7.395684534329458
7040 7039 3.2341522841931325
7041 7042 0.9017981852505753
7042 7041 0.9017981852505753
7042 7044 1.8660671056737541
7042 7040 2.6317796280604617
7043 7046 1.9669774780957903
7044 7042 1.8660671056737541
7045 7048 2.312075313269336
7046 7051 1.2256894147176394
7046 7043 1.9669774780957903
7046 7047 7.2224082029215175
7047 7056 6.212577041696333
7047 7040 7.395684534329456
7047 7046 7.2224082029215175
7048 7054 4.064225115389785
7048 7049 0.99514200170367
7048 7045 2.312075313269336
7049 7048 0.99514200170367
7050 7057 5.522502851904639
7051 7046 1.2256894147176394
7052 7036 10.485702336709116
7052 7054 4.585553297537364
7052 2883 14.057409660736358
7053 7055 1.7026802991105308
7054 7052 4.585553297537364
7054 7048 4.064225115389785
7054 7057 5.158704129995125
7055 7059 2.520976639647251
7055 7058 1.3738840896330575
7055 7053 1.7026802991105308
7056 7059 3.98295996964702
7056 7047 6.212577041696334
7056 7061 7.370594722436108
7057 7050 5.522502851904639
7057 7054 5.158704129995125
7057 7063 5.989490435118133
7058 7055 1.3738840896330575
7059 7055 2.520976639647251
7059 7064 4.783033361064852
7059 7056 3.9829599696470193
7060 7061 1.2082123354879473
7061 7062 0.6783152878580382
7061 7060 1.2082123354879473
7061 7056 7.370594722436108
7062 7061 0.6783152878580382
7063 7057 5.989490435118133
7063 7067 4.545982760494141
7063 8173 7.543104387364937
7064 7066 3.125560368581442
7064 7067 5.8534330619526385
7064 7059 4.783033361064853
7065 7066 0.9848474666019379
7066 7068 0.8433144165365744
7066 7065 0.9848474666019379
7066 7064 3.1255603685814415
7067 7069 2.258489907316626
7067 7063 4.545982760494141
7067 7064 5.853433061952639
7068 7066 0.8433144165365744
7069 7070 0.9616588434491212
7069 7071 1.6311402074456747
7069 7067 2.258489907316626
7070 7069 0.9616588434491212
7071 7069 1.6311402074456747
7072 2883 18.603325430030203
7072 9489 2.9344868138051146
7073 2997 0.7834314676261376
7074 3000 2.923607539065588
7074 9416 4.929027872186382
7074 7075 4.777798290066995
7075 7074 4.777798290066995
7076 8662 5.00985718725
7076 4026 53.3273470925027
7077 8663 1.3014958816622102
7077 2448 7.394874945471789
7078 9363 5.173991157628632
7078 2438 27.357972577944793
7078 8256 8.577582105705872
7079 9484 0.677410854705778
7080 2766 1.6531664425702821
7080 2754 1.4726439488569776
7080 9484 7.098815204136386
7081 406 3.2220114091547574
7081 2673 7.042716383103807
7081 2667 22.456737412294466
7082 9290 3.7828150917288683
7082 2677 18.28156881921609
7082 2676 17.28805552961928
7083 9290 0.9611540228403423
7084 3364 0.9554210792794657
7084 7085 0.868287321832447
7084 3365 5.255073991525393
7085 7084 0.868287321832447
7086 4853 0.8019859512771333
7086 7087 1.0022984017948806
7086 4854 5.242124595958224
7087 7086 1.0022984017948806
7088 5001 1.008132307465274
7089 4996 0.8474801226614309
7090 4995 0.7265391374132526
7091 4995 0.7913063261868166
7092 7093 0.5211410876213379
7092 3260 7.829480741587868
7092 1912 15.056325079479423
7093 7092 0.5211410876213379
7093 7100 13.352326981311714
7093 7095 9.382812844150013
7094 7097 3.4923924871446346
7094 6885 1.3797205315068444
7094 7096 5.641593807929216
7095 7101 13.96652803514237
7095 1892 15.368882418620696
7095 7097 5.817527645377908
7095 7093 9.382812844150013
7096 7098 4.437361970428163
7096 7109 25.300241565654616
7096 7094 5.641593807929215
7097 7094 3.4923924871446346
7097 7102 14.259096233662065
7097 7095 5.817527645377908
7098 7099 5.49656607688382
7098 7096 4.437361970428163
7098 7136 23.047255316618134
7099 7098 5.49656607688382
7099 7137 20.354321339846983
7099 7109 20.64532216356191
7100 1951 13.439710532017909
7100 7093 13.352326981311714
7100 7101 9.896927854302321
7101 7102 4.9021912846995335
7101 1959 14.34778150554032
7101 7095 13.96652803514237
7101 7100 9.896927854302321
7102 7101 4.9021912846995335
7102 7114 15.456434891601248
7102 7097 14.259096233662065
7103 7105 1.59694907152059
7104 3264 0.9634661057451053
7104 7105 8.364703699906178
7104 7862 13.459630159922673
7105 7107 1.2326319818126215
7105 7103 1.59694907152059
7105 7104 8.364703699906178
7106 7108 5.266038103816488
7107 7105 1.2326319818126215
7108 7115 34.21737372415214
7108 7135 6.769950737139675
7108 7106 5.266038103816488
7109 7113 4.450691200875234
7109 7096 25.300241565654616
7109 7099 20.64532216356191
7110 7115 9.398477411835074
7110 7137 4.865122016316517
7111 6027 4.431411104679749
7111 3263 6.976431278330255
7111 7112 3.6045581476689965
7112 7111 3.6045581476689965
7113 7118 14.984544117649273
7113 7109 4.450691200875234
7113 7116 7.421849421500063
7114 1959 3.667142898164481
7114 7116 7.8393529596278055
7114 7102 15.456434891601255
7115 7110 9.398477411835074
7115 7118 3.9402541908879427
7115 7108 34.21737372415214
7116 7117 0.28473924113309657
7116 7114 7.8393529596278055
7116 7113 7.421849421500063
7117 1669 7.440688187144975
7117 7116 0.28473924113309657
7117 981 12.927943980916602
7118 7113 14.984544117649273
7118 7115 3.9402541908879427
7118 7119 1.0531586631026035
7119 7120 7.808442826086578
7119 7118 1.0531586631026035
7119 981 4.832975074372344
7120 7119 7.808442826086578
7121 3272 2.0530351232625916
7122 5520 8.20059877117554
7122 722 4.229563413401763
7122 3919 6.573618489161785
7122 8417 13.450549736875123
7123 2043 0.6876095487986024
7123 7124 0.7528960698637513
7123 2044 1.7861829601764738
7124 7123 0.7528960698637513
7125 7126 1.2144945982463453
7125 1945 9.429684051444806
7125 1934 2.520399150479462
7126 7128 4.498844256319868
7126 7125 1.2144945982463453
7126 283 16.105973974585762
7127 7128 14.534657450240912
7128 7127 14.534657450240912
7128 278 0.6315299690295266
7128 7126 4.498844256319868
7129 3256 3.1367571391474
7129 6864 4.374078304930706
7130 7131 2.94015102280493
7131 1890 1.2815728244390243
7131 1889 5.977352150558095
7131 7130 2.94015102280493
7132 1890 6.362894287546107
7133 271 6.712722292418633
7133 264 4.394273384277235
7133 7134 5.069686682099084
7134 272 7.472230918784831
7134 7133 5.069686682099084
7134 7135 13.83674657596151
7135 7136 0.9078835017945427
7135 7108 6.769950737139675
7135 7134 13.836746575961508
7136 7135 0.9078835017945427
7136 7098 23.047255316618134
7136 7137 6.5746426028695035
7137 7099 20.354321339846983
7137 7136 6.5746426028695035
7137 7110 4.865122016316517
7138 3521 11.516956535458013
7138 7139 17.498629936243162
7138 3519 5.960325664437397
7139 3521 5.56297567881703
7139 236 2.4121236931127346
7139 7138 17.498629936243162
7140 4447 8.35824306520052
7141 4442 3.453489932175288
7141 4441 1.3677149921581206
7141 7143 12.601363388099829
7142 1604 24.06422789271417
7142 1597 0.3208721540359487
7142 4214 4.568147472822489
7143 7146 7.569985804983254
7143 7144 2.731102120784773
7143 7141 12.601363388099829
7144 7143 2.731102120784773
7145 5663 4.594035043410323
7145 418 0.9720730807693735
7145 417 23.926590623252515
7146 7143 7.569985804983254
7147 243 2.3073765660849106
7147 244 3.8287211476981278
7148 282 0.617826552185097
7148 244 3.5921895794169574
7148 7150 8.155161392582585
7149 4086 3.7655566120153754
7149 243 12.190773667896147
7149 7150 9.64246427219654
7150 1666 9.973145668828838
7150 7148 8.155161392582585
7150 7149 9.64246427219654
7151 278 35.51377472664426
7151 7152 4.747462067088013
7151 282 4.477963953458915
7152 7153 4.207343800950942
7152 1940 36.37861380769016
7152 7151 4.747462067088013
7153 7152 4.207343800950942
7153 240 37.50626930437362
7153 7154 3.59900935297161
7154 277 11.969429089988493
7154 7155 3.4575372159688103
7154 7153 3.59900935297161
7155 263 0.5347771652895125
7155 7156 22.556348963879163
7155 7154 3.4575372159688103
7156 9245 3.966036689532195
7156 8040 7.968170815978451
7156 7155 22.55634896387916
7157 7158 0.6260602446794397
7157 263 2.9725833950953047
7157 269 14.51508554985759
7158 7159 1.9136305479363065
7158 7157 0.6260602446794397
7158 8040 26.276170825923646
7159 7158 1.9136305479363065
7159 270 14.734420242177984
7159 7160 2.548063910118477
7160 9399 22.221090078932587
7160 7162 4.627091932122702
7160 7159 2.548063910118477
7161 9399 0.8816906589793633
7162 3310 15.120742223248019
7162 7165 5.250193207568439
7162 7160 4.627091932122702
7163 7164 2.793938218510039
7164 7163 2.793938218510039
7164 8589 0.8543700497626446
7164 7166 18.76429919155826
7165 5044 23.435020396256142
7165 3302 3.3871287498656404
7165 7162 5.250193207568439
7166 7168 2.872487332220534
7166 7172 14.274925699147428
7166 7164 18.76429919155826
7167 7168 1.4113416541166084
7168 7167 1.4113416541166084
7168 7169 0.9713845564036736
7168 7166 2.872487332220534
7169 7168 0.9713845564036736
7170 3293 5.747442348686054
7170 7175 13.21919623460806
7170 3302 8.941417850490357
7171 7172 1.1851956157508938
7171 9265 4.495860340406306
7171 8784 7.883725050142618
7172 7171 1.1851956157508938
7172 7166 14.274925699147424
7172 6096 11.07252131447349
7173 6096 6.130475612802551
7173 7174 7.65246299286816
7173 7188 20.660715040551658
7174 6140 5.135248769765204
7174 7173 7.65246299286816
7174 3605 11.298322619539364
7175 2909 9.133313057469108
7175 3606 17.35170366281755
7175 7170 13.21919623460806
7175 2898 9.969939203005307
7176 5535 0.8569234989250737
7176 2924 6.389828589968178
7176 2911 4.8980679536142535
7177 7179 4.575835344074894
7177 7178 2.320188125873743
7178 7407 10.436600097521668
7179 7178 2.5345686148257363
7179 999 5.273214019213347
7180 6442 0.8778121116801066
7181 6177 18.461502841784426
7181 6442 5.9298186341024754
7181 7182 17.86609896424374
7182 6176 6.805301529437369
7182 7181 17.86609896424374
7182 6206 10.26486427329106
7183 6206 3.426645485282847
7183 5447 7.623858368873562
7183 6174 8.96094065583837
7184 639 4.660328659870662
7184 633 4.770802141569855
7185 5089 5.331598420978075
7185 3116 0.28052093947063617
7185 6222 7.512817534143024
7186 2925 25.280388570011976
7186 2906 9.236363843429592
7186 2907 3.472210500022268
7187 1192 3.003794862365216
7188 4013 14.800292931007847
7188 7199 9.88947159495769
7188 7173 20.66071504055166
7189 7190 0.8097477373486472
7190 7191 0.9287962807263589
7190 7189 0.8097477373486472
7190 7193 5.513004582043799
7191 7190 0.9287962807263589
7192 1192 13.405225598071315
7192 7194 1.7462977317882944
7193 2920 0.2518587845160286
7193 7190 5.5130045820437985
7193 2914 4.703893337397048
7194 7192 1.7462977317882946
7194 1191 5.560386949274754
7195 1192 6.2663070735035635
7195 7198 2.2734558994910476
7196 1191 5.246179438001192
7197 7198 6.147739119787722
7198 7195 2.2734558994910476
7198 7197 6.1477391197877225
7199 4011 10.756316086397792
7199 7200 4.842126353887664
7199 7188 9.88947159495769
7200 7201 9.403766129057438
7200 7199 4.842126353887664
7200 7203 5.594238600507359
7201 7204 4.336375929003755
7201 7202 10.086569295683217
7201 7200 9.403766129057438
7202 7208 22.145471393851505
7202 7201 10.086569295683217
7202 7211 27.013095075993753
7203 7205 5.789394992290206
7203 7207 6.7205390576538475
7203 7200 5.594238600507359
7204 7201 4.336375929003755
7205 7203 5.789394992290206
7206 7207 0.975637627860008
7207 7210 1.5156834094790193
7207 7206 0.975637627860008
7207 7203 6.7205390576538475
7208 7202 22.1454713938515
7208 7211 2.525931663566356
7209 7211 1.4989529518113722
7209 7208 2.0186223019988843
7210 7207 1.5156834094790193
7211 7202 27.01309507599375
7211 7216 8.427764349333057
7212 7217 4.1333457933848
7212 3479 4.366219858812288
7213 7215 8.366851157218093
7214 7209 7.627733846177194
7214 7216 0.9539150912795196
7214 2903 2.347050893289516
7215 3479 0.8387131171727193
7215 2905 12.68995290820883
7215 7213 8.366851157218093
7216 6218 2.8367891253316726
7216 7214 0.9539150912795196
7217 7212 4.1333457933848
7218 7219 13.077880000674334
7218 6356 1.744043921254627
7219 3230 1.785973280401832
7219 7218 13.077880000674334
7219 3229 5.526447487863826
7220 3218 3.1052915094847884
7221 3938 5.276096314504731
7221 3226 3.6384231562150675
7222 3230 12.578503636440866
7222 7221 3.7221848139198888
7223 2275 1.4763896793706979
7223 3219 0.6215653188624425
7223 7226 26.772093358025487
7224 7226 3.900645505805407
7225 7227 4.564192382488684
7226 7227 8.518340930220772
7226 7224 3.900645505805407
7226 7223 26.772093358025487
7227 7226 8.518340930220772
7227 7225 4.564192382488684
7227 7228 23.793783414751623
7228 3220 2.649177122426206
7228 7227 23.79378341475162
7228 3878 9.162763294020774
7229 3878 0.5884530750574889
7229 2281 12.885011157777777
7230 3210 11.879794358257918
7230 6023 2.195528533478117
7231 9192 2.80277830295286
7231 2284 1.159207714014853
7232 3213 1.0772154985842168
7232 3212 7.854582981490708
7232 7236 14.683723029725444
7233 7234 2.1011366851901787
7234 7233 2.1011366851901787
7234 7235 2.769089159554966
7234 7237 2.8045051226246063
7235 7237 3.6441138822878307
7235 3209 18.277635977224623
7235 7234 2.769089159554966
7236 3198 1.2654331319444563
7236 3197 7.768672132841506
7236 7232 14.683723029725448
7237 3215 1.2136656760477853
7237 7235 3.6441138822878303
7237 7234 2.8045051226246063
7238 7239 5.4532776831095315
7239 3198 2.920388653437614
7239 3211 4.916355109482274
7239 7238 5.4532776831095315
7240 7241 1.3990525295695275
7240 3876 20.049050510238573
7241 7648 1.130872106306138
7241 5561 10.037681192807877
7242 5739 2.4720104665746367
7243 5735 1.0946512355621343
7243 7244 1.0670220356130773
7243 5738 9.173544254669029
7244 7243 1.0670220356130773
7245 5729 1.0595494097865206
7246 5730 1.1484820083626899
7247 5731 0.9128120924929433
7248 5731 1.0238507006097994
7249 2343 2.874853000952614
7250 7251 0.8312973904652133
7250 8633 0.9401340663968231
7250 2339 1.780465246029351
7251 7250 0.8312973904652133
7252 1054 10.263373120657866
7253 1025 15.831250129738216
7253 3615 20.94264480040645
7253 6347 11.456967756654954
7253 4963 5.091535417472056
7254 3617 2.2238392038705794
7254 3614 4.730648678634133
7254 8396 5.9246046586038235
7255 5058 4.734532867328115
7255 1036 2.5513441759171727
7255 7731 41.45388275000561
7256 5386 6.741239258682596
7256 5415 20.204729702762354
7256 7259 15.713505720920839
7257 6765 10.874262415446655
7257 6756 12.324715162087053
7257 7262 6.360708657914573
7258 7260 0.8616626674427068
7259 7262 7.415512767777234
7259 7256 15.713505720920839
7259 7260 8.126216976657924
7260 7261 0.9308040872289058
7260 7258 0.8616626674427068
7260 7259 8.126216976657924
7261 7260 0.9308040872289058
7262 7265 26.46170980705345
7262 7259 7.415512767777234
7262 7257 6.360708657914573
7263 6757 5.178261892669403
7263 6747 2.773423839825785
7263 7264 7.77431193617708
7264 8595 0.3133976252677483
7264 7263 7.77431193617708
7264 6741 6.318038461788471
7265 7267 4.01780456779549
7265 8595 8.193158890420753
7265 7262 26.46170980705345
7266 9306 0.8347783269359192
7267 7268 0.8955751761700245
7267 7269 1.3738380327718431
7267 7265 4.017804567795489
7268 7267 0.8955751761700245
7269 7267 1.3738380327718431
7270 6758 0.9232011966904909
7270 9306 3.607750995414626
7270 7273 16.412221077751763
7271 6726 0.9982946299813465
7271 6719 1.1445631061650348
7271 7272 7.254437130868217
7272 6723 8.760504168595068
7272 5661 6.71518075868196
7272 7271 7.254437130868217
7273 4801 5.626009394168534
7273 4800 10.560078990672547
7273 7270 16.412221077751763
7274 7276 5.1265040753566025
7274 7275 6.6401660450126885
7274 5661 10.747727384499049
7275 7279 4.795039588320661
7275 4800 9.167361057738576
7275 7274 6.640166045012689
7276 7277 0.9402118794027295
7276 7278 0.9169381978439708
7276 7274 5.1265040753566025
7277 7276 0.9402118794027295
7278 7276 0.9169381978439708
7279 7275 4.795039588320661
7279 4741 8.005713219726962
7279 7280 8.570719302531337
7280 6851 4.842625237047438
7280 7279 8.570719302531339
7280 8013 6.310586571820117
7281 6732 0.8532551475557466
7281 8602 0.8880576829355175
7281 6734 6.983045730381776
7282 7289 17.23140409464304
7282 4741 6.330976054531393
7282 6557 6.009704412146712
7283 7285 0.9163905780599516
7284 7285 0.8546549038941549
7285 7284 0.8546549038941549
7285 7289 5.346926214722083
7285 7283 0.9163905780599516
7286 7288 0.9106305840760806
7287 7288 0.9367064183539842
7288 7287 0.9367064183539842
7288 7289 3.9720561572730717
7288 7286 0.9106305840760806
7289 7288 3.9720561572730717
7289 7285 5.346926214722083
7289 7282 17.231404094643043
7290 2108 22.53209367231084
7290 7792 2.8348987989437107
7291 4284 0.9094877493800079
7292 4279 1.1090969451024582
7293 3766 0.8932374743786695
7294 3766 0.885928480286018
7295 4343 0.9519309566231136
7296 475 2.8501856859596777
7297 7298 1.5991321238461214
7298 7297 1.5991321238461214
7298 4325 7.117098862186062
7298 3034 1.3246758779356376
7299 7300 1.0131527667065359
7300 3033 3.604099566505808
7300 4898 0.7988041759543262
7300 7299 1.0131527667065359
7301 1618 0.9509748521611818
7301 1111 0.4980797744893031
7301 7302 7.280110285513724
7302 7301 7.280110285513724
7303 854 1.5471747610939344
7303 7486 1.7881111642418293
7304 845 1.623256998676823
7305 7313 10.974255782037659
7305 7312 28.927454132643582
7305 7613 8.068455305136391
7306 858 2.6527855738281745
7306 7481 7.1607085446872825
7307 7308 1.5956323613900998
7307 7313 14.117897782259575
7307 9080 1.515068857806173
7308 7307 1.5956323613900998
7309 5269 0.7689754176121941
7309 7311 3.2434277643968623
7310 7420 23.314256004179416
7310 5270 2.956038590805396
7311 5269 3.0584370059517787
7311 7314 3.028156688229553
7312 7305 28.927454132643582
7312 7317 14.531530726062943
7312 7316 49.01573501704278
7313 7315 3.59436118508943
7313 7305 10.974255782037659
7313 7307 14.117897782259579
7314 7311 3.028156688229553
7314 7320 28.195949474728927
7315 7313 3.59436118508943
7315 7317 30.598939796042195
7315 4648 8.261417111409497
7316 7312 49.01573501704278
7317 7318 1.3628459752780857
7317 7315 30.598939796042195
7317 7312 14.531530726062943
7318 7317 1.3628459752780857
7319 7320 1.5273102614186351
7320 7321 1.367618121728467
7320 7319 1.5273102614186351
7320 7314 28.195949474728927
7321 7320 1.367618121728467
7322 7323 11.344295762234307
7323 3243 7.975801569738232
7323 6536 19.101768187828373
7323 7322 11.344295762234308
7324 4169 35.85273119413447
7324 3235 1.9113160483156892
7324 8418 27.136639281852727
7325 2654 33.88333362251249
7325 4587 45.94401010436762
7326 1622 3.646629913397095
7327 4748 31.015999349148647
7328 40 5.687075689613487
7328 7329 1.8593738650674347
7329 7330 6.0406212546091655
7330 1281 11.343142976814809
7330 7331 1.961674753985088
7331 7328 6.468317736902263
7332 3444 0.5807096081627463
7332 7333 1.3326698422367933
7332 3318 18.23583392756557
7333 7332 1.3326698422367933
7334 1874 4.910368891340895
7335 9021 1.4661647052997497
7336 9026 0.9803811358987665
7336 2074 3.272312257522951
7337 7338 1.054734788461284
7337 7341 1.5935237911488893
7338 7343 0.4558229179216021
7339 7337 2.2094934293576305
7339 7341 3.653689717939688
7340 7337 0.46700419993229736
7340 532 2.244713645494934
7341 7347 14.618033595099499
7342 339 3.426280949375883
7343 7340 1.0476947521267121
7343 340 12.427203872878883
7344 1396 0.39078918276352953
7345 7344 1.9808364820973439
7345 8049 20.056053058726512
7346 4270 12.802059410988802
7346 342 1.5763163249855487
7347 1864 3.3249873657191045
7347 7346 1.5120916665708997
7348 527 14.785934446969955
7348 528 1.8196395900985256
7349 342 6.735502726078772
7350 7349 4.53717935414044
7351 7355 0.6153817908929274
7351 474 0.7932486558723808
7351 5346 2.98535184294338
7352 4322 0.822590855462303
7352 4270 0.6020960855441615
7353 4322 4.416211234359896
7353 7352 4.462077984836483
7354 4270 1.600901364985021
7354 7349 4.678307691341339
7355 7354 2.661109637562402
7355 7350 1.4785954378165265
7356 474 2.065216785199036
7356 7357 2.4379221822291064
7357 474 1.7197335884382532
7357 9496 7.08089997950096
7358 7359 1.0204334202619212
7358 462 77.62586190975175
7358 7360 9.333109113083434
7359 7358 1.0204334202619212
7359 163 5.634563588869479
7360 6931 7.952051428355218
7360 7359 9.223626578719776
7361 732 32.378610668443905
7361 6595 9.744197038230773
7362 7363 6.555455719939312
7363 6223 0.7113573623388136
7363 62 12.813652919695793
7363 3049 4.364701707041301
7364 65 0.8500667368666277
7364 63 14.060878499470654
7365 2052 0.6651633466168918
7365 79 6.973748711747419
7366 1298 4.848617159310995
7366 992 1.2780240278124242
7367 189 1.9123590095632224
7368 189 0.6056716966556293
7368 7371 3.2876193937903446
7368 5320 1.3134458321445612
7369 5320 2.048014746498548
7369 7368 1.9944532330964169
7370 7369 2.083794288660825
7370 8378 20.70136170273304
7371 5326 1.7069171903735085
7372 7374 1.9966416104181837
7372 775 3.9727196197751917
7373 7375 0.9756393258622214
7373 3824 4.662921020693504
7374 7377 0.145041290821577
7375 9350 0.10577124496921979
7376 7373 0.14960059907672385
7377 8025 12.727312341476308
7377 7376 1.1005760153700908
7378 7379 1.7988445482401823
7378 6461 3.719624372716257
7379 7378 1.7988445482401823
7379 2425 2.9468052067861117
7379 7380 1.2419650770778408
7380 7378 1.268386016954157
7380 467 3.051122297313787
7381 802 6.922597740741485
7381 9118 2.0684017261669236
7382 7383 0.905245092188013
7382 4111 6.689894776706604
7383 995 0.859897135293988
7383 804 5.609661315372021
7384 7392 1.581988198654463
7384 7394 1.1655010648145379
7385 6476 1.7100916330639477
7385 7394 1.07376868838551
7386 7387 8.219161017624197
7387 7395 1.2782332793262141
7388 2031 12.150498379009797
7388 7393 2.720393375017318
7389 6875 0.5922242184437121
7389 6879 3.016001968469812
7390 5500 0.3750545661606174
7390 7391 3.299812304275714
7391 1581 5.670836624793193
7391 7386 3.6764451827855433
7392 7388 4.119358705564022
7393 7390 2.0850731449251563
7393 974 7.955629980313235
7394 7387 2.539719132669613
7394 6476 1.030866613489075
7394 7392 0.9829920591520144
7395 4903 2.0738273225622104
7395 7385 2.8365564694214758
7396 387 2.464112434732468
7396 390 5.16137430569701
7396 7397 3.160643931439588
7397 7396 3.160643931439588
7398 4493 5.580858442808282
7399 9184 5.215098694080667
7399 7400 0.8431338677696433
7400 7399 0.8431338677696433
7400 4420 0.989787278444719
7401 7402 0.8570646887858673
7401 45 9.477051177245173
7402 7401 0.8570646887858673
7402 35 6.360027419265059
7403 5090 8.680060850425134
7404 43 9.239472923879747
7405 999 0.573191878208572
7405 3343 10.047079699359509
7406 7405 21.931119163963604
7407 7406 2.024966166528788
7407 36 1.459899447962061
7408 5313 9.52950277879048
7408 9372 3.235904831097629
7409 7417 0.9361282247364051
7410 5876 1.0191284633793503
7410 8342 1.0766962190343001
7410 5877 3.4982851980119114
7411 7418 0.9780526711506248
7412 7422 0.6534106862391991
7413 8340 0.9892154531851518
7414 4684 0.47080064216162465
7415 7428 8.855847715446767
7415 7436 17.68904851730392
7415 7421 3.541828669051335
7416 5874 1.3321348785444076
7416 8341 0.8102558591976359
7416 5875 4.806843922700626
7417 7409 0.9361282247364051
7417 5878 1.0256789603564231
7417 5875 2.933419380240295
7418 7411 0.9780526711506248
7418 8333 0.761024282481594
7418 7421 4.175954059620998
7419 7436 0.6405706072099986
7420 7310 23.31425600417942
7420 7424 3.218198301106273
7421 8331 4.425369366443768
7421 7415 3.541828669051336
7421 7418 4.175954059620998
7422 7412 0.6534106862391991
7422 8338 0.7960155585444829
7422 7435 4.392720869846899
7423 7435 2.8566931245035527
7424 7420 3.2434310665746215
7424 4638 9.854941574322584
7425 7436 1.3112342012676605
7426 7439 13.119358713193336
7426 7434 9.544072152832577
7426 7431 3.883253111379693
7427 7433 3.015722596821468
7427 7431 6.175239027222856
7427 7435 5.7628694227896435
7428 7439 1.772318329922098
7428 4639 5.42846788111151
7428 7415 8.855847715446767
7429 7430 0.7530400092539985
7430 7431 3.4488735389920624
7430 7429 0.7530400092539985
7430 7432 1.030943221167153
7431 7430 3.4488735389920624
7431 7426 3.8832531113796938
7431 7427 6.175239027222856
7432 7430 1.030943221167153
7433 7427 3.015722596821468
7433 8337 0.7146986307606052
7433 8340 2.251038966898804
7434 7426 9.544072152832575
7434 7437 7.942681971868808
7434 7723 3.9951642195313743
7435 7422 4.392720869846899
7435 7427 5.7628694227896435
7435 7423 2.8566931245035527
7436 7425 1.3112342012676605
7436 7419 0.6405706072099986
7436 7415 17.689048517303924
7437 7434 7.942681971868808
7437 7440 17.1240624383052
7437 7446 12.385169672306187
7438 7453 2.064935052281584
7439 7428 1.772318329922098
7439 7426 13.119358713193336
7439 8526 21.928586808599523
7440 7437 17.124062438305202
7440 5150 4.509391915884624
7440 7451 10.172646139338848
7441 8336 5.818471630773185
7441 7446 15.317143363127778
7441 7723 9.887099893844011
7442 7449 1.0845974424769524
7442 7453 10.861085572096249
7442 7443 6.18675978692608
7443 7442 6.18675978692608
7444 7450 0.811239705076362
7444 7445 4.8168121590143205
7444 7447 16.162238646084617
7445 7444 4.8168121590143205
7446 7452 6.874843936246011
7446 7437 12.385169672306185
7446 7441 15.317143363127784
7447 7444 16.162238646084617
7447 5606 13.200816353310712
7447 5150 13.9525133339254
7448 8521 1.1322223033256873
7449 7442 1.0845974424769524
7450 7444 0.811239705076362
7451 7453 13.46376713626203
7451 7440 10.172646139338848
7451 8521 10.930847954328932
7452 7446 6.874843936246009
7453 7438 2.064935052281584
7453 7451 13.46376713626203
7453 7442 10.861085572096249
7454 7600 0.7334769921475661
7455 7603 1.0780595316125143
7455 7476 0.9449163112389911
7455 7471 5.475665942167651
7456 7598 0.88894992330413
7457 7475 4.161457227292799
7457 4680 4.267735565741139
7457 7607 4.074288110083965
7458 7463 4.073086825371381
7458 4679 6.570100755943383
7458 7459 6.4413202349271295
7459 7458 6.441320234927129
7460 7468 0.9918427324615875
7461 7479 8.63526968573259
7462 7463 0.7429153526097039
7463 7462 0.7429153526097039
7463 7458 4.073086825371381
7463 7595 1.03940755817153
7464 4661 7.024607276000157
7464 7477 3.8515884571321055
7464 7470 6.255755015301095
7465 4678 10.762595543787622
7466 4680 9.27567621479927
7466 7598 8.18668958439327
7466 7596 4.61037790059893
7467 4678 9.91147754161392
7468 7460 0.9918427324615875
7468 7612 0.994257907948562
7468 7475 4.544429873649995
7469 4679 10.706515544732294
7470 7464 6.255755015301095
7470 7475 2.4911887098201553
7470 7478 6.973013187064989
7471 7477 3.918736312255371
7471 7455 5.475665942167651
7471 7480 4.484941443669966
7472 7596 2.125993985293697
7473 4660 3.1061671405056375
7473 4680 6.601726270396052
7473 7474 4.070876056512466
7474 7473 4.070876056512466
7475 7470 2.4911887098201553
7475 7457 4.161457227292799
7475 7468 4.544429873649994
7476 7455 0.9449163112389911
7477 7464 3.8515884571321055
7477 7600 8.451949743017947
7477 7471 3.918736312255372
7478 9226 1.899158195511323
7478 7602 1.0586746758339662
7478 7470 6.973013187064989
7479 4674 8.572882181670023
7479 8519 5.47724303622284
7479 7461 8.63526968573259
7480 7610 0.7967331432357827
7480 7609 0.7323966827206395
7480 7471 4.484941443669965
7481 7484 5.4955110003220815
7481 7306 7.1607085446872825
7481 7490 2.520199770061128
7482 2271 1.5983765852572065
7482 7489 20.06634151408707
7483 852 1.6149852518731793
7483 7488 2.337488101844898
7484 7487 1.5327967074169189
7485 8820 1.6540647946615747
7485 4663 10.269174132032667
7486 854 1.5187130138400071
7486 7605 9.604494127710678
7487 7708 4.101467180472905
7487 7488 4.426811463001504
7488 7490 0.8205998109427227
7488 7483 2.337488101844898
7489 2271 19.850588600165178
7490 7488 0.8205998109427227
7490 7484 2.7671208892773573
7490 7481 2.520199770061128
7491 7508 1.4161438292152662
7491 7592 4.063396243382122
7492 8501 0.8421428450544881
7493 7501 10.868742232004703
7493 7509 2.849473557783498
7493 8506 4.492619020737156
7494 7509 3.096586983982729
7494 7712 10.09928294541936
7494 7505 4.875968415726251
7495 4685 10.746428953404413
7496 7510 8.881948411985151
7497 7510 7.234762982307312
7498 7491 1.5925721709821963
7498 7510 5.947873182080379
7499 7592 0.8932243463907619
7500 7502 1.0355387922587336
7501 7504 8.579322565032385
7501 6334 10.088559273610027
7501 7493 10.868742232004703
7502 7500 1.0355387922587336
7502 7503 0.8464043393077278
7502 7509 7.538797043449136
7503 7502 0.8464043393077278
7504 7501 8.579322565032385
7505 7506 1.3523168034523216
7505 7494 4.875968415726251
7505 8502 4.607559829422004
7506 7505 1.3523168034523216
7506 7507 5.68139520658229
7506 7511 9.235361104662347
7507 7506 5.681395206582289
7507 7508 8.04770105078201
7507 8501 4.307846535315544
7508 7507 8.04770105078201
7508 7498 2.9640822588220694
7509 7494 3.096586983982729
7509 7493 2.849473557783498
7509 7502 7.538797043449136
7510 7497 7.234762982307312
7510 7498 5.947873182080379
7510 7496 8.881948411985151
7511 7506 9.235361104662344
7512 7513 1.9082480808043414
7512 8378 25.211881771953532
7513 8641 0.48688537784646213
7514 3641 6.292196798152232
7514 9256 3.1217694075092153
7514 5264 1.6374488482900584
7515 724 0.3276312343072014
7516 243 1.4444701346184161
7516 245 10.76053505393782
7516 9375 1.6337725841543225
7517 8819 3.556508415565781
7517 7642 1.7805940915721448
7518 4540 14.06037951660479
7518 4539 7.309891357661979
7518 7539 13.668814269250909
7519 8392 6.496822030158847
7519 8390 1.9028840708508117
7519 8391 2.2905625730778953
7520 7541 3.785992602914704
7520 7535 1.1793135250837068
7521 7529 1.5158462259995598
7521 9356 2.5337233270419293
7521 7553 14.515839858858474
7522 7563 5.338787760234246
7522 3672 9.095418793564512
7522 3674 8.078261784349674
7523 9371 2.7273246829683084
7523 7545 4.120763352404939
7523 7532 3.95838565796549
7524 7540 8.581292925888967
7525 7526 5.112261052958025
7525 7535 3.0555911931485107
7525 7531 9.53860010171327
7526 7525 5.112261052958025
7526 7547 20.156925882217912
7526 7534 6.509803227750473
7527 9356 1.0100895539327766
7528 7555 9.500089355755392
7529 7521 1.5158462259995598
7530 7543 4.1322966317840875
7530 7537 5.408228745590063
7530 7545 8.503372615416973
7531 7525 9.538600101713268
7532 7523 3.95838565796549
7533 7544 6.583010177333677
7533 5836 8.950863205867401
7533 8392 5.255842018055604
7534 7526 6.509803227750473
7535 7525 3.0555911931485107
7535 7551 3.9857479295551177
7536 7565 2.766363688530267
7536 9353 6.770872625101448
7536 8392 5.502176348066335
7537 7530 5.408228745590063
7538 5426 7.4002881503222255
7539 4559 13.27625557181863
7539 4567 9.768559079397303
7539 7518 13.668814269250909
7540 6017 3.5703986342434333
7540 5259 8.489438466522795
7540 7524 8.581292925888967
7541 7520 3.785992602914704
7542 7554 5.519391746980219
7543 7530 4.132296631784088
7544 3676 20.44447102300707
7544 7533 6.583010177333677
7544 7553 4.56009821186503
7545 5428 3.808245113441608
7545 7530 8.503372615416973
7545 7523 4.12076335240494
7546 7561 4.893875600424197
7547 7550 5.523431428642984
7547 7526 20.156925882217912
7547 7549 8.310002813202466
7548 7561 6.3228793648942005
7549 7547 8.310002813202466
7550 6441 5.421212785796805
7550 7547 5.523431428642984
7550 7561 7.436843983214829
7551 7520 2.59391030597159
7551 7555 6.974170454538752
7552 7562 10.29758140723199
7552 5138 21.374581652034816
7552 865 10.766585312592392
7553 7544 4.56009821186503
7553 7521 14.515839858858472
7553 9352 17.127271179734638
7554 7542 5.519391746980219
7554 3675 8.092411810411493
7554 3672 9.010759100082387
7555 7528 9.500089355755392
7555 7551 6.974170454538753
7555 7559 5.332625934869544
7556 7558 2.8499705458234583
7556 7556 17.717898280079066
7557 5428 4.254161066874551
7558 4691 10.93836329818166
7558 4694 8.211236650019481
7558 7560 2.9070402914000626
7558 7556 2.8499705458234583
7559 8464 0.8890693981298328
7559 7555 5.332625934869544
7559 7564 7.4579462300507
7560 7560 17.994452660508045
7560 7558 2.9070402914000626
7561 7546 4.893875600424197
7561 7550 7.436843983214831
7561 7548 6.3228793648942005
7562 7552 10.29758140723199
7563 7522 5.338787760234246
7564 7559 7.4579462300507
7565 7536 2.766363688530267
7566 9353 0.7488039194015017
7567 9352 1.3103539004989375
7568 5118 11.016569528990182
7569 1220 0.5710195158625381
7569 7570 11.814970032218767
7569 562 6.571881929242838
7570 1480 1.80137004519272
7570 3900 12.744383172893157
7570 1481 10.029360136090396
7571 7575 0.5069372855797137
7571 7574 1.2524559796992412
7572 7571 3.757174198591055
7572 2132 6.775785945158125
7572 7574 4.426540390783522
7573 7571 0.39857271388916726
7573 7572 3.7678148437632952
7574 8097 4.488090152465754
7575 7573 0.5029443075236771
7575 7576 3.43256393604023
7576 2112 2.66701955663775
7576 7573 3.2470047212347355
7577 2748 0.5622446457360267
7577 9092 0.967823180057916
7577 4602 3.4467836183966485
7578 6435 7.001846547921943
7578 7580 16.243576831823557
7578 7579 8.705977024767472
7579 7578 8.705977024767472
7580 7578 16.243576831823557
7581 8993 7.49158788005981
7581 7830 5.916623773650101
7581 8607 28.461434956060334
7582 8982 8.451174095242372
7582 4264 3.956819213232909
7582 7583 0.665537943155236
7583 9439 2.8011247279747553
7583 7582 0.665537943155236
7584 5710 1.7056720822789044
7584 964 1.9735921663883527
7584 959 7.153710325996902
7585 962 1.1208389556663378
7586 962 1.1342953916170924
7587 5583 9.545120086518045
7587 557 0.8161728090778244
7588 3934 6.332207316782892
7588 327 3.5839422919728356
7589 1700 9.736011635176673
7590 4584 1.0477124225355643
7591 7592 1.2257287611814276
7592 7499 0.8932243463907619
7592 7591 1.2257287611814276
7592 7491 4.063396243382122
7593 4677 0.834190017263649
7593 7594 1.0458800779244555
7593 855 2.738312009968636
7594 7593 1.0458800779244555
7595 7463 1.03940755817153
7596 7472 2.125993985293697
7596 7597 0.934162225648006
7596 7466 4.610377900598929
7597 7596 0.934162225648006
7598 7456 0.88894992330413
7598 7599 0.9925897203422593
7598 7466 8.18668958439327
7599 7598 0.9925897203422593
7600 7454 0.7334769921475661
7600 7601 0.9222267458616966
7600 7477 8.451949743017947
7601 7600 0.9222267458616966
7602 7478 1.0586746758339662
7603 7455 1.0780595316125143
7604 4659 11.85876336961541
7604 856 2.5833185502550426
7605 848 4.1489809352753335
7605 7486 9.604494127710677
7606 7607 0.985031237488202
7607 7606 0.985031237488202
7607 7608 0.9022059023466263
7607 7457 4.074288110083964
7608 7607 0.9022059023466263
7609 7480 0.7323966827206395
7610 7480 0.7967331432357827
7611 4661 8.674966191353745
7611 7304 3.1401190559379644
7612 7468 0.994257907948562
7613 846 2.143561245080327
7613 7305 8.068455305136391
7614 3698 6.721930302936833
7615 7617 17.534895461569786
7616 8426 0.9656507310414048
7616 7628 0.9510640125514686
7616 7625 4.074197840401247
7617 6226 23.01644613657499
7617 7633 4.804278822394611
7617 7615 17.534895461569782
7618 7623 7.617169753314477
7619 6773 5.748178600061006
7619 8593 1.6063174085658278
7619 7620 1.9526811998361335
7620 7619 1.9526811998361335
7621 7631 5.40837190775376
7622 5476 4.627403122526706
7622 7634 8.552766743904021
7623 7629 9.519195785183971
7623 6226 10.956951951684568
7623 7618 7.617169753314477
7624 8595 4.725920309770151
7625 5388 12.965258888034144
7625 5434 29.246709595718855
7625 7616 4.074197840401247
7626 7627 11.441989262021362
7626 5139 7.164902206675326
7626 5952 15.40200739505836
7627 7626 11.441989262021364
7628 7616 0.9510640125514686
7629 7623 9.519195785183971
7629 6225 6.142107668983653
7629 7632 11.559764563027434
7630 7634 1.0327397762304122
7631 2092 8.853175813147631
7631 8008 14.527193670552464
7631 7621 5.40837190775376
7632 7629 11.559764563027434
7633 7617 4.804278822394611
7633 6225 3.0183569120921554
7633 4777 16.389438152129642
7634 7630 1.0327397762304122
7634 9313 0.8208269151841101
7634 7622 8.55276674390402
7635 6479 0.4778487853687842
7636 514 5.738009719237671
7637 6000 1.9618981061425529
7638 4754 0.40341726086468727
7638 7640 5.440382322042992
7639 7640 1.9588924206442526
7640 7638 5.440382322042992
7640 7639 1.9588924206442526
7641 146 6.005795153460571
7641 7515 2.6950175731788386
7642 7641 0.5359727677539703
7643 5859 18.059704770607667
7644 7645 3.6607625695065145
7644 8675 5.618632140848241
7644 7646 8.46302977794341
7645 2935 10.436458847474414
7645 2934 5.9882556560520985
7645 7644 3.6607625695065145
7646 2935 6.917521350957803
7646 8676 9.289601960991968
7646 7644 8.46302977794341
7648 7241 1.130872106306138
7648 7647 0.3044594990602198
7649 5561 0.5205358488333074
7649 7648 10.319375528147352
7650 6146 0.5499104933386314
7650 7649 7.009704810288747
7651 69 33.03204338580987
7651 138 5.669168467983576
7651 7652 13.703050452884565
7652 135 22.557229182252993
7652 9272 2.4195162158310355
7652 7651 13.703050452884563
7653 2860 4.162453558184888
7653 2694 4.890177024551983
7653 8178 6.726302139053032
7654 8178 1.3359882298622456
7655 1189 10.952766363824514
7656 7657 1.5265316842185188
7657 8425 0.7207180925400035
7657 7656 1.5265316842185188
7657 6776 8.80292008886793
7658 7659 1.055676869105845
7658 3758 5.37868431846879
7658 3757 0.6510270451837236
7658 8961 2.9743191809944856
7659 7658 1.055676869105845
7660 3771 1.7093717605081191
7660 3770 3.5377518208240293
7660 8958 4.842737082663358
7661 3769 0.8817269649334125
7661 7663 1.057274703429277
7661 3770 1.9764005776410472
7662 4269 1.1644388248731834
7663 7661 1.057274703429277
7664 3762 0.8844413738404643
7664 7665 0.9390561314661952
7664 3761 2.770263419639116
7665 7664 0.9390561314661952
7666 7667 1.300748293743224
7667 3759 1.3369343990134166
7667 7666 1.300748293743224
7667 512 5.217084991966849
7668 603 0.8998416227497092
7669 603 0.899585895599654
7670 7671 1.3664837498770182
7671 7672 0.7070143368821362
7671 7670 1.3664837498770182
7671 3764 5.308133518456629
7672 7671 0.7070143368821362
7673 4277 3.828300590141162
7674 594 0.8812280016261379
7675 4386 0.9124180134677476
7676 600 0.8789687086743743
7677 471 9.242790201005418
7678 7679 0.831466183708877
7679 7678 0.831466183708877
7679 7680 0.9072225663177071
7679 3751 8.712524826936091
7680 7679 0.9072225663177071
7681 3750 0.9158958323626795
7682 3038 0.9716056076104058
7683 4324 0.8657687760652988
7684 4342 1.0451149637446742
7685 5559 1.8245957249117843
7685 4345 11.514958482064001
7685 7686 0.8013371544718318
7686 7685 0.8013371544718318
7687 5339 0.8582794256528592
7688 7994 0.9285504231021597
7689 3030 0.9601729629506098
7690 3030 0.9409642762471733
7691 4331 0.8754310393087348
7692 517 1.539796931355425
7692 5342 3.823138247466827
7692 8029 3.6768452062514867
7693 6566 5.014369144889328
7693 7694 2.7898150647935687
7693 6561 18.837323079948977
7694 7693 2.7898150647935687
7695 8516 0.9962349934957365
7696 8512 0.9975834091788914
7697 8522 1.1314707104162456
7698 7706 6.433324364347022
7698 7712 10.160337459066533
7698 8512 5.60023081464387
7699 7701 16.157619844453414
7699 5150 7.6435456630874805
7699 7804 2.082187040456
7700 7702 2.7485754910958673
7701 7721 6.878848585712731
7701 7699 16.15761984445341
7701 5597 3.3410231398317904
7702 7723 10.249848446564524
7702 8330 4.223472938457502
7702 7700 2.7485754910958673
7703 7710 0.6667089139948418
7703 8515 0.8306089180629399
7703 7725 3.2354379829673228
7704 7804 1.6526954098441045
7704 8335 3.578722649013012
7704 8525 1.0919995790992023
7705 7718 4.491210195142656
7705 7720 5.998224846921423
7705 7724 6.258653108797696
7706 4685 5.408023806656562
7706 7698 6.433324364347022
7706 7725 4.877992220009859
7707 8335 0.9218333404890328
7708 6446 2.168186808025805
7708 8522 3.313843562017024
7708 7487 4.101467180472905
7709 7720 2.2146544139281636
7710 7703 0.6667089139948418
7711 7715 5.273520654708242
7712 7698 10.160337459066533
7712 7494 10.099282945419358
7712 8508 4.807324069441164
7713 6233 10.80442637159529
7713 7721 7.896839280716592
7713 5595 6.127277783675399
7714 7722 3.2499424056257236
7714 8511 0.7959153994560412
7714 8513 1.0675996189684498
7715 7711 5.273520654708243
7715 7722 6.069278908161233
7715 4676 7.203830637616477
7716 8508 0.9441631520547815
7717 9528 0.8526463979395127
7717 9527 1.4058929653769054
7717 7720 4.351799351953215
7718 7705 4.491210195142656
7718 7726 7.597209877474419
7718 7727 5.166989880917875
7719 8336 0.5966252694842565
7720 7705 5.998224846921423
7720 7709 2.2146544139281636
7720 7717 4.351799351953215
7721 5608 5.248613328320021
7721 7713 7.896839280716592
7721 7701 6.878848585712731
7722 7714 3.2499424056257236
7722 4658 6.548202851241491
7722 7715 6.069278908161232
7723 7702 10.249848446564524
7723 7441 9.887099893844011
7723 7434 3.9951642195313743
7724 7705 6.258653108797696
7725 7703 3.2354379829673228
7725 7706 4.877992220009859
7725 8516 2.0192403379715778
7726 7718 7.597209877474419
7727 6336 6.5913306828372145
7727 6335 13.271723081957733
7727 7718 5.166989880917875
7728 300 4.901847781095811
7728 3447 4.597001984949637
7728 7729 6.239811496669273
7729 7728 6.239811496669273
7730 8482 10.217016838966076
7730 1417 5.2020519573866135
7730 3545 24.710758667913847
7731 1417 2.6402822423608865
7731 4511 5.648209100324491
7731 7255 41.45388275000561
7732 7733 1.649048993849111
7733 7734 1.6890748914536278
7733 7732 1.649048993849111
7733 4666 10.135099026573572
7734 7733 1.6890748914536278
7734 7734 5.913630413002656
7735 870 7.637167275302206
7735 2089 4.816231616260042
7735 7736 6.4733765866638215
7736 7735 6.473376586663822
7737 8442 0.8583833483146095
7738 7740 0.7522779722903118
7739 2203 0.8516765459339615
7740 2196 0.4487795777103929
7740 7738 0.7522779722903118
7740 2102 10.479011226752991
7741 2203 1.1066386625250024
7742 1666 15.710211459683821
7743 7744 4.882927264336945
7744 2239 0.9671314951125537
7744 2232 6.4809611897300075
7744 7743 4.882927264336945
7745 7746 0.5944855294340057
7746 1499 7.4200745890673385
7746 1498 0.5163495343879957
7746 7745 0.5944855294340057
7747 1065 10.975038535960527
7747 7752 5.2626297964741875
7747 7749 2.1516834739029704
7748 7750 1.208146336136863
7748 1102 6.084747273462554
7748 1076 8.69455568883758
7749 7747 2.1516834739029704
7749 7756 0.8265279288942907
7749 7755 0.701815166278994
7750 7748 1.208146336136863
7751 7753 0.7802571143948128
7752 7747 5.2626297964741875
7752 1064 0.970040113585622
7752 7754 3.5819913934924497
7753 1103 1.0528157027869545
7753 7751 0.7802571143948128
7753 1075 7.947588541240439
7754 7752 3.5819913934924497
7755 7749 0.701815166278994
7756 7749 0.8265279288942907
7757 4407 0.8684377394764176
7757 7760 0.8282894180859189
7757 4401 12.837533738285892
7758 7761 6.1197567774447466
7758 871 8.010624548863316
7758 7859 6.694756737145132
7759 7761 2.1459509740673375
7760 7757 0.8282894180859189
7761 7759 2.1459509740673375
7761 7758 6.1197567774447466
7761 7763 1.9694218124220555
7762 7764 9.953380991545941
7763 7761 1.9694218124220555
7764 4405 18.472063672642957
7764 4404 3.678330862663302
7764 7762 9.953380991545941
7765 6197 4.3337303051506435
7766 6194 1.661649920241063
7767 5897 0.7915598776593955
7768 5917 7.984456538629606
7768 5916 0.7723281878873148
7768 7771 0.7983068312982877
7769 5891 0.9551351651182637
7770 7785 0.8436689675626653
7771 7768 0.7983068312982877
7772 5935 0.9482305688710763
7773 5924 0.9465440854533871
7774 5896 0.8158378094644473
7775 5897 0.8973735403427425
7776 5935 0.9669325980083883
7777 5900 2.3353145082570497
7777 7787 0.9271130981636957
7777 5899 8.69370669149622
7778 5903 0.8330690785558241
7779 5937 1.3419366249035451
7780 5937 1.6901689742778512
7781 5896 0.921926491612225
7782 5891 0.8900353202608724
7783 5911 0.8062983189576333
7784 5924 0.9001542448485561
7785 5932 4.089301029440025
7785 5933 1.0136206935385965
7785 7770 0.8436689675626653
7786 5903 0.9158229288326687
7787 7777 0.9271130981636957
7788 5938 8.944285614251687
7789 4773 0.4085545077196897
7790 7793 2.8455396261418966
7790 4741 7.13230084985724
7791 7290 2.514239755933229
7791 7792 2.499538106978011
7792 4772 0.8676094336208957
7793 7791 0.16836933998159861
7794 7795 0.8862128492003655
7795 5383 4.508380952987252
7795 5407 1.3200508748205222
7795 7794 0.8862128492003655
7796 7797 13.87193388824597
7797 3909 6.3304876163647785
7797 4858 6.147139520773025
7797 7796 13.87193388824597
7798 634 3.1393650426832616
7798 3128 6.996086605083573
7798 5087 27.25303194983994
7799 3090 1.1151729275744349
7800 3090 1.2970158538091243
7801 1707 6.984079075582925
7801 1706 6.746314011295887
7801 7802 10.569569589464548
7802 1708 6.816588672118727
7802 9091 4.069174881037618
7802 7801 10.569569589464548
7803 155 0.8088305881339806
7804 7704 1.6526954098441045
7804 7699 2.082187040456
7804 7805 10.017008821445279
7805 7804 10.017008821445279
7806 7807 0.29858008134056135
7807 7806 0.29858008134056135
7807 8673 2.082005853343382
7807 5706 11.505972982588604
7808 7811 2.368341958702563
7809 7811 1.1225799085699804
7810 7813 11.129964275163106
7810 6017 9.452942101396413
7810 3633 5.141998233847709
7811 7809 1.1225799085699804
7811 7808 2.368341958702563
7811 7813 3.0193487374798376
7812 7813 1.1753586300909256
7813 7811 3.0193487374798376
7813 7812 1.1753586300909256
7813 7810 11.129964275163104
7814 7817 0.9766691879523419
7815 7817 1.0706023625198233
7816 7820 1.0269475643331405
7816 7819 0.9372295861079791
7816 4646 6.723487520369219
7817 7815 1.0706023625198233
7817 7814 0.9766691879523419
7817 7821 7.0075677089684225
7818 7821 0.9504990820391775
7819 7816 0.9372295861079791
7820 7816 1.0269475643331405
7821 7818 0.9504990820391775
7821 4646 11.032398374558385
7821 7817 7.0075677089684225
7822 1171 19.65389257151847
7823 984 4.055004921698924
7823 142 2.8313966912599233
7823 6527 8.27552588986804
7824 2807 1.3311305820100607
7825 2807 0.826464283884318
7826 2809 1.4477186477333572
7827 2809 0.8683830536001792
7828 2614 5.238365647780009
7828 2615 9.030507736946499
7828 2613 19.50936795348091
7829 7830 15.914304324679112
7830 7831 4.760927206121021
7830 7829 15.914304324679112
7830 7581 5.916623773650101
7831 7830 4.760927206121021
7832 1512 7.157822684706616
7833 3598 0.7738668513055458
7834 3162 1.863619903373906
7834 7835 0.8242613422167506
7834 3161 3.4257137479793593
7835 7834 0.8242613422167506
7836 1586 1.9227386294193132
7836 771 31.423854135194908
7836 3053 3.543592404678672
7837 7838 1.0021690705226436
7838 3125 8.940265121557907
7838 3124 1.9330190563145973
7838 7837 1.0021690705226436
7839 7841 0.44718179117234264
7839 7840 1.061265131229419
7839 1307 4.757074284857643
7840 7839 1.061265131229419
7841 7842 0.34790008797655614
7841 7839 0.44718179117234264
7841 4040 5.737225537557205
7842 7841 0.34790008797655614
7843 7845 1.0925059758025455
7843 3814 7.435862790162028
7843 7844 0.9091905233083745
7844 7843 0.9091905233083745
7845 7843 1.0925059758025455
7846 3183 7.026377670348915
7847 2892 4.277378663751856
7847 17 0.6836473821885293
7847 5330 12.31713749539048
7848 3386 3.4850356064598875
7849 3386 0.9172650794020735
7850 3382 2.362488311373192
7851 3385 0.9023722967044542
7852 3385 0.9423598952419237
7853 2303 8.363652543900647
7853 4303 2.17051170933096
7853 7854 2.6123274159319214
7854 7853 2.6123274159319214
7855 7856 9.253077475513606
7856 4701 1.513789018709616
7856 4689 24.07160281962701
7856 7855 9.253077475513606
7857 7858 1.8240547859540435
7858 1094 1.0430067127084337
7858 7857 1.8240547859540435
7858 1081 9.35183825620296
7859 7860 6.42276459517321
7859 7758 6.694756737145132
7859 9000 13.521857047117013
7860 7859 6.422764595173211
7861 7862 21.54234289778228
7862 7861 21.542342897782284
7862 6031 2.12538472559526
7862 7104 13.459630159922677
7863 3278 15.876851531645428
7864 3279 2.3411233322888516
7865 5355 1.080828698820606
7865 7866 4.527628360528526
7865 4867 6.565402734996092
7866 7865 4.527628360528526
7867 3489 8.635722510342848
7867 3488 1.1259121872401427
7867 7868 1.2395825344409586
7868 7867 1.2395825344409586
7869 7875 4.158177987597962
7869 7874 0.7577884408944697
7869 7870 0.7752590260292871
7870 7869 0.7752590260292871
7871 7872 0.49190890952915844
7871 1820 4.794035113354975
7871 7873 0.4323055811761823
7872 7871 0.49190890952915844
7873 7871 0.4323055811761823
7874 7869 0.7577884408944697
7875 7869 4.158177987597962
7875 4704 8.466619488459784
7875 1812 8.0181303023982
7876 4731 0.8060814623885688
7877 4707 1.2092423772128187
7878 4707 1.0511043078539921
7879 7880 4.355589051837647
7880 7879 4.355589051837647
7880 8447 4.03312770721168
7880 4653 18.49837735005716
7881 7882 3.5625252484917644
7882 7883 0.8088392670035768
7882 7881 3.5625252484917644
7882 5680 17.09937681733077
7883 7882 0.8088392670035768
7883 2099 21.27117112763616
7884 7885 0.8760572104617549
7884 2785 1.217247703331593
7884 2784 9.69189954654304
7885 7884 0.8760572104617549
7886 5659 0.44682871471368557
7886 7887 0.9690438757115671
7886 6918 21.743977423972485
7887 7886 0.9690438757115671
7888 4045 5.735636933169914
7888 8490 1.7457735377271462
7888 4056 1.8079048028304943
7889 7897 3.453171023888562
7890 4636 0.7650188974219545
7890 7893 11.39647023199458
7891 7896 0.9962041151878485
7891 8684 2.596557751239234
7892 7891 4.546048432891212
7893 7895 4.110708762682656
7893 7890 11.39647023199458
7894 9254 0.36419037659887793
7894 7892 4.552646712677011
7895 4637 4.149392453210384
7895 8247 7.454095668755138
7896 9253 2.6583001949790743
7897 4635 3.6635541970313734
7897 9251 3.515925594312798
7898 5793 4.989499080008887
7899 4643 0.7828357683885787
7899 862 9.18501600017156
7900 7899 5.345907311761226
7900 5110 53.38523841490012
7900 5993 3.513598675897421
7901 1987 2.230606282364356
7902 7901 2.019744465276742
7902 7904 1.4306446633979288
7903 2891 13.289110522232656
7903 5584 2.4951049688222056
7904 5584 0.9428632200272155
7904 7903 2.2636655030684767
7905 1989 2.3454156651607114
7905 1987 1.216633335195896
7905 1988 38.28898981946849
7906 7908 0.7387338859490373
7907 7908 1.4854183117513822
7908 7907 1.4854183117513822
7908 7906 0.7387338859490373
7908 5597 6.851631101168864
7909 7910 1.57567256690984
7909 8716 1.6200702200829866
7909 7914 5.8843479128001475
7910 7909 1.57567256690984
7911 7916 6.21776408013041
7912 7914 9.85368387812324
7913 701 3.962695146989153
7913 700 5.875960720277435
7913 7914 10.610100088274315
7914 7913 10.610100088274315
7914 7909 5.8843479128001475
7914 7912 9.85368387812324
7915 7927 7.966600846533242
7915 701 11.996519538429276
7915 7916 9.146206199099684
7916 8715 4.7461267497336515
7916 7915 9.146206199099685
7916 7911 6.217764080130409
7917 7928 8.376573893540387
7918 7929 2.127338758920468
7918 7922 4.443535463721018
7918 7921 8.130779575516698
7919 7923 6.960851766330028
7920 7923 5.799608512749758
7921 7918 8.130779575516696
7921 8245 9.010336854212651
7921 7925 5.599430950021046
7922 7918 4.443535463721018
7923 7919 6.960851766330028
7923 7920 5.799608512749758
7923 7925 3.066473461042727
7924 702 0.8750228625049049
7924 7929 4.731381420573758
7924 842 15.406391676075447
7925 7921 5.599430950021045
7925 7930 2.884510823203273
7925 7923 3.066473461042727
7926 7928 7.717465122782261
7927 834 8.627711274000916
7927 7915 7.966600846533244
7927 8245 10.07155561668994
7928 7917 8.376573893540385
7928 7929 12.99303697774664
7928 7926 7.717465122782261
7929 7918 2.127338758920468
7929 7928 12.99303697774664
7929 7924 4.731381420573758
7930 7925 2.884510823203273
7931 3619 10.899236655272398
7931 3618 1.3003876808908137
7931 7932 2.4445614374489737
7932 7931 2.4445614374489737
7933 2678 19.526532356338063
7933 2629 1.9438809301811393
7934 2107 3.3119032177988768
7934 1374 9.417274608988823
7934 9482 5.852233709233256
7935 7936 1.0703395437243062
7935 5573 1.0811630624568487
7935 5574 18.024084153920622
7936 7935 1.0703395437243062
7937 4024 0.5371530426007048
7938 4024 0.7194669745091776
7939 405 1.1250727994591365
7939 7944 2.8971778792636544
7940 7943 1.2940476033136523
7941 7942 1.3855702627995021
7942 9174 4.122194471155886
7942 9173 1.4814023070168643
7943 7941 1.3392814919017044
7943 8208 3.5726528851954718
7944 405 2.591518377620365
7945 9041 3.383224757104426
7945 2767 15.662680324123302
7945 2772 7.172227266452123
7946 4607 0.9444165351180969
7947 4607 0.8854266284777917
7948 6451 1.255261712395359
7949 7950 2.789366502063731
7949 6221 4.482181226303296
7949 342 28.70155103399142
7950 5346 29.688335783757395
7950 583 16.540364070889304
7950 7949 2.7893665020637304
7951 3487 1.230322424007851
7952 3487 1.216186434408939
7953 2295 0.7264464330507836
7954 7955 0.851198033547394
7955 2293 1.1880369175189023
7955 7954 0.851198033547394
7955 4525 6.76523752005485
7956 7957 0.7898449303110853
7957 7956 0.7898449303110853
7957 2292 4.441886473006737
7957 3543 1.489263780530825
7958 3544 6.351603010531588
7959 7960 0.752389210340606
7959 238 11.088805761745098
7960 8700 2.6765204675752594
7960 237 2.5708489600905575
7961 9258 0.7561778907894745
7961 4464 9.461091696792964
7961 461 6.488330430844945
7962 4484 0.6217879448923687
7962 7963 1.1703931258678255
7962 4482 8.442252234353964
7963 7962 1.1703931258678255
7964 540 23.804336667900973
7965 537 19.335807782149445
7966 4501 3.6894971910019705
7967 7968 0.8471421041496995
7968 4496 1.1783856495352714
7968 4497 14.1402168210142
7968 7967 0.8471421041496995
7969 3797 0.9340681274047783
7970 7974 0.8060303905568188
7971 7972 0.7292165464050189
7972 3796 0.5339014380325987
7972 7971 0.7292165464050189
7972 1311 4.533228041592905
7973 7974 0.5723365197450014
7974 7970 0.8060303905568188
7974 7973 0.5723365197450014
7974 800 6.1175072249540525
7975 7976 6.096808070319295
7976 5394 15.4014914390071
7976 5082 5.329315081562748
7976 7975 6.096808070319295
7977 9410 1.6551375191745183
7977 9401 1.0526303368976715
7977 1666 10.366380091120059
7978 7979 0.8236298112182221
7979 7980 0.8267857570717119
7979 7978 0.8236298112182221
7979 4789 7.783443101837038
7980 7979 0.8267857570717119
7981 3205 16.818972565855553
7981 7981 7.7640941176675575
7982 4392 2.156406440301603
7983 8255 7.959148303626294
7983 2864 5.112317104473731
7983 2863 5.584046347515747
7984 2863 4.129328199645027
7984 2462 11.828314832625447
7984 7985 8.407263094454672
7985 7986 4.561130123154577
7985 7984 8.407263094454674
7985 8255 14.534247632323424
7986 7985 4.561130123154577
7986 8204 3.8620111801866415
7986 8205 13.019446145498321
7987 2417 1.9198474962920353
7988 7987 2.460916586087303
7988 2418 15.598074957607116
7989 3203 0.8419366993793006
7989 2416 2.3834784429585976
7990 3472 4.499373556254133
7991 813 6.413542434749642
7991 5698 2.1280111361040857
7992 8496 1.097112489608409
7992 7993 0.6663432936834662
7992 4329 4.615721268167005
7993 7992 0.6663432936834662
7994 7688 0.9285504231021597
7994 7995 0.9099643879857493
7994 4901 7.795564975563176
7995 7994 0.9099643879857493
7996 2869 1.0198583154239869
7996 7997 0.8441240645425961
7996 2870 16.567609951396726
7997 7996 0.8441240645425961
7998 5948 3.9034450642631935
7998 5455 0.8613784104419278
7998 7999 0.8677049254677016
7999 7998 0.8677049254677016
8000 6819 12.579935840893608
8000 5149 4.044653953935756
8000 6820 17.179053815931372
8001 3669 3.4249985057851124
8002 3666 3.3897581169272626
8003 6587 0.6108947277213217
8003 9314 1.03617607070365
8003 6585 11.090772807492648
8004 8005 0.9492117190708591
8004 6586 0.630833601685568
8004 6585 9.23819108010139
8005 8004 0.9492117190708591
8006 8007 0.9784052867869563
8007 5835 1.587661705822841
8007 8006 0.9784052867869563
8007 5836 7.561948945105375
8008 2090 2.22218207147997
8008 8009 0.7956361799185034
8008 7631 14.527193670552464
8009 8008 0.7956361799185034
8010 6847 1.695328156417101
8010 8011 1.194694873804797
8010 6849 6.9526286612099835
8011 8010 1.194694873804797
8012 6832 3.0070643913808337
8013 6854 3.060566967198017
8013 8568 4.3234664378300955
8013 7280 6.310586571820117
8014 8016 1.660984405061465
8015 8016 1.6475145962122153
8016 8014 1.660984405061465
8016 6002 5.171590869817616
8016 8015 1.6475145962122153
8017 8019 0.8595788035459112
8018 4919 0.9213527574171252
8019 4136 3.309922733839776
8019 4135 0.825578112054655
8019 8017 0.8595788035459112
8020 493 8.032542414791742
8020 479 10.309377850220645
8020 5344 8.429631278370785
8021 501 0.4315766923302769
8021 621 8.860088447647092
8021 5278 17.356843496925134
8022 265 13.56713458332795
8023 1430 0.7168160103103199
8024 8026 0.8766587927141928
8024 3840 9.460863712882283
8025 8027 1.0770550071350378
8025 3841 20.01438609911395
8026 8024 0.8766587927141928
8026 3839 11.554363179465046
8027 8025 1.0770550071350378
8027 7376 13.187101734209934
8028 6452 7.456624553580564
8028 4497 7.895162625660043
8028 9412 4.607646455105846
8029 7692 3.6768452062514867
8030 518 2.76369577367125
8031 591 0.8598716863326594
8032 6224 1.281113077339948
8033 608 0.5218067543949898
8033 8034 1.4582077107445708
8033 605 4.094349226570189
8034 8033 1.4582077107445708
8035 605 7.5297582547141975
8036 5792 1.3443398579907437
8037 1317 10.073992583416786
8037 7013 1.7190101656481949
8037 1314 9.615529510516913
8038 8963 0.9569195018827341
8038 8962 0.8373194351831028
8039 8038 13.97238729696778
8040 1667 1.0816563117332023
8040 7158 26.27617082592365
8040 7156 7.968170815978451
8041 1496 9.64513920341597
8042 568 1.2036972092051745
8042 8043 0.896551066355778
8042 1440 3.8701043376197743
8043 8042 0.896551066355778
8044 3806 0.3863057458038826
8044 8045 1.2772696658439302
8044 1311 5.059618732256295
8045 8044 1.2772696658439302
8046 5823 8.25173993669985
8046 4554 11.574871768239511
8046 4553 8.068040518300373
8047 306 2.2873399950632756
8047 101 2.6589220974190355
8048 343 1.442053157535179
8049 7345 20.056053058726516
8049 8048 1.7275677163098282
8050 738 3.1972679418183363
8050 8051 3.8565013657561247
8051 8052 2.471230737205898
8052 8053 0.6830514823372754
8053 547 2.129270999059361
8053 8050 6.944202035790528
8054 8055 2.312154850907102
8054 293 4.689859464924489
8055 248 3.355680649040697
8055 293 3.5081808963244474
8056 971 3.8658567682689027
8056 8055 1.6306590540981967
8057 4109 5.6005672192825084
8057 316 2.674799810188855
8058 4199 4.999612397987985
8058 8059 3.0346514138145406
8059 3505 12.572839232391958
8059 8057 5.020415578965083
8060 970 0.8217977842563434
8060 8063 2.4557721914440434
8061 248 1.790125028111472
8061 8060 2.46893856024933
8062 327 6.755246237630274
8062 8060 2.7876373700084645
8063 970 2.825200376829756
8063 993 0.8336354160918061
8064 246 5.368863779328385
8065 247 2.549713119748771
8065 8064 1.325930489233549
8066 572 0.612827387897909
8066 103 4.755725576735284
8066 892 4.984865970512155
8067 939 9.139866177311237
8067 938 3.4903753408499725
8067 6 0.36602281860770935
8068 3155 6.790145956315901
8068 899 9.565092949544567
8068 898 14.831716135254148
8069 900 1.3118514560907137
8070 8071 0.854161614705299
8071 4878 2.6946613053763753
8071 4877 0.6179559420165991
8071 8070 0.854161614705299
8072 8073 0.5692378896228515
8073 4884 3.7238969370823183
8073 4883 0.8915238742142225
8073 8072 0.5692378896228515
8074 8075 0.8430614331830103
8074 9327 0.6719841165584861
8074 5830 4.587643355454638
8075 8074 0.8430614331830103
8076 430 0.13846446274888138
8076 1188 5.100849150825707
8077 8076 4.271377857172027
8078 8705 2.8692938044147094
8078 5996 17.933641749371198
8079 759 12.911811350501935
8080 988 11.893484611172966
8081 8775 5.964077909022102
8081 899 13.769753878605844
8081 8912 15.188454528301024
8082 8 1.6756361187473794
8082 741 2.7078853191630046
8083 8082 0.5385988634029131
8083 8737 2.3587066633032236
8084 12 2.1865084839162203
8085 1504 0.9415091909199274
8086 3486 1.1453206222715326
8086 8087 0.8766357940288244
8086 1506 7.176955755608865
8087 8086 0.8766357940288244
8088 1504 0.8030524580119498
8089 316 0.6632615125696083
8089 8058 5.97571968506711
8090 8089 0.6578950781928736
8090 3926 3.3528155613169606
8091 745 52.19200134749948
8091 760 1.7443821857719508
8092 680 0.6012710591863702
8092 1305 34.2642418400198
8092 752 15.721493248828345
8093 8093 3.3664448139144176
8093 1305 8.976926513942914
8094 1305 22.901617392156812
8095 456 7.745679551608272
8096 1189 8.644656940445392
8097 660 0.16184372214304335
8097 7575 5.940277606008812
8098 1860 1.8654144399926966
8098 8099 1.4569337089668477
8098 4532 6.463248304212704
8099 8098 1.4569337089668477
8100 8101 1.7327275171013123
8100 3978 7.67275550923041
8100 3977 1.4422379713084221
8101 8100 1.7327275171013123
8102 4534 1.7214998036572142
8103 4043 5.921045977561774
8103 4044 1.9377594342769995
8104 3994 0.8367015898768568
8105 3994 0.4573676868541774
8106 6064 8.125787498845476
8107 8106 0.8268744689657805
8107 8108 0.9227223453276856
8108 6066 1.2111050587707797
8108 8106 1.0475750284172218
8108 6063 1.0442676608854846
8109 8322 10.559446354338327
8110 3748 21.542274899255624
8111 8112 0.6766733550956838
8111 1589 6.292211715430235
8112 6043 0.9968047022792005
8112 8121 0.6293650639873848
8113 6044 1.0357821828890101
8113 8120 0.8094448070778595
8114 8119 6.718253840545574
8115 1757 1.0197964554554626
8116 1757 0.8932566249771033
8117 1754 0.717709164081375
8118 1754 0.7597216770517842
8119 8114 6.718253840545574
8119 8122 2.417045634465399
8120 8111 0.5307061997880023
8121 8113 1.1981925530081912
8122 233 0.36460321418037067
8123 8947 0.890551439064832
8123 218 1.753053721881337
8124 8125 0.9836346209158154
8125 2844 0.7131064847279434
8125 8124 0.9836346209158154
8125 2845 18.407817348540757
8126 8127 0.9198384064189254
8126 5979 2.704537826003425
8126 5978 2.0040188533287795
8127 8126 0.9198384064189254
8128 4590 0.6994481597600812
8128 8129 0.7013048196087878
8128 4586 6.0621547376740965
8129 8128 0.7013048196087878
8130 8131 0.7374998851404478
8130 6221 7.731004715564409
8131 8130 0.7374998851404478
8131 8132 1.3113668442830875
8131 463 2.791113448075577
8132 8131 1.3113668442830875
8132 4338 15.68107800134624
8132 4237 12.244718730529264
8133 5544 45.97336444875956
8134 8135 0.5278868957907478
8135 2490 0.8821098389676522
8135 8134 0.5278868957907478
8135 2477 9.34658229124193
8136 8137 0.8677126942703037
8137 2481 0.8968679199909755
8137 8136 0.8677126942703037
8137 2479 16.707475691017997
8138 4628 0.875749393664998
8139 4628 0.8789144954262048
8140 2525 4.619319158672867
8141 8142 1.0512017954229806
8142 2521 1.7465540822060042
8142 8141 1.0512017954229806
8142 2522 8.81618201530622
8143 2534 0.24546905685122525
8144 2534 1.2149195447435055
8145 2535 0.4056308189953445
8146 2535 0.5903024053474998
8147 8148 1.1020856756599988
8148 2531 0.8638907882588595
8148 8147 1.1020856756599988
8148 2530 5.516380481694554
8149 8645 0.49685130950609907
8149 8493 1.5351190067417426
8150 1688 0.9553813745596043
8151 1688 0.8613926093357276
8152 1759 0.9949668143662086
8153 1759 0.982513464089454
8154 1776 0.8697609420959348
8155 1776 0.6311752320353249
8156 4615 0.3286592143554407
8156 8157 0.6703983256204245
8156 4614 5.169616137583033
8157 8156 0.6703983256204245
8158 8159 0.4928867812266742
8159 8160 0.4642144132829263
8159 8158 0.4928867812266742
8159 4614 5.613477814135244
8160 8159 0.4642144132829263
8161 2458 7.717069201677464
8162 2841 0.7136935720053492
8163 2841 0.6300920886529502
8164 1487 5.047837769519389
8165 1490 1.2548055667565956
8166 1490 1.038810245407026
8167 2812 5.67054964112028
8167 3002 11.351591670153725
8167 9517 26.71840383355028
8168 8169 1.793423399101242
8169 8170 0.9646784916430009
8169 8168 1.793423399101242
8169 3000 3.8028796066371364
8170 8169 0.9646784916430009
8171 8172 0.678846282709465
8171 3008 0.466351684559928
8171 3007 4.709675012549873
8172 8171 0.678846282709465
8173 7063 7.543104387364935
8174 5801 0.8561544690299727
8174 5805 2.2577438534540755
8174 5806 2.1871892980700225
8175 2510 4.331522413783186
8176 2760 0.7129263777692338
8177 8178 2.271239154817517
8178 7654 1.3359882298622456
8178 8177 2.271239154817517
8178 7653 6.726302139053032
8179 2760 0.7283689640182923
8180 3710 1.547698906203826
8181 1565 3.8036876927463883
8181 1564 3.4069452386614825
8181 8182 0.7399435573622593
8182 8181 0.7399435573622593
8183 1569 0.9749615231013027
8184 1576 3.3829891206019567
8184 1575 0.819950364721525
8184 8185 1.0434831364473445
8185 8184 1.0434831364473445
8186 8187 1.0191386099343842
8187 1573 3.3378588683209425
8187 1572 0.7026193338356431
8187 8186 1.0191386099343842
8188 1550 5.252398654304041
8189 8190 0.9809105709272489
8190 8189 0.9809105709272489
8190 1524 2.9842332110581835
8190 8191 1.0281813376954554
8191 8190 1.0281813376954554
8192 4414 7.160261330522215
8193 203 1.0048568951205679
8194 203 0.9551614864780732
8195 204 1.62749574770242
8196 204 0.8658546374212828
8197 1554 1.411130884604876
8198 8199 0.6394202273391241
8199 2160 0.987851016191477
8199 2150 8.540060744151665
8199 8198 0.6394202273391241
8200 6955 0.8132376575767983
8201 2662 0.7690671118407824
8201 2821 1.424361362192657
8201 2663 12.042649410250917
8202 8203 3.316249076559817
8203 8202 3.316249076559817
8203 8204 12.914320532247736
8203 8205 7.17628949181406
8204 8203 12.914320532247736
8204 8255 20.620823734784803
8204 7986 3.8620111801866415
8205 8203 7.17628949181406
8205 7986 13.019446145498323
8205 8206 2.96841847628983
8206 8205 2.9684184762898305
8207 5575 4.957554200824284
8208 2815 2.1573729033548092
8208 7941 3.391998135266611
8209 4181 0.9823799876929241
8210 4181 1.2811749736886977
8211 6491 2.6720470999631316
8212 3549 5.4131663015900005
8212 1105 4.990808297229209
8212 8790 2.098031665375972
8213 8214 0.9090815996588552
8214 3539 0.8471709871506905
8214 8213 0.9090815996588552
8214 3538 3.6508346667438256
8215 8216 0.48379812772209435
8216 8215 0.48379812772209435
8216 3869 9.75192472870383
8216 3961 2.9222477458348886
8217 3961 0.8661404358892284
8218 8220 0.5518797410468266
8219 3962 0.7868446331591614
8220 8218 0.5518797410468266
8220 3957 13.916520625976007
8220 3962 1.660385428690843
8221 3868 0.767733962931959
8222 4250 45.492046238169415
8222 5675 7.04048643408875
8222 73 1.2574503504582024
8223 365 0.6543972115887434
8224 181 7.946669954092211
8224 185 16.10132024009184
8224 8869 13.291163775486618
8225 8226 0.8579770733449649
8226 6799 1.656283828135368
8226 8225 0.8579770733449649
8226 6803 2.877323944767409
8227 3829 0.45346705323993386
8227 3830 9.276934633917309
8227 3831 6.343862163541174
8228 1722 8.377715384112976
8229 1723 8.63176990071375
8230 6881 0.9016399413512869
8230 8231 0.5406529062279859
8230 6880 5.972822192635379
8231 8230 0.5406529062279859
8232 5555 54.60196281946941
8232 8149 0.7555634103264889
8233 8234 2.9375423321032472
8234 8233 2.9375423321032472
8234 2929 6.708635544765067
8234 2928 4.733065632632101
8235 4078 4.093071556534546
8236 8237 4.053963692847329
8236 1719 12.95362776855183
8236 4715 13.59540916415706
8237 8236 4.053963692847329
8238 1726 1.0384143216416584
8239 1726 1.0313548878732217
8240 2927 3.4368314100821395
8241 8242 4.167899740198778
8242 8241 4.167899740198778
8242 6443 1.6095887481060518
8242 3654 7.707897910803233
8243 6438 4.629969132275588
8243 8244 0.6070168631828646
8243 9326 2.9886051365770534
8244 8243 0.6070168631828646
8245 7921 9.010336854212653
8245 7927 10.07155561668994
8245 8246 11.164837990926568
8246 8245 11.164837990926568
8247 7894 0.3770881141200779
8248 1778 3.159311003385679
8248 1779 2.9959655846320614
8249 1733 0.949313075899064
8250 1733 0.8983158631780596
8251 3399 0.9268641205494127
8252 3399 0.8459516626761843
8253 1223 7.372908755451616
8253 3357 3.396331569101607
8253 8254 5.630016320223261
8254 8253 5.630016320223261
8255 7985 14.534247632323424
8255 7983 7.959148303626292
8255 8204 20.620823734784803
8256 7077 1.9929703151706455
8256 7078 8.577582105705872
8257 1459 0.752248084829403
8258 1459 0.6958132161001707
8259 1429 1.242769046215119
8259 887 7.416933793549652
8260 8261 0.8664200620581071
8261 2164 3.387719202924051
8261 8260 0.8664200620581071
8261 8262 1.0158752273240546
8262 8261 1.0158752273240546
8263 2245 0.36547597555390504
8263 2243 4.711409294981518
8263 8265 2.00777142168254
8264 2243 7.426269288657263
8264 2068 10.146906048731113
8264 2038 9.832652798505405
8264 2230 11.318078789050993
8265 8263 2.00777142168254
8266 3361 0.6235185027250449
8267 8268 4.181127777848449
8268 8346 5.117105702408958
8268 859 3.6851202161452554
8268 8267 4.181127777848449
8269 4306 6.894564546652435
8269 3602 3.907944322043243
8269 3600 7.360834803904155
8270 8359 1.8983000670452137
8270 8271 7.599881726804398
8271 2685 2.662254136365181
8271 8270 7.599881726804398
8271 8540 15.46801555750733
8272 9021 39.85610149993528
8272 9292 1.592802205243455
8273 4981 0.7419458264897716
8273 8274 2.8967391059528396
8273 4982 3.6273111479418727
8274 8273 2.8967391059528396
8275 148 1.943505877144361
8276 6405 20.97286305111098
8277 6404 14.214923313168494
8277 307 3.510355016002982
8278 3421 3.865876717881715
8278 8276 3.165164520111405
8278 144 6.967904535965782
8279 3600 1.6493305808421252
8280 5084 27.359249625152835
8280 8281 4.609685142597528
8281 5034 6.306960922872664
8281 5332 5.940358639450341
8282 8283 4.6595100356878945
8283 3482 7.221339274205095
8283 8282 4.6595100356878945
8283 395 5.498541270268513
8284 8287 0.7864496120097457
8285 4519 2.936107657965959
8286 8287 1.0054091775797254
8287 8286 1.0054091775797254
8287 8284 0.7864496120097457
8287 4528 5.374243430531049
8288 1124 3.266252080967467
8288 1128 7.817914594319369
8288 1129 5.9394584204847645
8289 8290 0.9638325275925308
8290 1695 0.8111603977630466
8290 8289 0.9638325275925308
8290 1694 3.6338778277579875
8291 1691 3.825635973565621
8292 4305 2.418412728446982
8293 1694 4.3120930242488695
8294 407 13.616177959271946
8294 8201 21.32080854079738
8294 8609 0.720418758989302
8295 8323 1.158865996009025
8296 8325 2.0928108270993513
8296 3979 2.6024984508186964
8297 1050 0.8678174510520165
8297 8303 0.7148392998778704
8297 1049 12.219409514586673
8298 8299 0.7650061860973503
8299 1116 1.4454058548675583
8299 8298 0.7650061860973503
8299 1117 6.2821834766563
8300 2323 0.8787823848727664
8301 8302 0.7648309319734913
8301 2321 3.217814191318636
8301 2322 1.8168744104992423
8302 8301 0.7648309319734913
8303 8297 0.7148392998778704
8304 2320 1.0549938000511905
8305 2318 1.4445579673353452
8306 1046 1.1007798197979748
8307 1046 1.4805190366043919
8308 2299 4.54168763370429
8309 5085 7.121939015095901
8309 3125 0.7990198466003747
8309 1304 5.735244884464112
8310 5083 4.0252784144168725
8311 365 0.5809534067396204
8312 2413 4.387306059437305
8313 8316 1.7416614552512577
8314 2411 0.6165206740924638
8315 2411 0.9084049268035256
8316 5033 0.7880259344315926
8316 8313 1.7416614552512577
8316 5032 2.9386188905595625
8317 8319 0.8279431179915262
8318 2412 1.0775610596905791
8319 8317 0.8279431179915262
8319 2414 2.1702914102490065
8319 2413 4.758687345022879
8320 8321 0.9821453265036766
8321 3700 0.9226585309789
8321 2262 4.335946719672793
8321 8320 0.9821453265036766
8322 8109 10.559446354338325
8322 8324 1.8278842643429547
8323 8324 1.2071155337796426
8323 8322 1.6682067743178108
8324 8296 0.8165180194664277
8325 8326 3.5357318352502194
8326 8979 10.91616519457174
8326 8295 1.8948631007217394
8327 8649 1.9828894632092058
8327 6436 5.0042737442158725
8328 8660 0.46611356363885603
8329 8661 3.0961948272010034
8329 2514 3.5107315673733948
8330 7702 4.223472938457502
8331 7421 4.425369366443768
8332 8336 0.8071942663669114
8333 7418 0.761024282481594
8334 8335 0.8173791337280701
8335 8334 0.8173791337280701
8335 7704 3.578722649013012
8335 7707 0.9218333404890328
8336 8332 0.8071942663669114
8336 7441 5.818471630773185
8336 7719 0.5966252694842565
8337 7433 0.7146986307606052
8338 7422 0.7960155585444829
8339 8340 0.8588066578677405
8340 7413 0.9892154531851518
8340 8339 0.8588066578677405
8340 7433 2.251038966898804
8341 7416 0.8102558591976359
8342 7410 1.0766962190343001
8343 8345 1.0181752176839334
8344 8347 3.0922851146785946
8345 8346 4.610077636688198
8345 8343 1.0181752176839334
8345 8348 0.8866679319642001
8346 8268 5.117105702408958
8346 8347 3.389425244472799
8346 8345 4.610077636688198
8347 8346 3.389425244472799
8347 8344 3.0922851146785946
8347 5879 6.74511963898368
8348 8345 0.8866679319642001
8349 8354 3.679672203965679
8350 5128 0.690337512021037
8350 4861 6.650209484653105
8350 4671 6.113664446083628
8351 8353 4.824631879546736
8351 8354 2.8643402473788044
8351 8352 14.96555914125489
8352 4671 3.5894134221403804
8352 5125 6.9380467283069835
8352 8351 14.965559141254886
8353 8351 4.824631879546736
8354 8351 2.8643402473788044
8354 8349 3.679672203965679
8354 9333 1.0502151829904582
8355 8357 0.8984958421216565
8356 8357 0.924953794141184
8357 8355 0.8984958421216565
8357 8356 0.924953794141184
8357 6336 5.9555023876969075
8358 8664 2.4659976111777815
8358 2822 5.090758077550627
8359 8697 2.0255417992693476
8359 414 2.237684505387427
8360 5187 0.8695582896980711
8361 4188 0.7924773312200378
8362 4188 0.6874224607645476
8363 8406 1.69989605709158
8363 8588 0.9489062471286557
8363 6246 8.131257711667798
8364 4673 6.52588530977135
8364 5129 9.701070931273177
8364 8366 7.367538305945733
8365 5130 3.2003354803383064
8365 4866 13.54590703845031
8365 9335 4.458733831388984
8366 8364 7.367538305945733
8367 4688 8.131677560311365
8367 9074 5.816756864900754
8367 8368 3.122221687882187
8368 8371 0.8096894298628223
8368 9339 0.9777378250175655
8368 8367 3.122221687882187
8369 5129 6.1489149471506135
8369 4686 10.352773850703278
8369 9336 7.747661012525643
8370 4693 7.990391727348142
8371 8368 0.8096894298628223
8372 4065 0.6327487514568532
8373 3055 1.1572303204494745
8374 800 3.8817988744481684
8374 358 11.417341065809648
8375 8376 1.1963415351780546
8376 8377 0.6410496649989019
8376 8375 1.1963415351780546
8376 3631 26.61820862402269
8377 8376 0.6410496649989019
8378 7370 20.701361702733035
8378 8669 8.924782747235978
8378 7512 25.211881771953532
8379 8380 6.922197852007984
8380 4172 5.4996737712271315
8380 4171 4.716196253542758
8380 8379 6.922197852007984
8381 3431 3.5518162205894335
8382 8383 9.893309188911848
8382 380 50.279386436665455
8382 8528 11.413150285219952
8383 8382 9.893309188911848
8384 5758 3.604815403965543
8385 9128 2.8964212174214685
8385 1645 13.726390604582553
8386 5392 3.111809581538966
8386 8389 5.3012327014073755
8386 5393 8.298623842796458
8387 5390 1.3816642016416916
8387 8388 0.8918188914511691
8387 5391 6.402057406980295
8388 8387 0.8918188914511691
8389 8386 5.3012327014073755
8390 7519 1.9028840708508117
8391 7519 2.2905625730778953
8392 7519 6.496822030158847
8392 7533 5.255842018055604
8392 7536 5.502176348066335
8393 8394 6.986878775627166
8394 3535 2.604325144166977
8394 3536 10.217183584086891
8394 8393 6.986878775627166
8395 3330 22.315816562043214
8396 7254 5.9246046586038235
8397 8398 2.251489614605978
8398 8401 3.7230383145149486
8398 8397 2.251489614605978
8398 8400 2.1034078705063246
8399 6071 0.9280551956680468
8399 352 5.888105744268954
8399 8619 51.72327873697469
8400 8398 2.1034078705063246
8401 352 1.3265059799304548
8401 8398 3.7230383145149486
8401 6931 9.050810192805613
8402 3809 6.398144812402419
8402 91 1.635400507921007
8402 9220 49.85975381341357
8403 4430 0.6838067750015304
8404 4430 0.6631460887321496
8405 4379 0.686281188394958
8406 8363 1.69989605709158
8407 8408 1.3438659744308392
8408 8407 1.3438659744308392
8408 6245 3.2830716213639843
8408 6246 10.613060437097323
8409 820 0.61230007045045
8409 3014 39.99209736329479
8409 5151 9.848682567032379
8410 3389 2.6300973279995477
8411 4827 0.6429965275789769
8412 4827 0.9000989119345348
8413 8414 1.040896887665464
8413 4811 3.868513529166223
8413 4810 1.460117618356206
8414 8413 1.040896887665464
8415 4849 0.9796481142040285
8416 9018 6.509707427708296
8416 2718 5.794188553680983
8417 721 0.2182078840205821
8417 6866 9.803121954560444
8417 7122 13.450549736875121
8418 7324 27.136639281852727
8418 3243 0.9496329226458773
8418 3234 13.122700069120572
8419 8420 9.605581854437098
8420 4787 6.543188092470365
8420 4765 7.364241062550093
8420 8419 9.605581854437098
8421 8422 6.261287532568868
8421 4747 27.013025532195527
8421 5460 13.017445937408777
8422 9453 5.669446072475996
8422 8421 6.261287532568868
8422 5419 21.56021630372269
8423 5432 8.235610552442113
8423 5451 0.9997877136459064
8423 8424 1.0568278621154525
8424 8423 1.0568278621154525
8425 7657 0.7207180925400035
8426 7616 0.9656507310414048
8427 5143 2.847842926698676
8427 8428 2.1670643527278135
8428 8429 0.6949382232497188
8429 8430 2.6372502466823553
8429 5379 1.9583917916227056
8430 5379 2.071218543501411
8430 5146 3.9995656381600138
8431 5450 5.306573611664666
8431 5449 0.9361251925457111
8431 8432 1.1524527966083757
8432 8431 1.1524527966083757
8433 8434 0.7930480755228869
8434 5472 0.9409273750447019
8434 8433 0.7930480755228869
8434 5471 4.188753346482127
8435 4771 1.0900146894390872
8436 4753 2.2498643724449496
8436 8435 2.1495351304094226
8437 5958 10.121842172444596
8437 5955 8.13075933575211
8437 5959 8.107631743703298
8438 8439 0.8577001452158174
8439 5915 10.338171691995512
8439 5914 0.963030271307615
8439 8438 0.8577001452158174
8440 5927 0.931430875612086
8441 8442 0.9341280351570834
8442 7737 0.8583833483146095
8442 8441 0.9341280351570834
8442 2078 14.42091006621632
8443 2131 3.6268145119510966
8444 2131 3.6707167676491883
8445 1272 8.663324486227827
8445 1260 1.403552639409988
8445 1271 21.761719142453703
8446 796 8.4153824738653
8446 1267 1.0556133398151615
8446 1266 25.729941048540304
8447 7880 4.03312770721168
8447 1795 29.237635802872127
8448 2111 4.3909886410384145
8449 9319 9.378871736047856
8449 1836 3.5647817298375912
8449 1797 27.402647109085734
8450 1291 1.003044195097454
8450 1290 12.03540860055434
8450 3882 46.917507207236895
8451 2241 1.1372115339671285
8452 8453 0.7801474999628215
8452 8454 0.7810719563881239
8452 2228 10.468911059528457
8453 8452 0.7801474999628215
8454 8452 0.7810719563881239
8455 4851 1.7493932094845916
8455 9238 3.9770799262575047
8456 9235 0.7819362137114733
8456 9234 1.1308047301470763
8457 5486 1.91803451511977
8458 5217 1.0481330679005243
8459 8460 1.3765953774660147
8460 3358 0.8317053748129224
8460 8459 1.3765953774660147
8460 3359 4.325842914040363
8461 8657 0.4351224537144954
8462 8328 8.763500569930228
8462 8537 10.4800835835282
8463 166 25.54934138373994
8463 8659 2.2689764656996485
8464 7559 0.8890693981298328
8465 8466 1.189732960319307
8466 8465 1.189732960319307
8466 4400 29.33686733919979
8466 8467 1.434140501703829
8467 8466 1.434140501703829
8468 4888 13.290764675828726
8469 6621 1.1752582457977774
8470 6628 1.5483249878783447
8471 8472 1.171660909575714
8472 8473 1.3047918474892952
8472 8471 1.171660909575714
8472 6622 7.025646394429614
8473 8472 1.3047918474892952
8474 8475 0.9515767566957094
8475 8474 0.9515767566957094
8475 6589 1.6067073712335045
8475 5461 18.29935135355401
8476 5435 3.171225327151799
8476 5432 6.851994397880573
8476 8477 6.5812572297460585
8477 8476 6.581257229746059
8478 6555 0.2743780400272943
8478 3530 3.6421085765678196
8478 6547 5.250368962212713
8479 8480 14.485105029350736
8479 5711 11.896430843809654
8480 8479 14.485105029350736
8480 8481 3.859358898206568
8481 8480 3.859358898206568
8482 4510 8.606279302001921
8482 7730 10.217016838966076
8483 8484 3.386004178881119
8483 3610 11.096897712573343
8483 6347 1.9684708990347313
8484 8483 3.386004178881119
8485 1079 14.41019426894109
8486 1097 1.298453614652806
8487 8726 1.3643689365030514
8488 3583 0.921953754235262
8489 3583 0.7999198681020192
8490 4048 1.8207475911133308
8490 7888 1.7457735377271462
8490 4058 10.077552347039715
8491 4046 9.467238663727011
8492 4059 10.518294241839648
8492 4057 3.6046665291066535
8492 4048 1.7983698221307693
8494 8493 2.6545152995427292
8494 8149 1.3851794385632203
8495 156 7.823623133232995
8496 7992 1.097112489608409
8497 1594 1.0976777595985683
8497 8498 4.3682202949156315
8498 1594 3.5541053799696924
8498 525 54.47759325140399
8498 9530 2.1481786986991556
8499 3722 2.863439775221824
8500 8501 0.9995289939883591
8501 7492 0.8421428450544881
8501 8500 0.9995289939883591
8501 7507 4.307846535315544
8502 8504 0.7174177014769042
8502 7505 4.607559829422004
8502 8503 2.0090082419234596
8503 8502 2.0090082419234596
8504 8502 0.7174177014769042
8505 8506 1.2075198604212807
8506 8505 1.2075198604212807
8506 8507 1.4499593378102367
8506 7493 4.4926190207371555
8507 8506 1.4499593378102367
8508 7716 0.9441631520547815
8508 8509 0.7563668309701201
8508 7712 4.807324069441164
8509 8508 0.7563668309701201
8510 5603 18.572326235736682
8511 7714 0.7959153994560412
8512 7696 0.9975834091788914
8512 8514 0.8519366898361073
8512 7698 5.6002308146438695
8513 7714 1.0675996189684498
8514 8512 0.8519366898361073
8515 7703 0.8306089180629399
8516 7695 0.9962349934957365
8516 8517 0.7204233087015015
8516 7725 2.0192403379715778
8517 8516 0.7204233087015015
8518 4546 6.129545023383355
8518 4545 0.8666583743562948
8518 6233 9.994720612832914
8519 7479 5.4772430362228395
8520 8522 1.574832005180275
8521 7448 1.1322223033256873
8521 8523 1.011380251400968
8521 7451 10.93084795432893
8522 7708 3.313843562017024
8522 7697 1.1314707104162456
8522 8520 1.574832005180275
8523 8521 1.011380251400968
8524 5618 3.5838967618803905
8524 5650 1.7466383356940838
8524 5619 11.713572186477466
8525 7704 1.0919995790992023
8526 7439 21.928586808599523
8527 1924 2.5769501729730555
8528 378 1.3795825714796166
8528 3477 8.300296465924308
8528 8382 11.413150285219954
8529 1985 0.877588720750608
8529 1974 23.37268282155795
8529 1972 6.7754390531808815
8530 2042 2.490912064336777
8530 2041 0.8858769559769671
8530 8531 0.999298680844195
8531 8530 0.999298680844195
8532 9030 16.986515847204
8532 9294 1.9601475550366867
8533 8534 1.0595219082511549
8534 6697 0.8351472117647615
8534 8533 1.0595219082511549
8534 6699 5.514905654695813
8535 8536 0.9946983828781029
8536 5556 0.9433374198080894
8536 8535 0.9946983828781029
8536 6664 3.1901589507806656
8537 8545 8.018606788137268
8537 8462 10.4800835835282
8538 2515 7.6094302983880615
8538 8648 1.0127875083703646
8539 8540 5.182895769766824
8539 8541 1.5819900388687855
8540 9058 3.4458613087144765
8540 8271 15.468015557507334
8541 2546 1.9122002059713674
8542 2547 1.7279356362303977
8542 2541 10.980612918547482
8543 6850 0.9479549726359418
8543 8544 0.9666227003745157
8543 6853 5.887802275605047
8544 8543 0.9666227003745157
8545 8697 1.3008860657818655
8545 8270 5.051869577771807
8546 8537 8.202127955469116
8547 8548 2.052346870317585
8547 5960 1.1644571380584126
8547 4780 12.69916801172128
8548 8547 2.052346870317585
8549 6760 1.1502789569219174
8550 6760 1.8111812566015422
8551 9433 5.554120320541068
8551 6766 4.786183083746081
8551 9179 8.019465978522787
8552 8553 1.123537035048666
8553 8552 1.123537035048666
8553 6807 0.9256921607899014
8553 6800 4.2196489352633515
8554 8555 0.8522579501872433
8555 6794 0.9007449347287386
8555 8556 0.7469497622536285
8555 8554 0.8522579501872433
8555 8559 6.024905524541753
8556 8555 0.7469497622536285
8557 6811 1.2061618570770039
8558 8559 0.7579723267163985
8559 8558 0.7579723267163985
8559 6791 12.063793868342401
8559 8555 6.024905524541753
8560 8561 1.2979839026014466
8561 6795 1.0044465961308768
8561 8560 1.2979839026014466
8561 6791 14.221381213962909
8562 6835 1.0110806085079065
8562 8563 0.9823368489196805
8562 6831 4.453063043476101
8563 8562 0.9823368489196805
8564 8565 1.1105843712539234
8565 8564 1.1105843712539234
8565 9432 7.559179604570315
8565 6839 4.114255126811882
8566 6793 1.1197026518243287
8566 8567 1.0127708755339413
8566 6792 3.790209877707092
8567 8566 1.0127708755339413
8568 6855 0.8989195290799948
8568 8571 1.0023715584606576
8568 8013 4.3234664378300955
8569 8570 0.7194860409085029
8570 6837 1.2355154419230951
8570 8569 0.7194860409085029
8570 6836 6.476558908959326
8571 8568 1.0023715584606576
8572 8573 2.356143647443363
8573 8575 7.034203969462791
8573 8572 2.356143647443363
8573 8574 0.9573679703496839
8574 8573 0.9573679703496839
8575 6853 0.3585570055688155
8575 8573 7.034203969462791
8575 6851 6.6368132273797125
8576 6813 6.182909518165561
8577 4781 0.35631035919113047
8577 4745 4.1836011665723225
8577 8578 6.423629274875134
8578 8577 6.423629274875134
8579 6812 1.1320490982221914
8580 6815 0.9024245922382674
8581 8582 8.058233247791224
8581 5412 6.07897724163073
8581 5411 4.879419220537035
8582 8581 8.058233247791224
8583 8584 0.9318171321487962
8584 5941 0.9558822687726148
8584 8583 0.9318171321487962
8584 5411 7.348319546203609
8585 6642 2.5668145075864275
8585 6644 0.7566618461417165
8585 8586 0.8864819489891266
8586 8585 0.8864819489891266
8587 6637 0.8575670301936881
8588 8363 0.9489062471286557
8589 7164 0.8543700497626446
8590 8591 0.9387705628276826
8590 8592 0.8526152826018255
8590 6750 6.387977132169
8591 8590 0.9387705628276826
8592 8590 0.8526152826018255
8593 7619 1.6063174085658278
8594 8596 11.225177074250462
8595 7264 0.3133976252677483
8595 7265 8.193158890420754
8595 7624 4.725920309770151
8596 9307 8.763839202768457
8596 6767 5.86614313049703
8596 8594 11.225177074250462
8597 8600 0.9031308332163663
8598 8599 0.8392786427374984
8599 6714 1.0141351658848627
8599 8598 0.8392786427374984
8599 6739 4.739155498086024
8600 6708 0.8277049472350451
8600 8597 0.9031308332163663
8600 6739 12.75165088337813
8601 6718 0.8382462400749882
8602 7281 0.8880576829355175
8603 8604 0.8951680632512111
8604 4009 1.142302964408614
8604 8603 0.8951680632512111
8604 1318 9.642477547090431
8605 2207 0.7951087271988978
8605 8606 0.922935180141246
8605 1326 7.7596686705115365
8606 8605 0.922935180141246
8607 7581 28.46143495606033
8607 6435 5.080315143866723
8607 8608 6.6633141513741085
8608 8607 6.6633141513741085
8609 2818 15.994807534264341
8609 6074 4.227350513024144
8609 8294 0.720418758989302
8610 8275 2.1257927376431103
8610 577 2.773261259413612
8611 8612 4.2273769238355925
8611 4573 7.11191256588056
8611 4572 7.237369688115211
8612 8611 4.2273769238355925
8613 5078 11.84864279568018
8614 1085 8.835357861255671
8615 2365 1.2282481828525345
8616 5062 6.2179975367704
8616 2364 10.199077084282258
8616 8617 4.80651361302732
8617 8616 4.80651361302732
8618 8619 1.334914927261995
8619 8618 1.334914927261995
8619 8399 51.7232787369747
8619 352 9.3214805526114
8620 2546 5.576085199517334
8620 8539 4.127388006302769
8621 8623 0.7254057665148871
8622 4521 8.67764417691392
8622 1105 13.960311033093992
8622 8623 1.2173141017250597
8623 8624 1.653780365481482
8623 8621 0.7254057665148871
8623 8622 1.2173141017250597
8624 8623 1.653780365481482
8624 3551 6.760911315443511
8624 8625 7.169228556592858
8625 4521 1.5994690215477911
8625 4520 3.7861694860952793
8625 8624 7.169228556592858
8626 1047 0.9300878277131711
8627 2362 5.704737774258416
8627 8629 4.227313331046821
8627 8628 3.144093372311364
8628 8627 3.144093372311364
8629 8627 4.227313331046821
8629 5067 2.4563946232690848
8629 8631 3.207621290311587
8630 8631 0.5059691223258632
8631 8630 0.5059691223258632
8631 8632 0.8425128592783812
8631 8629 3.2076212903115864
8632 8631 0.8425128592783812
8633 7250 0.9401340663968231
8634 2334 0.9676456975208113
8635 6545 1.2188038103027552
8636 2332 2.441176250942357
8636 2333 3.2408741657409643
8636 9182 6.885475457627223
8637 6545 1.6389098564978282
8638 2332 3.850515948720033
8639 4091 1.1884739580526331
8640 6544 0.8060887485255175
8641 3015 2.488650899071011
8641 8642 1.3247632578173085
8642 3016 0.2803191101178787
8643 4848 0.14312077306680443
8644 4847 1.225574235070778
8645 8232 0.8314808255341921
8645 8495 1.3254024566772926
8646 8647 1.4689130514253934
8646 9053 2.0521660149026064
8647 8648 3.64701132000968
8647 8538 3.3541889083236716
8648 8620 0.11098844866917632
8649 8327 1.9828894632092058
8649 9057 8.261487067225712
8650 8653 7.481461779579966
8650 357 4.383398138726513
8651 8650 7.25889213240127
8651 8653 0.7422915052558234
8652 8651 0.9390320182533032
8652 1399 1.7140255722677256
8653 101 0.6834089622638323
8653 8047 2.582882522073636
8654 8295 10.967076145429507
8655 6157 1.0720701079504809
8655 6161 2.070926887011173
8656 464 34.31987712046908
8657 8462 8.428209642863859
8657 8328 2.609597544273572
8658 2492 5.860098983199035
8658 8461 2.2649451066360013
8659 8658 0.35410204315551114
8660 8329 3.096171115796105
8660 8661 1.2832042202380913
8661 8463 0.4217194888184187
8662 8663 6.624743457681937
8662 2448 0.8823065850222974
8663 8664 1.094216067421279
8663 8358 2.524777715662401
8664 8256 1.9078610584491185
8664 7077 0.880978116645804
8665 3563 0.4471858948448499
8666 3376 7.18195362651877
8667 8668 1.2955227652434758
8667 8738 11.968025380625834
8667 8669 7.521223301894913
8668 8667 1.2955227652434758
8669 8670 1.6206969009187715
8669 8378 8.924782747235978
8669 8667 7.521223301894913
8670 8671 5.604555552711509
8670 8669 1.6206969009187715
8670 8739 4.914662677761676
8671 8672 0.508832616756326
8671 8670 5.604555552711509
8671 9119 15.359662272247816
8672 8671 0.508832616756326
8672 9067 11.051377397018362
8672 8909 8.061145399444895
8673 7807 2.082005853343382
8674 8675 1.4289575042345255
8675 8676 4.350937446643159
8675 8674 1.4289575042345255
8675 7644 5.618632140848241
8676 7646 9.289601960991968
8676 8675 4.350937446643159
8676 516 2.5177574449796283
8677 495 7.011079512394248
8677 492 18.3842886476413
8677 8678 6.797693403300366
8678 8677 6.797693403300366
8679 4260 1.0085155523616611
8680 3846 2.616335407553708
8680 3845 0.6838254240204408
8680 8682 0.7199800517333655
8681 4261 0.8328340933076316
8682 8680 0.7199800517333655
8683 3591 0.2739823301078933
8683 4101 15.728562061359476
8683 1627 8.918470812731599
8684 9250 1.2143425605743339
8684 7889 1.5923274708434196
8685 8962 0.93661980867954
8685 8687 1.163567609560251
8686 434 5.504704870133652
8687 6009 12.061159439600942
8688 6563 0.8847313328268923
8689 4670 5.867879442086735
8689 860 4.87978689455932
8690 8831 2.4557913857156772
8690 1423 6.252005823291913
8691 2707 4.421663479598355
8691 8692 10.77989478746304
8692 2701 0.13977703957836166
8692 8691 10.738572954428653
8693 2585 18.638356563137705
8693 9020 1.8449606176296554
8694 8696 3.4702595946412824
8694 8695 1.7108913256170284
8695 159 0.16369643149922436
8696 8695 3.350535048081044
8696 2286 6.022741141555396
8697 8546 0.8429826679170536
8697 414 1.2488597459628903
8698 8699 4.809463368608687
8698 1747 3.803917752221475
8698 1881 8.62113638361598
8699 8698 4.809463368608687
8700 237 2.0464881175864167
8700 247 10.04399758282632
8701 4143 3.8750342822960113
8702 9003 2.9882104892894006
8703 4988 1.1766043956850882
8704 4988 4.254272620850794
8705 1188 1.747787549435158
8705 8077 2.110017333463801
8706 8707 1.0231157664112216
8707 5736 7.304501988188522
8707 5737 1.204347586645739
8707 8706 1.0231157664112216
8708 9347 0.7837662598590939
8708 5094 10.566589257865083
8709 9213 4.852041539280078
8709 4544 7.4008208249878225
8709 8992 9.623375357925884
8710 8711 1.064067053488977
8711 9302 1.4433885663309025
8711 8712 14.612607485042108
8711 8710 1.064067053488977
8712 2085 0.29058989630325716
8712 2108 12.599715625835506
8712 8711 14.612607485042108
8713 8714 0.8836791428369047
8714 8713 0.8836791428369047
8714 5462 0.6241163616184188
8714 5468 10.702807216320753
8715 7916 4.746126749733652
8716 7909 1.6200702200829866
8717 4683 1.1862455042009807
8718 4683 1.363990445900214
8719 9255 32.294969144195896
8720 5872 1.2707901716149181
8721 4935 0.786682271442191
8722 8723 4.903818278717588
8723 8722 4.903818278717588
8723 4955 5.187649393750392
8723 4933 8.176456517792095
8724 1303 11.149725610467302
8724 639 5.7401648405452885
8724 4955 9.314275922623102
8725 5707 3.266365788751003
8726 8487 1.3643689365030514
8726 4957 13.854762243149104
8726 8727 2.8118757961058285
8727 8726 2.8118757961058285
8728 1664 1.0974378855053168
8728 1652 17.9183316607133
8728 1654 16.330563394565857
8729 9239 2.6259956371020183
8729 5307 14.164329932904588
8730 428 1.1870052505989557
8730 6005 1.7066161793384413
8730 3871 1.1880430396739579
8731 1827 8.51207408864092
8732 3092 0.7717281388084846
8733 3699 1.3032252152898731
8733 8736 0.9178587322336185
8733 3094 2.6817367143315676
8734 8735 0.825016094193264
8735 8734 0.825016094193264
8735 3092 2.949795083242382
8735 3091 5.355430241698803
8736 8733 0.9178587322336185
8737 3987 58.24649466237593
8737 8082 2.093380647910432
8738 8667 11.968025380625834
8738 8739 9.143265889846953
8739 8738 9.143265889846953
8739 8670 4.914662677761676
8740 9119 9.472098608535289
8740 8907 17.46949896433629
8740 8908 6.52399357661632
8741 8742 5.635679961557818
8741 9067 3.507811743672827
8741 8905 18.350047220345925
8742 8744 10.115566551197935
8742 8741 5.635679961557818
8742 8916 7.622862941193815
8743 8905 13.475068502105188
8743 8745 4.554294460388494
8743 9068 9.257339565357201
8744 8747 3.9599206023225118
8744 8742 10.115566551197935
8744 8746 7.076121458776573
8745 8747 5.564338829052373
8745 8743 4.554294460388494
8745 8910 12.12590181600723
8746 9069 19.049749478480788
8746 8907 6.620032051580354
8746 8744 7.076121458776573
8747 8744 3.9599206023225118
8747 6519 4.892357673414366
8747 8745 5.564338829052374
8748 3611 7.446208178792333
8749 3611 4.849021588514849
8750 5344 1.0891429426190022
8751 5344 1.3033701129121968
8752 604 3.9562850625976367
8753 8754 0.7800078427719186
8754 3499 3.7534175185153384
8754 3498 0.8494640661962006
8754 8753 0.7800078427719186
8755 8756 0.8527127958723334
8756 3499 2.62405250608007
8756 3496 0.8178322369206877
8756 8755 0.8527127958723334
8757 8758 0.9547903715653837
8758 3495 2.997650988597877
8758 3494 0.7462666381152858
8758 8757 0.9547903715653837
8759 8760 0.8995526995318948
8760 3495 2.8959570788272258
8760 3492 0.9760718620772455
8760 8759 0.8995526995318948
8761 9441 0.9627762183522293
8762 2330 0.6330794916319396
8763 3332 4.412052759464606
8764 1062 1.4353390811720816
8765 1071 10.344337059415295
8766 6159 1.1513405581013623
8766 6156 0.43244982301709745
8767 2275 3.9460290459425207
8767 2279 1.4277071611420769
8768 2276 1.646639314464162
8769 8767 1.0090802875361333
8770 4550 3.9872826437217372
8770 4549 4.471232696255992
8770 5601 5.901711612394755
8770 5600 5.081044914406826
8771 8772 7.476869473575792
8771 6105 10.333267958544566
8772 6105 10.028909434352384
8772 8771 7.476869473575792
8773 3325 0.7337073004856032
8774 3325 0.7695904932718913
8775 8081 5.964077909022102
8775 3793 5.492919827742129
8775 8911 8.055053419708583
8775 8817 11.622045698420674
8776 5743 9.660038375799
8777 6916 1.680936002595412
8777 6918 9.110184429210632
8778 8779 1.5338921392204754
8779 5095 0.6863221890216237
8779 8778 1.5338921392204754
8779 4642 11.902585253167658
8780 5101 0.789779464713034
8781 8783 0.46209943828013256
8781 8782 0.852622210730185
8781 2887 11.15454395365588
8782 8781 0.852622210730185
8783 8781 0.46209943828013256
8784 3284 2.194749170870368
8784 7171 7.88372505014262
8784 9266 15.303804328910031
8785 2870 2.8001121216790663
8785 2868 0.9524000760206297
8785 8786 0.8728001939699079
8786 8785 0.8728001939699079
8787 2297 0.8197393496923443
8787 8791 0.8756042013796544
8787 8789 2.5934848075943897
8788 8789 0.5216759276707787
8789 2298 3.8450938538138684
8789 8788 0.5216759276707787
8789 8787 2.5934848075943897
8790 8792 0.6893478546466114
8790 8212 2.098031665375972
8790 4529 4.362998598009794
8791 8787 0.8756042013796544
8792 8790 0.6893478546466114
8793 466 0.6187725564619837
8793 6461 7.462539698243071
8794 1193 0.31066251198350886
8794 372 5.74982947863801
8794 1211 52.01889414097323
8795 1897 7.069513437603915
8795 9458 1.9451194332391653
8795 1903 5.160812037283051
8796 6326 0.7722164232787393
8797 9489 0.8258298787890098
8797 7072 2.4214384826461113
8798 9490 1.0854395815285813
8798 9488 0.7856438863615028
8799 100 1.7646128752938977
8800 9488 2.856515497403851
8800 8799 2.602037920083949
8801 257 14.791495373607448
8802 4421 2.6236749996807784
8803 37 2.2926015844681435
8803 6037 2.3704189657073136
8804 3079 4.276151885765448
8804 3078 1.2281397976660584
8804 8807 0.7529313896434157
8805 3076 0.6160421039473588
8806 3076 0.7914922963897499
8807 8804 0.7529313896434157
8808 8809 0.9213284695692094
8809 8808 0.9213284695692094
8809 1314 9.733460485440158
8809 801 0.7221718069640399
8810 9097 1.554939159991349
8810 8811 2.776287265470906
8810 9050 4.239609896644149
8811 8810 2.776287265470906
8811 9201 1.075789723564807
8811 8812 12.320536194690133
8812 9228 10.115225604131645
8812 9051 6.869121588106189
8812 8811 12.320536194690133
8813 3913 1.9989569860153285
8814 1529 1.1925098990849985
8815 8817 1.5608149492900343
8816 8817 1.0257409937213882
8817 8815 1.5608149492900343
8817 8775 11.622045698420674
8817 8816 1.0257409937213882
8818 9469 1.2396897652193068
8818 408 0.6288911014909073
8819 7642 3.594668731042623
8819 1627 5.24838695054136
8820 7482 0.3534802940739764
8821 544 5.7443251172436405
8821 149 1.7927491809417642
8822 8824 0.36464052650072076
8822 1042 2.5217504593357183
8823 8822 0.3739257719014316
8823 444 6.246694351697166
8823 8824 0.2839128173725951
8824 8823 0.2839128173725951
8824 717 4.115798571037963
8825 4921 0.6390069706461364
8825 2885 2.0308802506928614
8825 3160 8.283026251756144
8826 8828 0.6917844307905282
8827 3687 0.8918144332041772
8827 8829 0.7402107545361385
8827 3686 9.896065172650458
8828 3686 5.028287468764768
8828 3046 0.5303997058391801
8828 8826 0.6917844307905282
8829 8827 0.7402107545361385
8830 893 7.910965751909482
8830 894 1.7735738663003997
8831 8832 2.1146751327823097
8831 5353 9.866909287065416
8832 8831 2.1146751327823097
8832 8690 1.9310423969726507
8832 8963 3.90986206557648
8833 6154 2.791458120507901
8833 4224 12.979656598176268
8834 6152 1.1236307224056374
8834 6160 2.720957549030991
8835 460 6.287757589449552
8836 3547 0.8581477064331526
8837 313 8.180502527638955
8837 805 14.532545172479528
8837 990 5.486070056105472
8837 455 7.373071172277616
8838 3888 1.167420215137529
8839 3888 0.9821889860980686
8840 126 3.035417943221864
8840 731 6.537342258044324
8841 8842 2.741224693633294
8842 8841 2.741224693633294
8842 8844 22.83615391200911
8842 3969 19.500152794520993
8843 8844 2.0868610204001805
8844 8843 2.0868610204001805
8844 3969 4.777286880662067
8844 8842 22.836153912009117
8845 8846 0.9132808503429811
8846 2309 1.2991278176217071
8846 8845 0.9132808503429811
8846 1119 16.755888106219135
8847 4506 12.036261854689638
8848 8849 0.905364322073008
8849 4502 1.7612395364208724
8849 8848 0.905364322073008
8849 3579 6.770279918026584
8850 5931 0.6194096644254471
8851 5931 0.8047422692851973
8852 8929 3.1486962226121213
8852 4200 10.12041448764615
8852 9161 1.9671165276594256
8853 6684 0.8606450402261603
8853 8854 0.8668252609737249
8853 6682 14.04424627877986
8854 8853 0.8668252609737249
8855 4275 0.9938751874100004
8856 2111 4.191439147665487
8857 6016 1.12578357560825
8857 6937 6.570762690603246
8858 3501 1.2208343176646057
8858 8873 3.9271597930351
8859 9143 0.5538708261154691
8859 8861 0.5694179641085211
8860 8926 0.8766225683849882
8861 8860 0.7390341194065407
8862 8930 1.6676989242537228
8862 8863 0.8859034456841511
8863 8928 0.9530089061725687
8864 8865 1.0647961855126025
8864 3758 3.789708311282565
8864 8866 13.369016006468064
8865 8864 1.0647961855126025
8865 513 5.976139131640752
8866 3756 1.7571508311639388
8866 8865 13.886991915326165
8867 8869 1.2783577437027625
8868 8869 0.9676276942779469
8869 8867 1.2783577437027625
8869 8868 0.9676276942779469
8869 8224 13.29116377548662
8870 4151 3.842133794592042
8871 4871 0.6301908231976037
8871 8872 0.4477333315070968
8871 4872 12.044459235774537
8872 8871 0.4477333315070968
8873 8862 0.08202966021758835
8874 4292 9.84007121662271
8874 1710 0.3995788878945741
8874 1703 10.411657350202379
8875 300 5.252049307253872
8875 3453 3.7188176049012607
8875 8878 9.261331863161441
8876 8878 2.018910227753746
8877 8878 0.7679207507771907
8878 8877 0.7679207507771907
8878 8876 2.018910227753746
8878 8875 9.261331863161441
8879 8880 4.454917894338387
8879 8884 6.563433693208565
8879 8889 1.9123015745247176
8880 8879 4.454917894338387
8880 8882 5.957617859849793
8880 8881 7.5384306571917135
8881 8880 7.5384306571917135
8882 8880 5.957617859849793
8882 8885 11.328133852319906
8882 8883 7.438982845003593
8883 8882 7.438982845003593
8884 8879 6.563433693208565
8884 9081 21.088879558205637
8884 8885 16.98450445782789
8885 8882 11.328133852319906
8885 558 7.24762796822234
8885 8884 16.98450445782789
8886 9106 1.7086682726368836
8886 8891 3.9995294410326236
8887 8888 9.38740799679882
8887 8886 6.283817936964748
8888 8887 9.38740799679882
8889 9244 4.397156910555706
8889 8879 1.9123015745247176
8889 9081 13.91121054227745
8890 9083 2.2676731482329258
8890 8893 5.377910129875918
8890 9100 11.3445706453696
8891 8893 5.977105185959835
8891 8886 3.9995294410326236
8891 1218 11.573917940313162
8892 8893 9.379269003742479
8893 8891 5.977105185959835
8893 8890 5.377910129875917
8893 8892 9.379269003742479
8894 8895 4.955043594287898
8894 8896 3.9255038244974125
8894 8897 0.8785560274270856
8895 8894 4.955043594287898
8896 1883 2.321508055516277
8896 8894 3.9255038244974125
8896 8898 5.4042109387623025
8897 8894 0.8785560274270856
8898 8900 5.452638785475604
8898 8899 4.664836185404533
8898 8896 5.4042109387623025
8899 8898 4.664836185404533
8900 8898 5.452638785475604
8900 8901 4.48571456738937
8900 373 6.7132338888097065
8901 8900 4.48571456738937
8902 3097 0.7425764861958036
8902 8903 0.687084771137451
8902 3688 25.30045373884602
8903 8902 0.687084771137451
8904 8908 3.893191645715414
8904 8916 2.5317986268268657
8904 8907 6.811215474359483
8905 8741 18.35004722034592
8905 8743 13.475068502105186
8905 8910 6.182693131029588
8906 8910 2.1904108800656235
8907 8904 6.811215474359483
8907 8746 6.620032051580354
8907 8740 17.469498964336292
8908 8904 3.893191645715414
8908 9120 8.325706423074923
8908 8740 6.52399357661632
8909 9120 0.4162211660348081
8909 8672 8.061145399444895
8909 8915 5.020389388467498
8910 8906 2.1904108800656235
8910 8905 6.182693131029588
8910 8745 12.125901816007229
8911 8912 1.7237149549183959
8911 940 5.461375181774172
8911 8775 8.055053419708583
8912 8911 1.7237149549183959
8912 8081 15.188454528301024
8912 4 6.432028214546745
8913 937 13.852445677615897
8914 3155 3.541627600848149
8915 8909 5.020389388467498
8915 9067 7.882301170370859
8915 8916 7.141495382783317
8916 8904 2.5317986268268657
8916 8742 7.622862941193815
8916 8915 7.141495382783317
8917 422 7.3662114684358055
8917 9169 6.709109601731263
8917 423 22.886789408636023
8918 4735 16.130630450278748
8919 8920 1.1034708310509884
8919 4411 10.426405017842988
8920 8919 1.1034708310509884
8921 4114 5.9386773291432435
8921 8922 0.8170532956117935
8921 4116 1.182807132265575
8922 8921 0.8170532956117935
8923 1617 7.975054900876427
8923 1616 10.32601730267131
8924 9161 6.085403425334395
8925 9154 0.5286266194251688
8926 8858 4.454712416218279
8926 8873 1.0521753658015176
8927 8929 3.5068670533697195
8928 8932 3.514697239705565
8928 8859 0.2824947623864991
8929 8852 3.1486962226121213
8929 8930 84.18427538776176
8929 8927 3.5068670533697195
8930 8929 84.18427538776177
8930 8863 1.8928325199859026
8931 412 2.447348433351578
8932 8933 1.156090965817566
8932 4108 39.02514475282347
8933 8931 1.8158088462956092
8933 9143 1.439068632879796
8934 8935 3.2106203298307774
8934 4234 8.889241108027331
8934 5492 19.54804965901931
8935 8934 3.2106203298307774
8936 9043 36.92883198923353
8936 6921 4.193905342173732
8937 4723 0.9086903127563265
8938 4723 0.7631769661625758
8939 3933 2.9470303129926783
8940 8941 0.9006043111803599
8941 3081 4.926768789987078
8941 8943 1.0049242249048902
8941 8940 0.9006043111803599
8942 8944 0.8316847491921808
8943 8941 1.0049242249048902
8944 4946 0.7778940643214398
8944 4071 3.361850619041633
8944 8942 0.8316847491921808
8946 6603 5.063642704755922
8947 8948 1.0077626276730758
8947 9188 9.635933894569456
8948 4860 0.8909992765643407
8948 8950 4.592947300380026
8949 1194 10.837049018523489
8949 8947 3.5327921564486906
8950 4860 4.371918923989988
8950 560 11.961648217560795
8951 5649 3.6530722319942472
8951 8952 10.105783036461466
8952 8954 1.83882514423356
8952 8953 2.6718877124516123
8952 8951 10.105783036461466
8953 8952 2.6718877124516123
8954 8952 1.83882514423356
8955 694 0.7382820152769993
8955 8956 2.449302173145539
8955 5091 8.062958138990457
8956 8955 2.449302173145539
8956 714 6.0325061649560485
8956 427 9.409016171906746
8957 3344 0.8646253555372668
8958 8960 4.556373867350107
8958 7660 4.842737082663358
8958 8961 5.852587018885496
8959 8961 6.286010512766564
8960 8958 4.556373867350107
8961 8959 6.286010512766564
8961 8958 5.852587018885496
8961 7658 2.9743191809944856
8962 8963 1.0675403582109484
8962 4391 2.847350153889079
8962 8687 1.0995206907956885
8963 8962 1.0675403582109484
8963 8832 3.9098620655764806
8964 4601 0.9198248530813641
8964 413 5.247460025225105
8964 2747 3.2128156302683384
8965 8966 2.1064218930073673
8965 8968 2.9784812277313732
8965 8967 2.138890238505294
8966 8965 2.1064218930073673
8967 1072 3.706998520161556
8967 8965 2.138890238505294
8967 2353 12.542982897104388
8968 8965 2.9784812277313732
8969 8970 0.9291398460801924
8969 8972 0.3726162231399251
8969 8971 9.7046608346605
8970 8969 0.9291398460801924
8971 8969 9.7046608346605
8971 1072 7.212398875703109
8971 1081 6.174177770365573
8972 8969 0.3726162231399251
8973 2037 4.35187792186522
8973 8974 1.120551530034089
8973 2038 25.092469364051144
8974 8973 1.120551530034089
8975 2211 2.275419403232105
8976 2229 1.2137065391034718
8976 2228 9.806900172407056
8976 8977 1.5482926543881332
8977 8976 1.5482926543881332
8978 1397 1.343888670548119
8978 8981 1.2576580128704822
8978 8654 1.6518163244681945
8979 8978 1.7677171371948976
8979 1397 1.9711111188139379
8980 8978 1.2893460807134662
8980 8654 2.808062744518732
8981 7353 13.884629373457587
8982 7582 8.451174095242374
8983 9134 12.596867712753431
8983 9055 6.2317865251129545
8983 9054 26.205404891581505
8984 9134 1.7869940060126177
8984 9121 8.767532833221765
8986 8987 1.2556700003238443
8986 3420 10.061627925131681
8986 5329 9.43008578701453
8987 8986 1.2556700003238443
8988 8989 1.8111924958008854
8988 1538 10.991077287464726
8988 1537 6.459631715367559
8989 8988 1.8111924958008854
8990 1017 15.418296623890509
8990 8991 8.649143033751482
8991 8990 8.649143033751482
8992 9215 2.1244760468617785
8992 9331 0.9194459363685755
8992 8709 9.623375357925884
8993 7581 7.49158788005981
8994 1246 28.729148408150554
8995 5481 5.238683117780395
8995 5480 2.834701529306967
8995 8996 1.5287539639357888
8996 8995 1.5287539639357888
8997 8998 1.0581371296007698
8997 2319 7.139139159223362
8997 8999 0.800992914770132
8998 8997 1.0581371296007698
8999 8997 0.800992914770132
9000 5027 15.233890633119072
9000 7859 13.521857047117013
9000 5423 8.22288057670215
9001 2009 9.654385857380403
9001 1791 2.566463576253928
9001 1792 7.099382200933462
9002 9003 0.943581885631156
9003 3443 6.208685012944627
9003 8702 2.9882104892894006
9003 9002 0.943581885631156
9004 9005 1.4411704294374483
9005 9004 1.4411704294374483
9005 9006 0.9854863669279735
9005 2318 9.054363243418814
9006 9005 0.9854863669279735
9007 2315 7.024994626601207
9008 9009 8.210922068748076
9009 6127 5.6260154169817325
9009 3188 5.762441690562397
9009 9008 8.210922068748074
9010 9011 0.9562372348753201
9011 3500 1.9038589171468665
9011 9010 0.9562372348753201
9011 3491 1.1931998568207143
9012 1671 2.1241953659570174
9013 3269 1.7241903330676747
9014 9015 1.7757380176913002
9015 756 0.854320069047393
9015 3999 14.30915063632762
9015 9014 1.7757380176913002
9016 113 0.9356005474793623
9017 9019 0.3609631581694541
9018 9017 0.7497346104348951
9018 6075 5.059222508158623
9019 9020 0.8216834542444514
9019 8693 1.909366694948855
9020 8416 6.4958025355596245
9020 9018 0.6508690621862931
9021 9025 3.1688833944513206
9021 8272 39.856101499935264
9022 9027 0.7187690085678066
9022 9028 1.3517087406115706
9023 9293 2.505669478175267
9023 5143 14.428371494016861
9024 5144 0.5423609947822352
9025 9031 0.7534764425647448
9026 2073 1.5226632501508064
9026 7335 2.619019456539492
9027 9028 1.1080415506381736
9027 2073 0.7052493610142246
9028 7336 1.3936479685651757
9029 9291 10.398858785619687
9029 9022 1.6911913368173968
9030 9024 2.2418964379381774
9030 8532 16.986515847204
9031 9027 0.583464913452132
9031 9029 2.2772134175251817
9032 9034 1.0347002072917986
9032 6560 15.262387978439834
9033 5402 1.5874543235643217
9033 2089 18.00732162882089
9034 5402 2.4280861201080506
9034 9033 3.202039502224938
9035 5402 0.4065802393183534
9035 9032 3.432887728743284
9035 9295 10.531777775533293
9036 9424 12.523600470622103
9037 4034 2.8542885554301094
9038 921 2.9559624944966116
9038 916 7.441293860242683
9038 918 30.445672629895764
9039 4012 0.970435970926434
9040 4012 1.2478667210696914
9041 7945 3.383224757104426
9042 9043 1.5560762172815963
9043 9042 1.5560762172815963
9043 9044 1.481937983526855
9043 8936 36.92883198923351
9044 9043 1.481937983526855
9045 9048 0.5028150724052552
9046 1029 17.917613200907514
9046 1080 6.629665313311641
9046 9048 4.7604079406157895
9047 9048 1.507535045485092
9048 9045 0.5028150724052552
9048 9047 1.507535045485092
9048 9046 4.7604079406157895
9049 4082 3.576859990963189
9049 4084 32.18084843990255
9049 6101 12.658033308553646
9050 9051 3.820681059306505
9050 8810 4.239609896644149
9050 9099 5.082606251457391
9051 8812 6.869121588106189
9051 9050 3.820681059306506
9051 9385 2.730640413793317
9052 9053 7.536396622333052
9052 8646 6.156974024024561
9053 8649 11.581779480930603
9054 8983 26.2054048915815
9054 9055 5.568791703317201
9054 1853 15.824990444805978
9055 8983 6.2317865251129545
9055 9134 18.278316776004743
9055 9054 5.568791703317201
9056 2863 5.171343698238981
9056 2940 22.144842357957792
9056 9269 11.23893924338807
9057 2547 1.1231586875974922
9057 8542 2.171514058206298
9058 9061 0.9344559543131984
9058 9060 1.2686598959736295
9059 9062 11.998092653968854
9060 9062 1.2145209197571043
9060 9061 1.3556504141548287
9061 8541 1.2374167135940999
9062 9060 1.2145209197571043
9062 4592 11.007450387319283
9062 9059 11.998092653968854
9063 9230 6.047262356595047
9064 833 5.202604993879941
9064 838 1.3182615062165348
9065 4807 0.7081990967280889
9065 9066 1.4493565558121357
9066 9065 1.4493565558121357
9066 3025 4.4490384479583405
9066 4806 4.021634432350796
9067 8741 3.507811743672827
9067 8672 11.051377397018362
9067 8915 7.882301170370859
9068 8743 9.257339565357201
9069 3015 4.050365936386246
9069 4843 8.21704294709079
9069 8746 19.049749478480788
9070 9071 1.6845753744906249
9070 6454 4.446949838479923
9070 9072 3.5442985604597697
9071 9070 1.6845753744906249
9072 9070 3.5442985604597697
9073 9074 1.9856213892630226
9073 9183 0.9337080481698515
9073 9338 1.209106266134412
9074 9073 1.9856213892630226
9074 8367 5.816756864900754
9074 4693 7.204384731868684
9075 9076 5.669035166989927
9075 9077 2.946006134482215
9075 4330 6.456565597718605
9076 9075 5.669035166989927
9077 9075 2.946006134482215
9078 9163 2.244800643264501
9078 9162 3.807510930057383
9078 3020 2.142759973237125
9079 3021 2.8882323912000234
9079 5995 0.428893067734915
9080 7307 1.515068857806173
9081 9082 5.924467221584173
9081 8889 13.911210542277448
9081 8884 21.08887955820564
9082 9081 5.924467221584173
9082 9100 1.8288540689653796
9082 9083 25.736635587574252
9083 9084 2.8035489680516092
9083 8890 2.2676731482329258
9083 9082 25.736635587574256
9084 9083 2.8035489680516092
9085 9086 0.8190096381146879
9085 956 12.721847156670767
9086 9085 0.8190096381146879
9086 297 1.3453806614973272
9086 9087 1.82561881837947
9087 5710 1.9880701136314622
9087 9085 1.591381761321534
9089 9105 0.9857755790505399
9089 840 10.941865533285856
9089 9104 5.942796498226534
9090 5560 89.57962566029194
9091 7802 4.069174881037618
9092 7577 0.967823180057916
9093 1009 0.24732473464309226
9093 9095 2.718012184386103
9093 1008 3.8543287962956523
9094 298 3.4749223827872684
9094 1009 0.6866752518078849
9095 5700 10.347595428330381
9095 9094 2.6884444509488574
9096 5790 2.5713111338780372
9096 9097 2.5048326678511614
9096 9098 0.9219224426516592
9097 8810 1.554939159991349
9097 9096 2.5048326678511614
9097 9231 11.212742465627322
9098 9096 0.9219224426516592
9099 9050 5.082606251457391
9100 9244 11.418969251028608
9100 9082 1.8288540689653796
9100 8890 11.3445706453696
9101 9102 1.200336257321954
9102 9101 1.200336257321954
9102 9107 2.5840858615939037
9102 9105 2.7831659744965718
9103 9218 0.4591013293539092
9104 8887 6.228869510089778
9104 9218 8.035810348664052
9105 9102 2.7831659744965718
9105 9089 0.9857755790505399
9106 8886 1.7086682726368836
9106 9244 5.223539325087515
9106 9105 18.55178742700531
9107 9102 2.5840858615939037
9108 2147 0.9127241286722972
9109 840 24.87187196671066
9109 1231 1.822070513222486
9110 6973 1.8025307324741944
9111 14 1.1561626999797654
9111 1409 2.1417335073816703
9112 5328 0.6443933606807445
9112 6109 0.5504277687646218
9112 9113 3.386724916263475
9113 9112 3.386724916263475
9114 537 1.5862721120490568
9114 6593 39.91800085764197
9114 740 163.2141991715441
9115 6181 9.610839440532851
9116 5336 0.48198260647280233
9117 9364 11.916220981962766
9118 717 0.6416862925910194
9118 716 0.5415861749493189
9119 8671 15.359662272247816
9119 8740 9.47209860853529
9119 9120 6.293107240780156
9120 8909 0.4162211660348081
9120 8908 8.325706423074923
9120 9119 6.293107240780156
9121 9133 1.2116134666160894
9121 8984 8.767532833221765
9122 9124 1.839904921627133
9122 9125 2.1722975210729163
9123 2342 11.54829938208353
9123 9127 1.974614904061136
9124 299 0.3845571751072795
9124 9125 1.297067433962981
9125 9126 0.7599266278355407
9126 1655 3.21379574435857
9126 299 2.1367577896714565
9127 9124 1.0959571218595165
9127 5741 3.480908102619481
9128 9127 0.42520333115086395
9128 1646 1.487902317774468
9130 9129 1.8324055044893153
9130 3205 9.515868320733427
9131 1403 3.771049621994566
9132 715 1.7638408188982082
9132 1306 1.4045962122656719
9133 9121 1.2116134666160894
9134 8983 12.596867712753431
9134 8984 1.7869940060126177
9134 9055 18.27831677600474
9135 9364 10.00149568551221
9135 4063 24.91210190045646
9135 9369 5.368794476564959
9136 696 3.2525248580390196
9137 464 16.32555061560612
9138 9139 1.0735789598327674
9138 465 19.30785113032423
9139 5994 8.1154417202055
9139 9138 1.1298474990186707
9140 20 0.9023797118494598
9140 422 14.261802842271226
9141 310 20.96438857633434
9141 9136 6.286435916408882
9142 3909 18.38909966335169
9143 8861 0.8049820322727163
9143 8931 0.9431550534723533
9144 9145 1.020570331984998
9145 4693 2.9083734562056955
9145 9144 1.020570331984998
9145 9337 1.1235207537521217
9146 9147 0.7011233329208993
9147 4238 4.901695642502361
9147 9148 0.7981408322698196
9147 9146 0.7011233329208993
9148 9147 0.7981408322698196
9149 4889 9.507914928767981
9150 5782 2.8883224505513754
9150 4200 3.4610642307520743
9150 4238 21.131903600590213
9151 5782 7.718025036682908
9152 4892 0.8065995899305604
9152 5783 6.728949944324815
9152 9153 0.9564434695136288
9153 9152 0.9564434695136288
9154 9155 0.44061094857956795
9154 8925 0.5286266194251688
9154 9161 7.504540821497245
9155 9154 0.44061094857956795
9156 5721 0.7470547868561592
9156 9157 1.1096790402542265
9156 1405 42.17472023657715
9157 9156 1.1096790402542265
9158 9159 0.9694183680272752
9159 3500 3.8589484592009002
9159 3490 0.840661429181576
9159 9158 0.9694183680272752
9160 9267 6.223110664862022
9160 9268 7.206612333592302
9160 4804 4.933811309109731
9161 9154 7.504540821497245
9161 8924 6.085403425334396
9161 8852 1.9671165276594256
9162 9078 3.807510930057383
9163 9078 2.244800643264501
9164 3022 4.888528055085751
9164 3021 0.9557190482223505
9164 9165 1.9722936019068944
9165 9164 1.9722936019068944
9166 914 1.2197935340037067
9166 913 26.23477608337466
9167 1406 20.31592257450994
9167 920 1.458587910121452
9168 923 25.25714426702316
9168 924 1.3188612487077016
9169 6894 53.46449435551697
9169 8917 6.709109601731265
9169 6893 5.945037788086951
9170 465 14.974888533897756
9171 20 27.31622081515945
9172 437 4.414433197913718
9172 6513 2.321648677454599
9173 7939 1.687650982601476
9174 2812 11.858803540799617
9174 9173 4.018059245056544
9175 9176 3.8972411022207494
9175 7940 1.6093381454446263
9176 2811 11.22616014564107
9176 7940 3.971221820027411
9177 8610 2.4436583914256294
9177 767 4.625308498051324
9178 4873 0.8664886102788291
9178 9342 0.8072622493331032
9178 4874 7.754303635986252
9179 8551 8.019465978522787
9180 9182 1.9526918762718208
9181 9182 1.0926266676437952
9182 9181 1.0926266676437952
9182 9180 1.9526918762718208
9182 8636 6.885475457627223
9183 9073 0.9337080481698515
9184 1324 4.917252259732382
9184 9185 0.9238327166614765
9185 2455 2.723510501056468
9185 9184 0.9238327166614765
9186 1321 7.156389263912351
9186 9187 0.8294513038671233
9187 565 8.476789381586466
9187 9186 0.8294513038671233
9188 219 6.678863042154817
9188 9189 0.8064518602914906
9189 8948 9.976199939279347
9189 9188 0.8064518602914906
9190 5582 2.8669629414984237
9190 9191 0.7678383404955185
9191 32 6.901325403137602
9191 9190 0.7678383404955185
9192 4102 24.65990430064502
9192 7230 0.7094101445205854
9193 2282 2.584919440557301
9193 6127 8.12948274876718
9194 59 8.660679190717255
9194 7362 5.005573074755209
9195 6404 0.3821051254788131
9196 9197 0.3296041193927065
9196 9198 0.584849088440354
9197 4390 3.323751792067022
9197 9196 0.3296041193927065
9198 9196 0.584849088440354
9198 5511 18.239651708401123
9198 4061 4.32505969447235
9199 5766 0.5515084973754406
9200 792 7.861313482694574
9201 8811 1.075789723564807
9201 9227 3.8579587245239213
9201 9229 14.348450072721636
9202 9204 4.883822480380711
9202 2274 4.829825120494288
9202 9203 4.262467831714016
9203 9204 10.797976598172632
9203 9202 4.262467831714016
9203 9249 2.1947929652275264
9204 9202 4.883822480380711
9204 9203 10.79797659817263
9205 9206 0.7121422991261608
9206 5031 0.8674375467222185
9206 9205 0.7121422991261608
9206 5009 4.092384109720217
9208 9210 0.39452168051213843
9208 9209 1.0556068008621848
9208 5699 6.598629605798365
9209 9208 1.0556068008621848
9210 9208 0.39452168051213843
9211 3283 8.924857199256307
9211 9392 2.703035149383428
9211 9212 6.945399735015922
9212 9211 6.945399735015922
9212 9396 6.402034479270412
9212 9246 3.78589602341023
9213 9214 3.707579438129204
9213 4638 13.617126021979193
9213 8709 4.852041539280078
9214 9213 3.707579438129204
9215 8992 2.1244760468617785
9216 5331 1.1046067212826385
9217 50 3.527535743061021
9217 654 6.094150857769122
9218 9103 0.4591013293539092
9218 9219 0.5312108400910736
9218 9104 8.035810348664052
9219 9218 0.5312108400910736
9220 362 0.6884610094950387
9220 8402 49.85975381341357
9220 1716 9.56403100098351
9221 9223 4.218384011590115
9222 9334 5.563751646973899
9222 9224 21.593104066359004
9223 9221 4.218384011590116
9223 9224 4.079878831885032
9223 9334 21.618910174449205
9224 9223 4.079878831885032
9224 9222 21.593104066359007
9224 9533 5.935644139737032
9225 9533 8.100778166129224
9226 7478 1.899158195511323
9227 9201 3.8579587245239217
9227 3510 2.6947781289543697
9227 9228 11.263886755587382
9228 9514 4.454782255074351
9228 8812 10.115225604131645
9228 9227 11.263886755587382
9229 9436 0.8517247238985608
9229 9201 14.348450072721636
9229 9230 4.290354486858691
9230 9231 2.5875058165850935
9230 9063 6.047262356595047
9230 9229 4.290354486858691
9231 9230 2.587505816585094
9231 9097 11.212742465627322
9231 9519 10.093731316371924
9232 718 0.524953404674627
9232 3485 27.049644314380203
9232 1300 16.226571805605467
9233 9234 2.160999369373006
9233 8456 1.9180276682944442
9234 5768 3.291187641678163
9235 9236 0.7770460673878032
9235 8729 4.742658903093544
9236 9238 0.8090244767333208
9236 9237 1.3888801238945856
9237 8455 2.6305437698720557
9238 8456 0.7733070013497249
9238 5309 3.5671810596532687
9239 9236 2.112100639362604
9239 9237 2.5224094224214797
9240 9241 5.066479743406651
9241 3767 2.503024674393055
9241 9240 5.066479743406651
9241 4284 4.4275672826026895
9242 9243 5.10531281750985
9243 4283 0.2692366818756539
9243 4284 1.336866786073675
9243 9242 5.10531281750985
9244 9100 11.418969251028608
9244 9106 5.223539325087516
9244 8889 4.397156910555706
9245 7156 3.966036689532195
9246 9212 3.78589602341023
9247 2922 3.7028702610945436
9248 2274 5.666331818611272
9249 9203 2.1947929652275264
9250 9251 0.49258438852711595
9250 7889 0.6215470946882378
9251 860 0.614291828692751
9251 8689 4.949534998266637
9252 5873 1.5465775650981601
9253 4636 2.5430443666297187
9253 9255 4.068304011123549
9254 8247 0.36123890000996184
9254 2272 1.1938104249711867
9255 7890 1.1893380711295485
9255 8719 32.294969144195896
9256 7514 3.1217694075092153
9257 81 0.15668527227393314
9258 7961 0.7561778907894745
9258 237 0.2674919648718624
9258 7959 3.4457819618974916
9259 1660 3.955045713952541
9260 460 6.593353356734941
9261 3222 1.7460303510026682
9261 3937 12.006592076467532
9261 2417 42.87163253766779
9262 9263 4.796190772476225
9262 2916 5.378975682104937
9263 9262 4.796190772476225
9264 9265 5.517180213837326
9265 3285 21.579634552687793
9265 7171 4.495860340406306
9265 9264 5.517180213837326
9266 9298 0.42785857681776207
9266 9299 0.8003981551101714
9266 8784 15.303804328910028
9267 9160 6.223110664862022
9268 9274 5.416658116143564
9268 9160 7.206612333592304
9268 9384 10.519738623541805
9269 9056 11.23893924338807
9269 9271 2.5734877324949683
9269 9270 1.9207771362197406
9270 9269 1.9207771362197406
9271 9269 2.5734877324949683
9272 9273 1.1673485609983005
9272 2597 8.437021083603273
9272 7652 2.4195162158310355
9273 9272 1.1673485609983005
9273 136 16.224952728130255
9273 138 13.368172479939473
9274 9268 5.416658116143565
9275 5790 16.055797450658925
9276 2197 0.8959797542504349
9277 2201 0.703243438549409
9278 2199 0.7367470875406597
9279 2197 0.7696878104495238
9280 2199 0.7058206771187776
9281 2201 0.7475451035046922
9282 9288 0.9505713733292555
9283 2406 0.7798450266340057
9283 9285 0.771136886909059
9283 4351 5.300797732398436
9284 2402 0.48379987488000553
9285 9283 0.771136886909059
9286 2407 0.9113351112477863
9287 2404 0.6265979851069289
9288 2408 0.9353244938463955
9288 9282 0.9505713733292555
9288 2407 3.5360884621639976
9289 3975 6.175881030344983
9290 7082 3.7828150917288683
9290 7083 0.9611540228403423
9290 9407 0.8425567360432016
9291 2086 1.0736893758427952
9291 9029 10.398858785619689
9291 2087 2.376851782475889
9292 9293 0.5339438961318188
9292 9023 2.516045315439528
9293 9024 0.5136119375692794
9293 9030 2.315331031849899
9294 5375 0.6436608246280003
9294 5400 5.13634760362374
9294 9295 2.0294851521377026
9295 5375 1.996796833680006
9295 9035 10.531777775533293
9296 6897 5.627949053105384
9296 294 6.365542713843584
9296 1619 12.78460579978965
9297 3171 3.2511894871751004
9298 9266 0.42785857681776207
9299 9266 0.8003981551101714
9300 5899 11.960669761919565
9300 5898 1.5132534723623745
9300 9301 0.9399088074979514
9301 9300 0.9399088074979514
9302 8711 1.4433885663309025
9303 6730 1.0570481773616318
9303 9304 0.9828599534001943
9303 6728 4.213880328004312
9304 9303 0.9828599534001943
9305 9306 0.9744801310848523
9306 7270 3.607750995414626
9306 7266 0.8347783269359192
9306 9305 0.9744801310848523
9307 8596 8.763839202768457
9308 5901 0.9552401946673775
9308 9309 0.9406304978663863
9308 5886 5.699113570218493
9309 9308 0.9406304978663863
9310 9311 1.0446527845933031
9311 5883 0.9721609068377469
9311 9310 1.0446527845933031
9311 5881 3.802203539351043
9312 6792 5.1293309942121175
9313 7634 0.8208269151841101
9314 8003 1.03617607070365
9315 9316 0.980646922909046
9316 9315 0.980646922909046
9316 6588 0.8627380711502391
9316 5468 9.356337663295806
9317 576 2.2058646211445563
9317 4314 7.889240452496549
9318 6196 7.368444330643671
9319 9320 2.96565704666846
9319 8449 9.378871736047856
9319 9323 2.9237720490475385
9320 9321 11.894040667037793
9320 9319 2.96565704666846
9321 9322 5.613245860027548
9321 9320 11.894040667037793
9322 9323 12.035552965306321
9322 9321 5.613245860027548
9323 9319 2.9237720490475385
9323 9322 12.035552965306321
9324 9326 1.30248803584202
9325 9326 1.8247791498963541
9326 9325 1.8247791498963541
9326 9324 1.30248803584202
9326 8243 2.9886051365770534
9327 8074 0.6719841165584861
9328 4878 0.9608397722614486
9329 9330 1.0383914343019842
9330 9329 1.0383914343019842
9330 4881 3.69602366003269
9330 4875 1.1256794877722536
9331 8992 0.9194459363685755
9332 2970 3.9034765820596022
9333 8354 1.0502151829904582
9334 9223 21.618910174449205
9334 9222 5.563751646973898
9335 8365 4.458733831388984
9336 8369 7.747661012525643
9337 9145 1.1235207537521217
9338 9073 1.209106266134412
9339 8368 0.9777378250175655
9340 9341 0.9631854383482361
9341 5838 3.189551362657717
9341 5837 0.739760860178251
9341 9340 0.9631854383482361
9342 9178 0.8072622493331032
9343 9348 0.363957244022387
9344 8708 0.6247245698845482
9344 9347 0.5053391087280468
9345 9344 0.17362480172331465
9346 9343 0.9096990650699254
9346 9349 1.50978181509453
9347 9346 0.36381256117467176
9348 9345 1.1312282076825901
9348 863 2.266669823116114
9349 5108 5.455326680566589
9349 9343 1.7145026733568927
9350 7372 2.0807573175191187
9350 7374 0.4151046933505981
9351 9352 0.9726662095153285
9352 9351 0.9726662095153285
9352 7567 1.3103539004989375
9352 7553 17.127271179734638
9353 7566 0.7488039194015017
9353 9354 1.0144945754581616
9353 7536 6.770872625101447
9354 9353 1.0144945754581616
9355 9356 1.8343253129168204
9356 7527 1.0100895539327766
9356 9355 1.8343253129168204
9356 7521 2.5337233270419293
9357 4065 0.7566973894035924
9358 3939 6.836156311724956
9358 3224 10.052684784428982
9358 3925 9.728030911725519
9359 3638 1.8675470248752655
9360 7005 1.165751802882858
9361 515 29.887886102902762
9362 9363 1.2654803115812907
9363 9362 1.2654803115812907
9363 7078 5.173991157628632
9363 4030 3.5962965418109865
9364 9365 5.778130390920229
9364 9117 11.916220981962766
9364 9135 10.00149568551221
9365 9364 5.778130390920229
9365 9366 6.702996241494859
9365 9367 5.258968980569913
9366 9365 6.702996241494859
9367 9365 5.258968980569913
9368 9369 5.040664486835442
9369 9370 1.0679807668234604
9369 9135 5.368794476564959
9369 9368 5.040664486835442
9370 9369 1.0679807668234604
9371 7523 2.7273246829683084
9372 7408 3.2359048310976286
9373 426 9.894735741718092
9374 9373 2.8957427945454333
9374 3989 2.3157409715531765
9375 7147 1.6504917655814408
9376 3410 6.069583759251226
9376 4074 19.970535577365226
9376 9377 5.898459715530646
9377 9408 2.7501456546597596
9377 9409 3.154841143492721
9377 9376 5.898459715530647
9378 5487 1.0221811460522465
9379 220 0.17489708051173675
9379 6338 1.2669227442111486
9379 1446 3.0131333179585824
9380 6220 0.7374832512638071
9381 66 27.160961610301776
9381 134 4.030542938578788
9382 3151 10.773195334588305
9383 1438 0.8298566180736379
9383 102 5.031045221779979
9383 3736 9.466796101508848
9384 1186 5.169563065172708
9384 4805 4.8943890173340465
9384 9268 10.519738623541805
9385 9051 2.730640413793317
9386 9388 4.624351193519587
9387 6166 7.132498665427744
9387 9388 5.75702734023577
9387 9389 6.695715725432707
9388 9387 5.757027340235771
9388 9390 9.854507201210836
9388 9386 4.624351193519587
9389 9387 6.695715725432705
9390 9388 9.854507201210836
9391 2634 2.275831169391148
9391 2630 9.879234890667759
9392 9211 2.703035149383428
9392 3285 15.562269971290352
9392 9393 3.3345911485257362
9393 9392 3.3345911485257362
9394 9395 2.2783418571305885
9394 9396 3.4662772598954783
9394 9398 2.416739710226332
9395 9394 2.2783418571305885
9396 9397 1.0865919939911006
9396 9212 6.4020344792704105
9396 9394 3.4662772598954783
9397 9396 1.0865919939911006
9398 9394 2.4167397102263317
9399 7161 0.8816906589793633
9399 9400 0.9923036843287596
9399 7160 22.22109007893259
9400 9399 0.9923036843287596
9401 7977 1.0526303368976715
9402 5042 0.3593064683531143
9403 4109 2.3275531213304705
9404 3510 2.9109059506257786
9404 3514 11.527219956957655
9404 9514 9.477637196619746
9405 3180 1.0095266843866453
9406 2670 1.1712769924692152
9407 9290 0.8425567360432016
9408 9377 2.7501456546597596
9409 9377 3.154841143492721
9410 7977 1.6551375191745183
9411 2936 2.223912342265693
9411 2938 3.4329496957033263
9411 9428 4.765893422093954
9412 8028 4.607646455105846
9413 5984 0.5400829340680715
9413 9414 0.9509770585947418
9413 5983 1.6442238039105588
9414 9413 0.9509770585947418
9415 4498 5.8538121181074185
9416 2999 0.5010512609353
9416 9417 0.9631142291942625
9416 7074 4.929027872186382
9417 9416 0.9631142291942625
9418 9419 0.8411716829928365
9418 3005 9.356950903894562
9418 3004 1.9145403575814486
9419 9418 0.8411716829928365
9420 5434 28.488011089681677
9420 5413 10.616013318452083
9420 9452 8.039404078878567
9421 9452 2.7704353043334047
9422 297 28.300871990415672
9423 6009 1.3132054212927786
9423 4326 6.91736964094482
9424 4346 0.7559817734891251
9424 9426 1.6094854101889848
9424 9036 12.523600470622105
9425 469 10.920623529043377
9425 9424 4.69553715257515
9426 4326 0.8261709341834333
9426 9423 7.354474356207795
9427 7382 0.8319693103964233
9427 802 2.3901371619819862
9428 9411 4.765893422093954
9429 3589 0.8957261096615625
9429 3590 16.924321903669494
9430 4490 0.5619829350468989
9430 4489 6.062650676274553
9431 9432 6.3356963769104455
9432 8565 7.559179604570315
9432 9431 6.3356963769104455
9432 9433 17.427968232573097
9433 9432 17.427968232573097
9433 8551 5.554120320541068
9433 9487 7.291806515540105
9434 9487 17.146589410960125
9435 251 2.651925517969101
9435 1686 8.016724832061827
9435 288 2.3690454837775174
9436 9229 0.8517247238985608
9437 9439 0.3884249595736897
9437 7583 2.819952804967427
9438 4265 2.7188176061039266
9438 6512 12.947402170178798
9439 4265 0.9099412625941232
9439 9438 2.4248068998749215
9440 6062 4.845708010992137
9440 9437 1.8011956563883202
9441 8761 0.9627762183522293
9441 5703 4.01521790309091
9441 9442 0.6856540893667182
9442 9441 0.6856540893667182
9443 5704 1.0101235807249886
9444 4975 1.2003163265237233
9445 9446 1.0902615876062485
9446 5658 2.3619109993459158
9446 4195 0.7737750393979109
9446 9445 1.0902615876062485
9447 3432 1.280699226880356
9448 3432 0.7373381131107379
9449 3434 0.6928400444885413
9450 381 1.612104986321197
9451 9452 1.120315040654634
9452 9421 2.7704353043334047
9452 9451 1.120315040654634
9452 9420 8.039404078878567
9453 8422 5.669446072475996
9453 9454 9.38794179531284
9453 9456 14.370232239754872
9454 9455 4.9193754697975205
9454 9453 9.38794179531284
9454 9457 3.060758216698028
9455 9454 4.9193754697975205
9456 9453 14.370232239754872
9457 9454 3.060758216698028
9458 8795 1.9451194332391653
9458 1952 7.204192667881482
9458 1904 13.734355648274953
9459 1669 12.303502413243912
9459 981 4.197090875457285
9459 3276 5.0495567150798575
9460 373 0.29900559913943847
9460 374 2.328844474839678
9460 9461 3.3126007318883524
9461 4127 3.974950498576393
9461 374 2.4674479312085964
9462 5022 7.72518604258564
9463 9467 4.270380684084472
9464 9465 5.452066684389095
9465 9467 1.6307538770980172
9465 9468 5.259834044650608
9465 9464 5.452066684389095
9466 9467 2.23631567893692
9467 9465 1.6307538770980172
9467 9463 4.270380684084472
9467 9466 2.23631567893692
9468 5466 3.694441247190512
9468 9465 5.259834044650608
9468 5460 11.321786168489703
9469 6168 2.2395820717510015
9470 6169 1.3922392564354846
9470 9469 2.467251325192156
9471 410 0.10082955570811857
9472 3514 4.366609958054087
9472 9471 1.833607572150701
9473 9474 1.3386653840921325
9474 9473 1.3386653840921325
9474 9475 0.7735181099395095
9474 9477 2.4282014588053853
9475 9474 0.7735181099395095
9476 9477 2.679425216250525
9477 9476 2.679425216250525
9477 6165 2.0899769817725655
9477 9474 2.4282014588053853
9478 3012 0.8590137562714095
9479 3012 0.7000976201960383
9480 9481 0.7776168486444516
9481 2764 0.9939843341973723
9481 9480 0.7776168486444516
9481 2763 5.4484313210339295
9482 7934 5.852233709233256
9482 1383 4.977269177958865
9483 3819 11.765708965484588
9483 9110 0.8865582855974578
9484 7079 0.677410854705778
9484 9485 0.6983863549339856
9484 7080 7.098815204136386
9485 9484 0.6983863549339856
9486 9487 2.9883923955677085
9487 9486 2.9883923955677085
9487 9434 17.146589410960125
9487 9433 7.291806515540105
9488 8797 0.9499030865971921
9488 8799 1.19594036544202
9489 8798 0.964341051705471
9489 985 5.034897873980887
9490 3179 3.7021187687094392
9491 992 4.750598772489148
9491 1298 0.7085910217937096
9492 9522 4.9468278879754495
9493 258 12.946129583453358
9494 5160 1.651883679513176
9494 5163 2.4568917714131726
9495 732 4.1470826634493845
9495 8945 1.4128396477589298
9496 3765 5.38033500690494
9496 7357 7.080899979500959
9496 3756 14.84977640884162
9497 2719 18.30974063795597
9497 9498 8.33558257591464
9497 2704 6.685183149924508
9498 2720 16.05863069137004
9498 9497 8.33558257591464
9498 2728 6.406561815564382
9499 2716 0.611950816144665
9500 2716 0.7719074129475412
9501 2745 8.21684247859199
9502 2347 0.287173825804486
9502 9503 1.1177298320245603
9503 9502 1.0675757308909437
9503 4093 9.690607976676498
9504 4093 0.4195093471867255
9504 9505 0.72432370486079
9505 9504 0.7713370054330183
9505 305 7.597367661314722
9506 9507 0.7391067789118873
9507 3852 0.8183830258304
9507 9506 0.7391067789118873
9507 3847 5.42619491614744
9508 9519 1.8374309326917406
9509 5790 1.0285295608389728
9510 162 13.476017603183143
9511 1275 12.406888913741751
9511 3882 0.2921397365222995
9511 3881 5.0620366589721515
9512 2725 6.695009472822408
9512 2729 30.342740364166087
9512 2728 18.845644776109783
9513 742 15.7243519559764
9513 1298 6.893673977621205
9514 5789 1.3022916548587058
9514 9404 9.477637196619746
9514 9228 4.454782255074351
9515 9207 0.4728510376628302
9515 9088 0.3004916263213386
9516 9515 0.24195524463740356
9516 6559 5.870602897323659
9517 8167 26.71840383355028
9518 2560 3.906623979779733
9519 9520 2.5999255493678732
9519 9508 1.8374309326917406
9519 9231 10.09373131637192
9520 9519 2.5999255493678732
9521 455 4.851171084504715
9521 452 0.3811974425514543
9522 452 0.2928735770464485
9522 9521 0.41523429580651705
9523 2969 8.76488134148441
9524 2968 6.196712760785747
9525 9526 1.0286400843727124
9526 2974 0.6077147651502224
9526 9525 1.0286400843727124
9526 2973 5.757170923809102
9527 7717 1.4058929653769054
9528 7717 0.8526463979395127
9529 530 1.5502057066106305
9529 7339 11.98940023019648
9530 8498 2.1481786986991556
9531 9532 0.6994231244983007
9531 2963 11.942050445036092
9531 2966 0.7343129163806081
9532 9531 0.6994231244983007
9533 3971 21.809703381395046
9533 9224 5.935644139737032
9533 9225 8.100778166129224