0 10 2.5853486736849645
0 1776 25.805710049544142
1 1776 1.1523632719039432
1 1777 3.6600726318711048
2 1219 22.476862198150197
2 963 15.662382626442653
3 508 9.630255028588765
3 486 7.687010464061617
3 520 13.932643847251935
4 483 5.167104233104841
4 481 5.383258498738172
4 486 7.911797180983244
5 1134 16.74014647079885
5 1423 23.479033404109636
5 127 4.718666221840128
5 1629 6.504325111380823
6 28 26.60085426163575
6 31 11.830752826839369
6 461 4.413328474465163
6 35 9.933059342239346
7 18 6.281662787093126
7 210 17.731201291377893
7 460 12.778083624288657
9 49 0.5057395479812152
10 48 0.5887621050083588
11 1363 0.22109009400063512
11 1222 2.27314397051215
12 613 11.18541070435818
12 141 16.516276025188436
12 988 12.164512699308599
13 590 9.030668961160828
13 567 7.349245866421117
13 1586 3.6572864025676686
14 16 8.842049268396055
14 628 4.991104942236301
14 210 13.911139064561107
15 599 6.402231789184792
15 1006 12.591234550503508
15 209 10.060289353998352
16 51 5.1534633074002025
16 52 3.4650365531357608
16 14 8.842049268396055
17 54 3.321331747385728
17 18 12.46293200779852
17 1114 5.449068035911633
18 7 6.281662787093126
18 17 12.46293200779852
18 144 14.316011507520077
19 20 5.497142588102716
19 54 4.651426359427697
19 1563 4.114581415634265
20 21 1.6448700335902773
20 19 5.497142588102716
21 22 1.1911149003062134
21 20 1.6448700335902773
22 21 1.1911149003062134
23 62 4.049363570475651
23 58 6.3055427647358355
23 205 24.859317599118665
24 1263 10.748734876797664
25 26 3.248923813498615
25 28 16.326843561176496
25 1302 24.389955424436895
26 34 13.25786229062362
26 27 9.550031740805622
27 29 4.1842749413937215
27 28 3.7735645845706376
28 36 11.059689123218226
28 25 16.326843561176496
28 6 26.60085426163575
29 1757 4.4043402863198216
29 50 1.4951097726315552
30 32 3.3724353111830223
30 1086 9.318439518184144
31 32 11.805040491892298
31 6 11.830752826839369
31 1592 14.145195211696432
32 30 3.3724353111830223
32 31 11.805040491892296
32 33 29.745479524095465
33 32 29.745479524095465
34 26 13.25786229062362
35 36 17.660987972548703
35 125 29.63538808713066
35 464 5.4890047220989695
35 6 9.933059342239343
36 473 5.077569526522251
36 35 17.660987972548703
36 472 8.574021434760928
36 28 11.059689123218226
37 38 5.093717659089028
38 475 9.372000152697087
38 1136 3.934128276458416
38 37 5.093717659089028
39 40 2.241459083261434
40 1063 2.8837871142892335
40 41 1.5583814699847867
41 1295 0.5280933337217575
42 43 1.1251462494797229
43 1634 1.3769026270113416
43 1604 2.3668822363766924
44 1041 1.5655499742329455
45 1048 1.955847057585625
45 46 1.2762287944670174
46 1296 0.7739375592174048
47 1046 2.250899707570015
47 44 1.3082780655315878
48 1257 2.6662048224865185
48 9 0.7274597003220397
49 1047 1.7975579321797497
50 29 1.4951097726315552
51 16 5.1534633074002025
52 85 5.136851838948241
52 63 16.288288395693375
52 16 3.4650365531357608
53 85 1.012621894228331
54 17 3.321331747385728
54 55 6.043181753315173
54 19 4.651426359427697
55 54 6.043181753315173
55 146 5.871396174146957
55 88 8.970313840553041
56 61 0.5576265082782086
57 1077 1.3011636953449446
57 331 2.368650877017308
58 23 6.3055427647358355
58 1006 12.620499253343107
58 95 11.201063767806207
59 1079 0.30140662740112356
60 205 2.6354789604852176
61 1076 1.2951101489156216
61 1263 2.8110678401278077
62 59 1.9171299851886263
62 23 4.049363570475651
63 183 11.371230338915614
63 65 2.9544856204987364
63 52 16.288288395693375
64 183 3.556945320315906
65 67 3.498197711548718
65 63 2.9544856204987364
65 66 6.750063108202307
66 65 6.750063108202307
67 65 3.498197711548718
67 68 7.791345321205596
67 1114 7.395467144365351
68 70 1.0009165543730913
68 67 7.791345321205596
68 69 6.281524412341556
69 68 6.281524412341556
70 68 1.0009165543730913
71 8 14.706764353329078
71 929 2.4472188286744796
72 71 1.8923602426713053
73 74 1.4508939335923052
74 79 4.6352239974550935
74 960 1.3772042853811983
75 961 2.587475337145953
75 962 1.2915065459037987
76 77 0.47862189032065783
76 705 3.7864391364045766
77 78 2.1195870465837525
77 73 1.1997071909452572
78 73 1.8655363544675552
78 163 24.48380944503326
79 960 3.712899868645338
79 895 12.502299751136919
80 958 8.268199171305262
80 940 19.3819786043597
80 902 14.314357642691274
81 162 4.733877743045173
81 82 7.90138103816261
81 148 2.0463243599686582
82 957 6.306543027585816
82 1128 4.590241625063357
82 81 7.90138103816261
83 626 4.1019629013867185
83 1086 9.750832860311718
83 851 10.804636268738548
84 72 2.2502939681500105
84 781 9.905838455238712
85 53 1.012621894228331
85 52 5.136851838948241
85 86 0.7739831743924355
86 85 0.7739831743924355
87 146 2.6824953027204104
88 172 3.1269586160250866
88 55 8.970313840553041
88 145 6.6292663746744145
89 1362 29.978619059195857
89 90 4.02459445014354
89 171 7.463506219323457
90 182 1.591429011634913
90 89 4.02459445014354
90 203 30.99675529018613
91 1132 0.38314378282220396
92 1301 2.1078663308574734
92 552 29.34239561780594
93 333 2.116100170313818
93 1426 0.946604247038565
94 1566 26.09239496107145
94 254 2.9986415459633
94 1446 1.758556708713624
95 975 3.3010029530156166
95 102 2.3809078149630865
95 58 11.201063767806207
96 1588 0.9837939690030998
96 1116 14.691599457566355
96 102 20.297261940877462
97 98 4.43694043873608
97 1116 4.475857821272061
97 100 3.7523651150728163
98 936 0.949871996834509
98 937 1.1756133822242254
98 97 4.436940438736079
99 100 4.657234312439168
100 101 1.7688626837640116
100 99 4.657234312439168
100 97 3.7523651150728163
101 100 1.7688626837640116
102 104 8.360135264818071
102 96 20.297261940877465
102 95 2.3809078149630865
103 104 1.2629684548956444
104 102 8.360135264818071
104 103 1.2629684548956444
104 105 5.154142140658295
105 104 5.154142140658295
105 1589 0.7437140753544257
105 1590 0.7055166890694017
106 989 6.038018939229635
106 151 14.709253557193334
106 115 2.915379419576427
107 110 0.971934492187493
107 965 6.680374709795389
107 520 25.50788886830253
108 965 21.005838577549888
108 129 56.631783050691865
109 129 3.8440627918968677
109 466 3.295074490278104
109 472 0.9546429081022567
110 107 0.971934492187493
110 534 27.9253051936135
111 853 3.464398947620888
111 556 6.549366558799558
111 943 12.334237603695179
112 872 1.8709087786631544
112 113 4.2064630330286334
112 1699 4.155401540180991
113 877 1.9070798288834
113 112 4.2064630330286334
113 1697 6.076061337185186
114 539 4.827649181004962
114 116 17.078003214105678
114 211 22.170842329922472
115 636 6.56951896747981
115 961 13.369009123356056
115 106 2.915379419576427
116 117 7.483349052533738
116 114 17.07800321410568
116 531 9.607174884027634
117 119 3.2415726750500524
117 120 3.8536125498168587
117 116 7.483349052533738
118 1475 0.5925025088718304
118 119 3.040146163263789
118 1474 1.7459319076882154
119 1193 1.8041604702876874
119 117 3.2415726750500524
119 118 3.040146163263789
120 117 3.8536125498168587
120 1625 0.35610752623712094
120 1352 2.137525247729992
121 778 16.649493635996674
121 1128 8.943772199274372
121 730 12.131302150887862
122 778 24.841119025512764
122 756 11.786134486759071
122 123 12.70536409592732
123 775 3.1314739074384095
123 774 12.881594057088616
123 122 12.705364095927322
124 1305 64.4406114518357
124 733 27.921510605473436
124 766 5.419632398687586
125 889 17.48013802787608
125 463 14.345540733609475
126 1123 1.5969301684918924
126 1509 0.3278334213793027
126 942 4.84745064620915
127 128 15.690911521840498
127 1135 3.6746287743828034
127 5 4.718666221840128
128 129 8.773821838613488
128 467 3.4864609784896285
129 109 3.8440627918968677
129 469 16.742122178818978
129 108 56.63178305069185
130 336 10.842134275433958
130 1297 9.473725382538975
130 131 6.183058967847889
130 1212 4.909069549019676
131 1366 0.2684940762774822
131 132 11.128300912189498
131 130 6.18305896784789
132 131 11.128300912189498
132 334 14.340549548524715
132 224 10.067261111217851
133 378 5.767098857587154
133 384 9.323685867304759
133 1174 9.36679047848198
134 395 4.059138509975291
134 384 5.770345569979899
134 419 4.88544139276979
135 413 2.8108418890177957
135 405 5.4996260227708245
135 411 8.660844353146215
136 423 4.03960189154087
136 458 8.779117045853802
136 431 3.7583598017426034
137 458 3.833070802364706
137 441 11.72172871544979
137 427 8.17684231709666
138 452 11.660504174772184
138 441 21.105068474379244
138 449 4.006019095497526
139 456 8.152905005997178
139 140 7.453774287748711
140 988 4.015008051731539
140 139 7.453774287748711
140 986 13.99429887068946
141 1113 4.33514027745076
141 814 10.729056093895268
141 12 16.516276025188436
142 837 3.311525034496232
142 838 6.681880995237328
142 831 13.169688952172145
143 840 6.828996122712431
143 226 7.916380547550577
143 202 9.746371315452535
144 147 9.346413675946863
144 18 14.316011507520077
144 201 11.276551927182371
145 147 16.530896852026284
145 177 8.403566721642745
145 88 6.6292663746744145
146 55 5.871396174146957
146 87 2.6824953027204104
146 147 6.202816290683203
147 145 16.530896852026284
147 144 9.346413675946863
147 146 6.202816290683203
148 958 4.789836022913646
148 149 3.43544869303204
148 81 2.0463243599686582
149 732 19.60905175484418
149 148 3.43544869303204
149 1517 4.443577788784566
150 151 2.6787084372057834
150 729 4.124631392809645
150 733 7.4107079361395565
151 150 2.6787084372057834
151 152 5.505509348379069
151 106 14.709253557193332
152 734 11.149336576855765
152 151 5.505509348379069
152 1029 2.6769653264116484
153 723 3.4098003612933274
153 718 8.200851027051886
153 734 12.737835036272335
154 722 11.20487065204853
154 701 9.806895335056875
155 701 2.7582072784285803
155 1181 2.901528833837693
155 636 8.59076161703312
156 643 15.65145305572032
156 632 6.364208244516109
156 1181 3.9439756507960895
157 158 1.8155946535052627
157 752 5.3950315424373905
157 737 15.83670577472004
158 748 6.243582974775537
158 157 1.8155946535052627
158 740 14.249814344159612
159 463 1.7394071920069438
159 748 13.785893806680246
159 1123 14.168327577914472
160 915 4.980778270693423
160 1512 2.7005066318514257
160 890 6.3454330616429315
161 162 9.59725446972996
161 955 7.741984643525136
161 957 10.071440662847332
162 81 4.7338777430451735
162 161 9.59725446972996
162 958 9.695411688501162
163 78 24.483809445033256
163 164 4.5750748235339405
163 781 8.757912460813385
164 693 5.200486285437386
164 165 7.045806874820118
164 163 4.5750748235339405
165 674 4.412156215264792
165 692 11.875321323514935
165 164 7.045806874820118
166 1085 3.305199725522652
166 645 3.730151877718831
166 643 4.756688410228783
167 1544 2.3529842125456644
167 681 5.6989585670226255
167 1645 0.5630081193514521
168 676 5.787975769223121
168 1057 5.699058090968897
168 1546 3.4506629744710593
169 1374 0.6171714408182337
170 1374 3.1565241720022357
170 181 9.210905818127575
170 177 9.117080911935854
171 1375 5.2445292247180335
171 89 7.463506219323457
171 181 7.958339758579125
172 88 3.1269586160250866
173 1377 0.3369373864970494
174 175 3.13199496463638
174 1377 1.4109400642422336
174 1754 4.983953008782596
175 174 3.13199496463638
175 1376 9.582049392386029
175 176 8.837653996480773
176 177 5.908963561147928
176 175 8.837653996480773
176 1383 5.862741992869892
177 176 5.908963561147929
177 170 9.117080911935854
177 145 8.403566721642745
178 1376 0.6108587627537639
179 1383 3.558739358009465
180 1380 1.5600107290927667
181 1380 14.479013997791625
181 171 7.958339758579125
181 170 9.210905818127575
182 90 1.591429011634913
182 208 3.854993328887492
182 195 11.07828387878551
183 64 3.556945320315906
183 63 11.371230338915614
183 184 2.0832683077064105
184 183 2.0832683077064105
185 188 3.7215650122316863
186 1384 3.8341715853975535
187 1385 0.8633547773794998
187 1211 0.7912714145973537
187 189 6.573746091998365
188 189 2.1504446030282423
188 185 3.7215650122316863
188 1293 20.566731398801757
189 188 2.1504446030282423
189 187 6.573746091998365
189 1384 9.739555132959755
190 200 5.729365944054096
190 191 7.1806840148206
190 195 7.459009346154144
191 193 4.146797521178319
191 190 7.1806840148206
191 192 6.753219774943792
192 191 6.753219774943792
193 1387 3.6342049321876204
193 191 4.146797521178319
193 194 7.567956925333348
194 193 7.567956925333348
195 190 7.459009346154144
195 182 11.07828387878551
195 199 6.573013402179912
196 551 1.8712921857443694
197 1156 0.8405251886214681
198 199 7.098174357702818
199 551 6.992586263842538
199 195 6.573013402179912
199 198 7.098174357702818
200 190 5.729365944054096
201 144 11.276551927182371
201 202 1.3233130848410921
202 143 9.746371315452539
202 203 0.9129146897617155
203 90 30.99675529018613
203 201 1.3431972769461538
204 1362 0.2841582537551493
205 60 2.6354789604852176
205 23 24.859317599118665
205 964 21.544798749427933
206 974 0.7419359047443931
206 964 11.217540559399813
206 973 1.3204575652486974
207 971 0.9357549483939485
207 972 1.4405122334355656
207 964 10.732385055280274
208 182 3.854993328887492
208 336 11.387108742965033
208 1118 8.985585681172042
209 330 3.646989322101903
209 337 5.022090169984977
209 15 10.060289353998352
210 603 15.456847902875397
210 14 13.911139064561107
210 7 17.731201291377893
211 114 22.170842329922472
211 534 14.878810628846832
211 1274 17.127610165116877
212 1391 2.9124609464939892
212 1392 7.211358381878993
212 213 6.559504643616074
213 215 6.601116825983265
213 214 7.344221659404266
213 212 6.559504643616074
214 213 7.344221659404266
214 221 8.69266937464654
214 219 9.355896828727731
215 213 6.601116825983265
216 220 9.523299440781944
217 1389 9.221685119107288
217 220 6.771462877615141
217 219 5.665929563005692
218 1160 5.348015596481402
218 1371 7.593333993761252
218 1372 5.890062266759682
219 1160 0.5957161703721223
219 217 5.665929563005692
219 214 9.355896828727731
220 1390 3.7161158456866494
220 216 9.523299440781944
220 217 6.771462877615143
221 278 6.147667238422723
221 214 8.692669374646542
221 1173 17.023120404524033
222 223 9.056679886251333
222 1365 5.8891421017218715
222 224 5.0453999668486595
223 222 9.056679886251334
224 278 8.3901501833078
224 222 5.045399966848659
224 132 10.067261111217853
225 226 10.160928413201237
226 225 10.160928413201239
226 143 7.9163805475505775
226 1007 6.166766896828224
227 228 4.398112306852293
228 227 4.398112306852293
228 230 9.382097595784506
228 229 5.71041006888483
229 228 5.71041006888483
230 228 9.382097595784506
230 243 11.263249568777226
230 1175 11.007781637214583
231 232 0.9500928734533002
232 231 0.9500928734533002
232 233 2.3756989808405713
232 234 4.315744539552315
233 232 2.3756989808405713
234 235 5.651259488874483
234 232 4.315744539552315
234 236 6.716193299066454
235 234 5.651259488874483
235 278 6.148289784714686
235 277 2.5958530152013584
236 234 6.716193299066454
237 238 10.69877092628453
238 237 10.69877092628453
238 243 7.806179331300106
238 239 3.1545258375208842
239 1337 4.461658965642071
239 238 3.1545258375208842
239 241 6.096297551818471
240 1335 1.2792975900136814
240 1334 0.9119720939024442
240 241 2.9651081590188983
241 240 2.965108159018899
241 239 6.096297551818471
241 1432 2.6037979782153218
242 1432 1.5328279630029567
243 238 7.806179331300106
243 1120 2.176282974411171
243 230 11.263249568777228
244 248 0.8180316591924296
245 246 3.3562938691410937
246 245 3.3562938691410937
246 248 7.4035251733700544
246 247 4.079107758164297
247 246 4.079107758164296
247 255 6.525798067851319
247 1157 14.26045154766067
248 244 0.8180316591924296
248 1170 5.146897138583864
248 246 7.403525173370055
249 255 2.1502432411208887
249 1171 12.169726853046614
249 252 8.03624633481535
250 251 3.24419440886868
251 252 3.507744899387691
251 1158 4.579916568816805
251 250 3.24419440886868
252 251 3.507744899387691
252 256 6.91314079204901
252 249 8.03624633481535
253 254 8.186996914475404
254 253 8.186996914475403
254 256 7.348766387138611
254 94 2.9986415459633
255 249 2.1502432411208887
255 247 6.525798067851319
255 1155 11.06847808032894
256 252 6.91314079204901
256 1007 9.334092048256341
256 254 7.348766387138611
257 1229 0.8712730726258825
258 1224 4.648496034923128
259 1224 0.636635445093869
260 1228 0.46339855070064934
261 1225 11.379719846926266
262 1233 11.1176590911639
263 1121 14.372506686715003
263 1221 7.100836650037523
263 1226 6.9625573118752255
264 1395 0.8599955634228126
265 266 2.523805809773208
265 1333 4.518548809356769
266 267 5.333108580055056
266 265 2.523805809773208
267 266 5.333108580055056
267 268 6.274382161310269
267 1331 3.397900420638994
268 267 6.274382161310269
268 276 3.786101963538429
268 270 7.026901753466109
269 270 8.071084435165066
270 274 3.6982117157960097
270 269 8.071084435165066
270 268 7.026901753466109
271 1328 1.1523750452004522
272 274 4.037289214105289
272 275 2.2925621956223647
272 1328 6.136818536437237
273 274 10.616988738135396
274 270 3.6982117157960097
274 272 4.037289214105289
274 273 10.616988738135396
275 272 2.2925621956223647
276 277 2.22961379928314
276 268 3.786101963538429
277 276 2.22961379928314
277 235 2.5958530152013584
278 221 6.147667238422723
278 224 8.3901501833078
278 235 6.148289784714687
279 1317 5.21955845861313
280 1317 5.974504861659409
281 1346 0.7120710168113539
282 1346 3.9784893924382305
282 1343 0.9859480984834111
282 283 3.96877092609978
283 282 3.968770926099781
283 1348 3.4801753860257754
283 286 7.2715565141718495
284 1350 3.5318834459155566
284 286 4.707440156518303
284 285 5.595339640600447
285 284 5.595339640600447
285 335 9.03849250298251
285 1317 6.363775356582236
286 287 9.893883039841866
286 284 4.707440156518303
286 283 7.2715565141718495
287 286 9.893883039841864
287 291 3.6283732467847436
287 295 5.607608044965442
288 1339 2.576692385911307
289 1339 2.5224331564608504
289 291 5.857347622936345
289 290 2.090145515942002
290 289 2.090145515942002
291 289 5.857347622936344
291 552 5.868479727079162
291 287 3.6283732467847436
292 293 0.6759390905890624
293 292 0.6759390905890624
293 1318 0.9525578688317926
293 294 14.075874991469624
294 293 14.075874991469624
294 295 7.254624557237382
294 1265 8.906188275419629
295 294 7.254624557237382
295 287 5.607608044965441
295 321 11.064652386031009
296 297 0.7047714121110196
297 296 0.7047714121110196
297 298 11.63730003897596
297 1264 4.1101585897026585
298 297 11.637300038975962
298 301 8.445768912839165
298 1323 5.435692941939843
299 300 0.8324688284322675
300 299 0.8324688284322675
300 1322 0.7630306407773608
300 301 6.615514909457292
301 300 6.615514909457292
301 308 2.693891216245476
301 298 8.445768912839164
302 1326 11.609277866687762
302 308 7.1046417457543845
302 304 8.406190781307114
303 304 7.5846691807518285
304 302 8.406190781307114
304 306 8.309109569495407
304 303 7.5846691807518285
305 306 7.040238500890739
306 305 7.040238500890739
306 304 8.309109569495407
306 307 12.643207579996252
307 306 12.643207579996252
308 302 7.1046417457543845
308 311 2.8771922620458477
308 301 2.693891216245476
309 310 0.6091212574325325
310 309 0.6091212574325325
310 311 5.060501878244257
310 1342 0.8502521774839399
311 310 5.060501878244257
311 313 8.016825489027209
311 308 2.8771922620458477
312 1320 0.4673522619300762
313 1320 4.75847923328011
313 315 7.538625396571804
313 311 8.016825489027209
314 1340 0.7237102834160962
315 1340 7.057429146006536
315 320 4.283140830417024
315 313 7.538625396571804
316 319 7.529601593545527
317 318 7.618907685611538
318 319 6.0459179179435845
318 317 7.618907685611538
318 320 8.888635553308974
319 1327 2.2878199756990782
319 318 6.0459179179435845
319 316 7.529601593545527
320 318 8.888635553308974
320 321 10.031369077012123
320 315 4.283140830417025
321 1319 13.276857591729181
321 295 11.064652386031005
321 320 10.031369077012123
322 324 2.8745199509968256
323 323 5.333928078569045
323 324 9.472397005582453
324 322 2.8745199509968256
324 1570 8.452263790053674
324 323 9.472397005582453
325 1570 4.637067366379046
325 332 24.036767681567337
325 1572 4.0208624677941645
326 327 4.094544354970651
327 1576 4.708302958082823
327 328 22.68682983893229
327 326 4.094544354970651
328 980 6.893137497102507
328 327 22.686829838932283
328 624 14.2435543970464
329 330 7.069153478753854
329 337 2.171635253177696
329 984 15.661431646277856
330 329 7.069153478753854
330 980 18.03519741483425
330 209 3.6469893221019025
331 1077 2.1310451297693263
331 338 18.970485263684925
332 1425 2.597661359794669
332 325 24.036767681567337
333 1596 3.866977127974837
333 1426 2.078372469035329
334 1336 0.9850052091812433
334 132 14.340549548524717
334 1292 5.744255308016345
335 285 9.03849250298251
336 208 11.387108742965033
336 130 10.842134275433954
336 1168 2.838761658130829
337 329 2.171635253177696
337 209 5.022090169984977
337 628 17.177573853423876
338 331 18.97048526368492
338 1393 22.753178187358298
338 926 7.722195674154409
339 1310 1.9055006658620666
339 343 4.063628526085989
339 1060 7.004653980023125
340 1095 3.8935478503378445
340 1310 4.3094318796476605
340 341 4.334505410635185
341 1108 3.102645283976769
341 1468 9.527653976290518
341 340 4.334505410635185
342 372 8.012611473247388
342 369 7.38767344082961
342 1209 8.658279554930882
343 339 4.063628526085989
343 366 15.48132753002804
343 371 3.879860852670869
344 345 3.3080488002781006
344 365 4.015495842530986
344 1288 4.643584170741743
345 349 16.596762252558502
345 344 3.3080488002781006
345 991 5.011764166995844
346 1101 5.503678839232655
346 550 7.800651716113259
346 349 16.02129106439728
347 549 4.860625662847164
347 373 12.684369389808188
347 348 11.874687573074656
348 550 1.6633322937346344
348 1143 3.290593190212219
348 347 11.874687573074658
349 350 12.594095048648205
349 346 16.02129106439728
349 345 16.596762252558502
350 1103 7.854138911111591
350 355 2.9584229141315435
350 349 12.594095048648205
351 45 1.6152129231266517
352 359 2.2845134150960966
352 351 2.150934987126241
353 363 1.3107007784713778
353 1735 3.5161190038095427
353 1063 3.09041946104927
354 1444 5.199241404901758
354 373 6.567883181983501
354 357 2.9278265167882758
355 1037 6.895879327841781
355 356 4.015557323045484
355 350 2.9584229141315435
356 1103 9.161238723275192
356 370 5.776040827728774
356 355 4.015557323045483
357 358 6.138679084845657
357 354 2.9278265167882758
357 364 4.34631378771213
358 1097 4.80207772979471
358 357 6.138679084845657
358 1139 4.6878451449874845
359 1066 3.960096224460771
359 352 2.2845134150960966
359 367 4.891650335931023
360 1046 7.221862481535591
360 361 6.3626282905281215
360 1448 10.863794784232429
361 360 6.3626282905281215
361 1304 8.429026723404599
361 362 3.9799952941072645
362 1042 3.891875213994537
362 361 3.979995294107265
362 1451 3.568485617185472
363 353 1.3107007784713778
363 1138 3.917347889767732
363 364 10.8322197451865
364 1444 23.307154983497806
364 357 4.34631378771213
364 363 10.8322197451865
365 344 4.015495842530986
365 366 2.3175933369164787
365 1062 4.815764431039651
366 365 2.3175933369164787
366 343 15.481327530028043
366 1240 7.629553043631081
367 368 2.277791224129705
367 359 4.891650335931023
367 1035 5.465844134278946
368 367 2.277791224129705
368 1034 0.48865996881927276
368 1003 5.950682364369305
369 342 7.38767344082961
369 1306 3.076673792243216
369 1090 5.603900619598848
370 1002 0.221582640651215
370 1072 4.127844874603824
370 356 5.776040827728774
371 1287 2.736617242524848
371 343 3.879860852670869
371 1061 5.228792209684977
372 1061 0.7831207512821834
372 1091 3.6730332367914857
372 342 8.012611473247388
373 347 12.684369389808188
373 354 6.567883181983501
373 1444 12.517938667145891
374 386 10.130369800207024
375 376 6.8048492394282984
375 386 2.8257480988526624
375 387 8.870474692205947
376 377 2.8541572550826437
376 375 6.8048492394282984
376 1183 6.1094644208589495
377 378 4.869238394909375
377 376 2.8541572550826437
377 388 5.824311920144703
378 133 5.767098857587154
378 377 4.869238394909375
378 389 5.551704635694899
379 391 10.924479977679528
380 381 5.332505457829139
380 391 4.7950043331804695
380 1182 16.095940024830035
381 382 2.993911808425165
381 380 5.332505457829139
381 392 5.702779606100021
382 393 1.737016595657761
382 383 1.8273076458073196
382 381 2.993911808425165
383 384 7.177074801141541
383 382 1.8273076458073196
383 394 5.427546569222238
384 383 7.17707480114154
384 134 5.770345569979898
384 133 9.323685867304759
385 386 6.465605356642137
386 375 2.8257480988526624
386 374 10.130369800207024
386 385 6.465605356642136
387 375 8.87047469220595
388 377 5.824311920144703
389 378 5.551704635694899
390 391 7.019409167296363
391 380 4.795004333180471
391 379 10.924479977679528
391 390 7.019409167296363
392 381 5.702779606100021
393 382 1.737016595657761
394 383 5.427546569222238
395 134 4.059138509975291
395 398 2.965475824699627
396 398 7.2603895804455165
397 398 10.350656328474402
398 396 7.2603895804455165
398 397 10.350656328474402
398 395 2.965475824699627
399 400 12.472731817998662
400 399 12.47273181799866
400 402 5.468204056338258
400 419 3.7621516589167294
401 402 10.909610323494677
402 401 10.909610323494675
402 404 5.858107585968166
402 400 5.468204056338257
403 404 4.305344200707455
404 403 4.305344200707455
404 413 4.648542534747603
404 402 5.858107585968166
405 135 5.4996260227708245
406 407 5.723395350690143
407 408 7.473086883370205
407 406 5.723395350690144
407 409 7.785081216067771
408 411 2.7529821157624492
408 407 7.473086883370205
408 423 6.7306903154304285
409 407 7.785081216067771
410 411 4.243042512228738
411 408 2.7529821157624492
411 410 4.243042512228738
411 135 8.660844353146215
412 416 9.171937687583812
413 135 2.8108418890177957
413 416 4.753380025789919
413 404 4.648542534747603
414 415 3.850735788601877
415 416 2.081624340915103
415 414 3.850735788601877
415 417 3.2217985651813095
416 415 2.081624340915103
416 413 4.7533800257899195
416 412 9.17193768758381
417 415 3.2217985651813095
418 421 11.069040621582015
419 421 4.212111397265115
419 400 3.7621516589167294
419 134 4.88544139276979
420 421 4.7241805713498115
421 419 4.212111397265115
421 418 11.069040621582017
421 420 4.7241805713498115
422 425 10.728429796425408
423 136 4.03960189154087
423 408 6.7306903154304285
423 425 9.261821683213112
424 425 4.583950048211583
425 423 9.261821683213112
425 422 10.728429796425406
425 424 4.583950048211583
426 429 5.353512668346976
427 137 8.17684231709666
427 435 5.66988777619814
427 429 3.1867041586627907
428 429 2.5880973445510134
429 428 2.5880973445510134
429 427 3.1867041586627907
429 426 5.353512668346976
430 431 2.655053260742762
431 430 2.655053260742762
431 436 2.2309844665829623
431 136 3.7583598017426034
432 433 3.544680418740771
433 432 3.544680418740771
433 434 17.63241107563465
433 436 4.0095323790038995
434 437 1.1314958956305505
434 435 4.102490290236349
434 433 17.63241107563465
435 427 5.66988777619814
435 436 8.195068324010764
435 434 4.102490290236349
436 435 8.195068324010766
436 431 2.2309844665829623
436 433 4.009532379003899
437 434 1.1314958956305505
438 440 3.906176213390461
439 440 2.524213163773617
440 439 2.524213163773617
440 438 3.906176213390461
440 443 7.74403853627418
441 138 21.10506847437924
441 137 11.72172871544979
441 443 3.9581259814263534
442 443 10.902606628717916
443 441 3.9581259814263534
443 440 7.74403853627418
443 442 10.902606628717916
444 445 7.204965467498795
445 1148 2.242612512717232
445 446 8.036149491140886
445 444 7.204965467498795
446 449 5.041419913497597
446 447 6.8977895016419835
446 445 8.036149491140886
447 446 6.8977895016419835
448 449 8.148997193896133
449 446 5.041419913497597
449 448 8.148997193896133
449 138 4.006019095497526
450 451 3.8930171932341824
451 1213 3.2556268632220067
451 452 3.899301303167727
451 450 3.8930171932341824
452 456 4.180829600527723
452 138 11.660504174772184
452 451 3.899301303167727
453 454 5.86806710467493
454 453 5.86806710467493
454 456 7.5581600855964215
454 455 3.2387877564403134
455 454 3.2387877564403134
456 139 8.152905005997178
456 452 4.180829600527723
456 454 7.558160085596423
457 458 6.29782498217069
458 137 3.833070802364706
458 136 8.779117045853802
458 457 6.297824982170689
459 460 7.788022642381075
460 459 7.788022642381075
460 7 12.778083624288657
460 610 4.031835575293237
461 1477 14.974089563005933
461 6 4.413328474465164
461 462 4.406283204422069
462 461 4.406283204422069
463 159 1.7394071920069438
463 1477 3.9410536664871834
463 125 14.345540733609472
464 1135 0.346211504036948
464 35 5.4890047220989695
465 1135 20.225572561015166
466 109 3.2950744902781044
467 1723 7.808350215674087
467 1724 5.031466465098816
467 128 3.4864609784896285
468 1723 0.8411895618848584
469 471 6.408182273357057
469 129 16.742122178818978
469 470 6.827542319763279
470 469 6.827542319763279
471 473 10.506621843123158
471 472 5.779590072578497
471 469 6.408182273357057
472 471 5.779590072578496
472 109 0.9546429081022567
472 36 8.57402143476093
473 475 3.4298193614550425
473 36 5.07756952652225
473 471 10.506621843123158
474 475 18.456523824214543
475 474 18.456523824214543
475 473 3.4298193614550425
475 38 9.372000152697087
476 478 5.6747819090789084
476 1136 4.651156579897006
476 1354 1.7329877250487982
477 1354 2.0475506448460936
478 476 5.6747819090789084
479 1528 2.96709300526804
479 1086 10.467817260985955
479 1527 2.998110646528762
480 1427 1.124653686447737
481 482 13.333190102820778
481 1629 8.974121051732203
481 4 5.383258498738172
482 481 13.333190102820778
483 491 3.7584953862539945
483 4 5.167104233104841
483 492 5.99326735960602
484 485 4.757113569854836
484 490 2.0394541327968696
484 491 2.533752614570363
485 486 6.852367307142698
485 484 4.757113569854837
485 509 5.046202052200769
486 485 6.852367307142698
486 4 7.911797180983245
486 3 7.687010464061617
487 488 9.847722954283217
487 510 7.11344985542671
487 496 6.923980811481925
488 500 6.146092804317633
488 487 9.847722954283217
488 490 16.75069055010144
489 500 2.8669999313507137
489 494 7.152005501510815
489 497 9.672051985404845
490 491 2.3502001585299377
490 484 2.0394541327968696
490 488 16.75069055010144
491 490 2.3502001585299377
491 483 3.7584953862539945
491 484 2.533752614570363
492 494 9.08444762438172
492 483 5.99326735960602
492 493 6.369572656775956
493 492 6.369572656775956
494 489 7.152005501510815
494 495 5.282759702438715
494 492 9.08444762438172
495 494 5.282759702438715
496 487 6.923980811481925
497 489 9.672051985404845
497 501 32.83994100017056
497 498 6.709352348449465
498 1478 1.101378067580277
498 499 2.657204281603984
498 497 6.709352348449465
499 498 2.657204281603984
500 489 2.8669999313507137
500 488 6.146092804317633
500 503 6.688351179339886
501 503 0.4931839135931991
501 502 4.2840611269179245
501 497 32.83994100017056
502 501 4.2840611269179245
503 500 6.688351179339886
503 501 0.4931839135931991
503 504 5.967969270406157
504 503 5.967969270406157
504 506 3.715460845535727
504 505 4.257929566979757
505 504 4.257929566979757
506 504 3.715460845535727
507 508 2.451916873581672
508 507 2.451916873581672
508 3 9.630255028588765
508 509 5.956162396880364
509 512 7.710711592895807
509 485 5.046202052200769
509 508 5.956162396880364
510 512 7.116485196955731
510 487 7.11344985542671
510 511 7.330837298718387
511 510 7.330837298718387
512 509 7.710711592895807
512 510 7.116485196955731
512 513 9.495408456642181
513 512 9.495408456642181
514 1488 0.8085925913787625
515 516 3.630131976089588
515 1199 2.833285046927456
515 522 7.2942194143053705
516 1197 4.663194876010442
516 515 3.630131976089588
516 518 5.401160933946929
517 518 1.2395016053504124
518 517 1.2395016053504124
518 1489 4.581655895572798
518 516 5.401160933946929
519 1494 1.0679767791305137
520 524 5.4349581446476
520 3 13.932643847251935
520 107 25.507888868302533
521 1494 3.504234648470244
521 522 6.094310345036322
521 523 4.243113244025958
522 521 6.094310345036323
522 524 3.8739028077784137
522 515 7.2942194143053705
523 1491 1.6074154871993045
523 1492 0.966740078256631
523 521 4.243113244025958
524 522 3.8739028077784137
524 520 5.4349581446476
524 525 8.607678205026913
525 524 8.607678205026914
525 528 1.8811314363516909
525 527 10.382087016143508
526 1203 1.3703056823008368
526 1202 2.4256826042574997
526 527 7.078499346623039
527 1486 0.9396315974554622
527 525 10.382087016143508
527 526 7.07849934662304
528 1483 3.5317902915144015
528 525 1.8811314363516909
528 1200 7.439131497089568
529 1483 0.6262795983262922
530 1481 0.9259900094404454
531 1472 4.297481252852575
531 116 9.607174884027634
531 1684 40.17063948977827
532 1472 4.343857285463276
532 533 4.021557967295788
532 1688 0.7163339166043526
533 532 4.021557967295788
533 1473 2.632835936751669
533 1413 1.8421427632249971
534 110 27.9253051936135
534 211 14.878810628846832
534 535 4.854405021497191
535 536 12.562948971496718
535 534 4.854405021497191
535 540 3.907436513545796
536 537 10.636985792861818
536 535 12.562948971496716
536 543 11.136757005210654
537 538 6.823114397201375
537 536 10.636985792861818
537 544 7.384030134383877
538 539 6.217324642085221
538 537 6.823114397201376
538 548 5.740665641259079
539 114 4.827649181004961
539 880 2.8271726752958344
539 538 6.217324642085219
540 541 17.07725209859906
540 535 3.907436513545796
540 542 17.09985192510423
541 1718 0.6044993781758526
541 1717 0.6465865790973517
541 540 17.07725209859906
542 1706 0.8160906698326854
542 1707 0.6682424855989738
542 540 17.099851925104225
543 536 11.136757005210653
544 545 5.785577092497364
544 537 7.384030134383877
544 1705 8.786384525499892
545 544 5.785577092497364
545 1266 1.4552753399926623
545 546 6.29586132104943
546 547 2.6828756485093437
546 1695 0.6151361280636704
546 545 6.29586132104943
547 546 2.6828756485093437
548 1419 0.621647066103386
548 1704 0.6418509034681358
548 538 5.740665641259079
549 550 16.580919610155973
549 990 8.605785113947999
549 347 4.860625662847164
550 348 1.6633322937346344
550 346 7.800651716113259
551 196 1.8712921857443694
551 199 6.992586263842538
551 1156 13.072086420821824
552 291 5.868479727079162
552 1572 30.751119205368326
552 92 29.34239561780594
553 890 6.277718142609153
553 1515 4.917059540380895
553 1516 6.530783073156672
554 882 2.146097409562565
554 853 2.3310276191202965
554 555 9.236587754578807
555 859 9.855744273550833
555 554 9.236587754578808
555 854 4.513523596874246
556 557 1.6895745208748802
556 1509 11.650688543316326
556 111 6.5493665587995595
557 556 1.6895745208748802
557 1124 7.157164938363683
557 1252 12.829232073608436
558 573 3.841976422697474
558 617 11.695596646136206
558 560 6.341192459789979
559 1575 2.5738353459682313
560 1575 0.5686590481564557
560 558 6.341192459789979
560 563 3.029403951135303
561 1575 11.25998037818217
561 562 8.81525028965184
561 1191 6.045047182106242
562 561 8.81525028965184
563 618 8.043369528285936
563 560 3.029403951135303
563 564 3.801970527990998
564 565 1.2215263419621383
564 566 6.793962940990569
564 563 3.801970527990998
565 564 1.2215263419621383
566 564 6.793962940990569
567 13 7.349245866421117
567 573 8.91654243643032
567 571 6.688276574186313
568 569 6.9180493031944
569 585 5.438090617898756
569 568 6.9180493031944
569 583 5.982650106326289
570 585 1.3400087977223918
570 571 3.7361606284614486
570 582 4.463692703266392
571 567 6.688276574186313
571 570 3.7361606284614486
571 572 5.479414256238994
572 571 5.479414256238994
573 558 3.841976422697474
573 567 8.91654243643032
573 581 5.333493286252069
574 577 8.011720597607846
575 581 2.8971606626074338
575 579 3.5745843682303606
575 622 5.275161972375855
576 577 5.832222841448852
577 579 1.8640784389893437
577 574 8.011720597607846
577 576 5.832222841448851
578 579 6.529829717657185
579 577 1.8640784389893437
579 575 3.5745843682303606
579 578 6.529829717657185
580 581 4.8579723336737795
581 573 5.333493286252069
581 575 2.8971606626074338
581 580 4.8579723336737795
582 1188 1.2058254688578758
582 1187 1.0753653379772663
582 570 4.463692703266392
583 569 5.982650106326289
584 585 5.1501121641724525
585 570 1.3400087977223918
585 569 5.438090617898756
585 584 5.1501121641724525
586 1401 6.30086954259477
586 590 5.820930578524713
586 589 13.108106254269094
587 589 4.279894183304307
588 589 3.6864831372934734
589 588 3.6864831372934734
589 587 4.279894183304307
589 586 13.108106254269094
590 586 5.820930578524713
590 13 9.030668961160828
590 1146 4.403995533018794
591 591 12.394275257964408
591 1584 3.26297535303708
592 599 13.319831086425957
592 1401 18.78696960528445
592 593 6.214691247853047
593 1578 1.6677948353447711
593 592 6.214691247853047
593 597 7.00164156991459
594 595 2.857379574797488
594 1578 4.197514788567241
594 596 3.9801299040461076
595 594 2.857379574797488
596 594 3.9801299040461076
597 598 2.606306646363862
597 1580 3.2697398211060773
597 593 7.00164156991459
598 597 2.606306646363862
598 1580 5.442603916871818
598 1582 5.272470729515089
599 15 6.402231789184792
599 592 13.319831086425957
599 600 14.561496866336157
600 601 18.33037590001974
600 599 14.561496866336157
600 602 12.565658178854584
601 600 18.33037590001974
602 600 12.565658178854584
603 1574 7.035554448872386
603 210 15.456847902875396
603 609 3.2286582148170107
604 605 1.8154155145306352
604 1574 5.343383480998949
604 1189 2.4463804566275322
605 604 1.8154155145306352
605 606 4.864211000867984
605 1190 7.95132626700718
606 607 1.5619058125842575
606 608 2.5180299045839885
606 605 4.864211000867984
607 606 1.5619058125842575
608 606 2.5180299045839885
609 603 3.2286582148170107
610 611 10.101434623904028
610 460 4.031835575293236
610 1113 7.122734976755092
611 610 10.101434623904028
612 613 16.222378150026213
613 617 1.0314883592438506
613 12 11.185410704358182
613 612 16.222378150026216
614 616 2.9124425541950516
615 616 2.6975785483205135
616 614 2.9124425541950516
616 615 2.6975785483205135
616 1147 3.659446623339729
616 617 4.629462923414674
617 613 1.0314883592438506
617 558 11.695596646136206
617 616 4.629462923414674
618 563 8.043369528285938
619 623 2.9640912757616866
619 620 6.408584501595025
619 631 4.372581891859853
620 1586 2.777160445080612
620 619 6.408584501595025
620 621 6.1866627038604065
621 620 6.1866627038604065
622 575 5.275161972375855
623 619 2.9640912757616866
624 625 5.442931876330376
624 976 7.1296644191310445
624 328 14.243554397046404
625 624 5.442931876330376
626 83 4.1019629013867185
626 1526 1.9004929859753772
626 627 2.7201365601752037
627 626 2.7201365601752037
628 629 4.39646521612302
628 337 17.177573853423876
628 14 4.991104942236301
629 1165 22.76340016299978
629 628 4.39646521612302
629 630 3.748532995499258
630 629 3.748532995499258
631 619 4.372581891859853
632 641 10.775643117171192
632 633 4.360090379631485
632 156 6.364208244516109
633 634 4.410283595555837
633 1554 11.967783611864016
633 632 4.360090379631484
634 1643 1.7965006349636545
634 635 10.537887681800491
634 633 4.410283595555837
635 637 3.0302402456332405
635 636 14.325041179686387
635 634 10.537887681800491
636 635 14.32504117968639
636 115 6.56951896747981
636 155 8.59076161703312
637 635 3.0302402456332405
638 1643 0.28157947898385516
639 1554 1.4166635571447603
640 641 2.2260614347966414
641 1550 0.9914265015897413
641 640 2.2260614347966414
641 632 10.775643117171192
642 643 6.978928175032733
643 642 6.978928175032733
643 166 4.756688410228782
643 156 15.651453055720317
644 645 9.741768093196065
645 644 9.741768093196065
645 652 5.845760068931152
645 166 3.730151877718831
646 668 5.203542854447471
646 647 4.795348193550317
646 1057 6.58342977847932
647 687 3.8884908071517166
647 648 4.927299224823689
647 646 4.795348193550317
648 647 4.927299224823689
648 665 7.1691424175687395
648 649 6.047767044551626
649 662 4.871234705886891
649 650 6.666540920851418
649 648 6.047767044551625
650 683 5.537156057017373
650 651 5.0737665362780175
650 649 6.666540920851416
651 1055 8.91626621622806
651 1025 7.169083262183454
651 650 5.0737665362780175
652 653 2.277829230480999
652 681 4.909077500025758
652 645 5.845760068931152
653 657 7.662992314300742
653 652 2.277829230480999
653 1653 6.304307983245236
654 1552 8.40304152938217
654 657 7.884514313682715
654 655 3.047532970315457
655 1551 0.9655048661423923
655 656 3.901972619536321
655 654 3.047532970315457
656 655 3.901972619536321
657 1028 2.8750701047022815
657 654 7.884514313682715
657 653 7.66299231430074
658 1548 2.8102019691836597
658 660 4.312322113460769
658 1028 3.755585320389633
659 1548 3.741042881061339
660 1549 5.947708860809263
660 1025 10.529408902661121
660 658 4.312322113460769
661 1055 2.635494609583896
662 649 4.871234705886891
662 663 5.809110719675859
662 1534 9.1265577176659
663 1054 0.37986882723864995
663 1053 3.722069109585693
663 662 5.809110719675858
663 1533 3.668747988075401
664 1052 1.1785920527908114
664 665 2.9371143581676558
664 1051 0.8326065166637375
665 666 3.175771868407674
665 664 2.9371143581676558
665 648 7.1691424175687395
666 1050 0.7573136760513696
666 1049 0.6085516223407088
666 665 3.175771868407674
667 1536 0.7068525197922763
668 1536 2.545809118137768
668 1535 2.5953468113795983
668 646 5.203542854447471
669 1661 0.646697551947603
670 1130 3.336225555444048
670 1057 2.777795447504081
670 674 5.320821046884256
671 1539 0.6054243708759444
672 673 3.6861718653560342
672 1539 6.635776131874051
672 674 4.188922223288657
673 672 3.6861718653560342
674 165 4.412156215264792
674 672 4.188922223288657
674 670 5.320821046884256
675 676 5.123152781267485
676 677 3.745491493635601
676 675 5.123152781267485
676 168 5.787975769223121
677 676 3.745491493635601
678 1648 0.8669622746431356
679 1648 2.750668237051564
679 1650 3.7546485607896987
679 681 6.873925104215071
680 1650 0.43917213212298456
681 167 5.6989585670226255
681 679 6.873925104215071
681 652 4.909077500025758
682 1653 0.5869334427172006
683 686 1.3173450191413727
683 684 2.9848719735119005
683 650 5.537156057017373
684 685 0.6863992884189705
684 1646 0.5986763271975803
684 683 2.9848719735119005
685 684 0.6863992884189705
686 683 1.3173450191413727
687 647 3.8884908071517166
687 690 2.9027804529913057
687 688 3.3117360245231087
688 1622 5.860472812676328
688 687 3.3117360245231087
688 1129 7.4863817332676925
689 1622 0.6236816733006436
690 687 2.9027804529913057
690 1671 0.5271054899808623
690 1672 0.6146839045623836
691 1129 0.6048552477941743
692 165 11.875321323514935
693 694 2.6782662425992196
693 164 5.200486285437386
693 697 4.247145839436968
694 695 3.808805856091646
694 693 2.6782662425992196
694 698 4.68930272943474
695 696 8.102482469639448
695 694 3.808805856091646
695 1673 2.1037910429921225
696 1540 2.5526428578282205
696 695 8.102482469639448
696 1186 3.1585099720920256
697 693 4.247145839436968
698 699 5.376102317643848
698 694 4.68930272943474
698 1208 2.7129485339612387
699 700 1.619012933705338
699 1176 8.913853108513889
699 698 5.376102317643848
700 699 1.619012933705338
701 702 7.32471594413742
701 155 2.7582072784285803
701 154 9.806895335056875
702 701 7.32471594413742
703 1542 0.9831682387224342
703 713 5.898699623627306
703 1023 3.9049480929339504
704 705 5.0665957890842
705 76 3.7864391364045766
705 707 4.404030387490084
705 704 5.0665957890842
706 1314 1.068644606398987
706 1315 0.49261980348812745
706 707 5.34429031447175
707 709 1.2852709756822207
707 705 4.404030387490084
707 706 5.34429031447175
708 1659 1.151505900405664
709 707 1.2852709756822207
709 711 5.427742187493934
709 1659 4.261876179540686
710 1024 1.7455351601986973
710 1555 0.7232857723909394
710 711 3.3944416112035425
711 713 1.2983792191762547
711 709 5.427742187493934
711 710 3.3944416112035425
712 1657 0.38210069328899227
713 711 1.2983792191762547
713 703 5.898699623627306
713 1657 3.7378701367905673
714 1018 2.9635863181279314
714 715 5.357183776910709
714 1020 1.6734541743522617
715 722 7.128904124721276
715 720 3.7106635801646557
715 714 5.357183776910709
716 717 8.919407174820641
717 720 3.8257886214440178
717 716 8.919407174820641
717 723 6.311714212121057
718 153 8.200851027051886
719 720 9.097367515815584
719 1262 4.276003209608863
719 1261 1.583599197636489
720 717 3.8257886214440178
720 719 9.097367515815586
720 715 3.7106635801646557
721 1008 8.08688534516993
721 1010 14.432190120300024
721 722 8.389102905919689
722 154 11.20487065204853
722 715 7.128904124721276
722 721 8.38910290591969
723 1009 5.4723131441498145
723 717 6.311714212121056
723 153 3.4098003612933274
724 725 14.998983038798897
725 732 4.889397338537053
725 727 8.604921916652588
725 724 14.998983038798896
726 727 7.559864102345972
727 729 8.959113831683194
727 725 8.604921916652588
727 726 7.559864102345972
728 729 9.315994301966867
729 728 9.315994301966867
729 150 4.124631392809645
729 727 8.959113831683196
730 731 4.281091018942558
730 732 27.54815397877727
730 121 12.131302150887866
731 730 4.281091018942558
732 725 4.889397338537053
732 149 19.609051754844177
732 730 27.548153978777265
733 734 30.443339670940244
733 124 27.921510605473436
733 150 7.4107079361395565
734 152 11.149336576855765
734 733 30.443339670940244
734 153 12.737835036272335
735 1503 7.496895670714255
735 1506 5.2559385799864415
735 1244 11.13807307526243
735 1504 3.12136838927092
736 743 3.843213366111171
736 738 3.364126529159062
736 1503 5.260582200963108
737 743 4.090951634413196
737 157 15.83670577472004
737 739 3.464403961111752
738 1204 1.018097675760188
738 736 3.364126529159062
738 1205 4.224761310976798
739 1500 0.8535399683472867
739 737 3.464403961111752
739 1499 2.435763878155882
740 158 14.249814344159612
741 742 4.1074758963278075
742 1640 0.671469832433494
742 741 4.1074758963278075
742 743 4.326573673011607
743 736 3.843213366111171
743 737 4.090951634413196
743 742 4.326573673011607
744 745 2.7928804497430937
745 744 2.7928804497430937
745 1511 0.7390773647565675
745 1591 5.001431902651237
746 750 4.654921115549693
746 1508 3.0016330394165136
746 1498 3.13874264853016
747 749 3.025144229608614
747 748 2.6952076350574465
747 1508 11.392134198423824
748 159 13.785893806680244
748 158 6.243582974775537
748 747 2.6952076350574465
749 747 3.025144229608614
750 746 4.654921115549693
751 754 9.29651136016891
752 157 5.3950315424373905
752 756 9.672663657709492
752 1122 8.641702186826429
753 754 10.27611386019129
753 756 12.57013427467567
753 755 12.49316308214516
754 1122 7.004515115834364
754 751 9.29651136016891
754 753 10.27611386019129
755 753 12.49316308214516
755 762 9.771916481457069
755 759 4.015953517243558
756 752 9.672663657709492
756 122 11.786134486759071
756 753 12.570134274675668
757 762 6.720293648239225
757 768 5.6810442541299
757 770 2.944018792922866
758 759 6.857024316527458
759 755 4.015953517243558
759 758 6.857024316527456
759 760 3.11956621758335
760 759 3.11956621758335
761 762 4.670696188297222
762 755 9.771916481457069
762 757 6.720293648239225
762 761 4.670696188297222
763 764 4.702776553792999
764 763 4.702776553792999
764 765 5.901740714428268
764 766 6.088096318768337
765 764 5.901740714428268
766 764 6.088096318768337
766 124 5.419632398687586
766 768 5.069544893026534
767 768 7.28529058284626
768 767 7.285290582846262
768 766 5.069544893026534
768 757 5.681044254129899
769 770 13.096383950809415
770 769 13.096383950809415
770 757 2.944018792922866
770 772 10.981552632014232
771 772 21.21156516295227
772 771 21.211565162952265
772 770 10.981552632014232
772 774 7.8143119943383805
773 774 7.650524645658371
774 773 7.650524645658371
774 772 7.8143119943383805
774 123 12.881594057088616
775 776 6.5881448420904185
775 1162 9.027529647129382
775 123 3.1314739074384095
776 775 6.5881448420904185
777 780 9.936384792788463
778 1163 6.620330198655872
778 122 24.841119025512764
778 121 16.64949363599667
779 780 5.516859002719065
779 1521 0.8382310764687205
779 1522 0.9503523127224353
780 1163 5.666509680164662
780 779 5.516859002719065
780 777 9.936384792788463
781 782 6.585964736459438
781 84 9.905838455238712
781 163 8.757912460813385
782 783 9.400770349491907
782 781 6.585964736459438
782 784 4.485687109426039
783 799 1.221159494472934
783 782 9.400770349491905
783 794 6.418579590904428
784 782 4.485687109426039
784 786 3.8888550809572675
784 1666 5.284116635997215
785 1666 1.2940198235636506
786 787 1.0926002532848007
786 784 3.8888550809572675
786 1164 1.6567154070659982
787 786 1.0926002532848007
788 789 3.9554161677719586
789 788 3.9554161677719586
789 928 18.159117353755356
789 794 6.76681774584905
790 934 1.496948002339381
790 791 10.23840025154205
790 1433 11.579658705695588
791 792 3.3318231085526935
791 790 10.23840025154205
792 931 0.35153126812434127
793 1011 1.4809263326827478
793 796 8.149191344566312
793 1014 6.022365412177253
794 796 4.851776020945059
794 783 6.418579590904428
794 789 6.766817745849048
795 1015 2.6571790447491943
796 794 4.851776020945059
796 793 8.149191344566312
796 1015 9.860321706352856
797 1668 0.4187026988609702
797 1669 0.41496212804190724
797 812 9.936216286017668
798 802 0.6124680163607201
798 1562 3.047487735141299
798 813 4.092239950187373
799 783 1.221159494472934
799 801 5.4186736510341325
799 1184 4.219634767969378
800 801 7.380338550510704
801 799 5.418673651034133
801 802 5.1152286497224075
801 800 7.380338550510704
802 798 0.6124680163607201
802 801 5.1152286497224075
802 928 5.166035933929189
803 809 10.20078855912804
804 1017 3.250551860232262
805 1562 4.432622632810852
805 1560 3.423517641819708
805 806 5.677155820394001
806 927 6.8266269601000875
806 809 5.178416008613402
806 805 5.677155820394001
807 1017 7.495654012885455
808 1017 0.44886262941415045
808 927 5.362899257425706
808 1557 4.909627061389841
809 806 5.178416008613402
809 803 10.200788559128041
809 810 15.730649526108087
810 1670 0.984074905292265
810 1557 2.51330565477789
810 809 15.730649526108083
811 1667 0.7254149919219062
811 1561 0.6513632936336693
811 812 2.9708445587217285
812 1560 2.5481725487831386
812 797 9.93621628601767
812 811 2.9708445587217285
813 933 0.7002872562200231
813 932 0.878520937735279
813 798 4.092239950187373
814 823 7.219609493960884
814 141 10.729056093895268
814 818 8.510623343394627
815 1149 16.120200141623005
815 818 5.494447826710679
815 817 6.4715342355178125
816 1149 0.8609826067826456
817 815 6.471534235517814
818 1355 11.346469178687732
818 815 5.494447826710679
818 814 8.510623343394627
819 1356 5.396117492448652
819 1355 7.175396913887091
819 822 7.6513047234868505
820 822 11.08883201316679
821 822 4.622529006735423
822 821 4.622529006735423
822 820 11.088832013166789
822 819 7.6513047234868505
823 831 13.135215515613599
823 814 7.219609493960884
823 824 12.849505258204557
824 825 5.932345985873189
824 823 12.849505258204557
824 826 3.540529217751445
825 824 5.932345985873189
826 827 2.9236274598824568
826 828 5.604208997727807
826 824 3.540529217751445
827 826 2.9236274598824568
828 829 1.4821635287133839
828 826 5.604208997727807
828 830 15.014902733305188
829 828 1.4821635287133839
830 828 15.014902733305185
831 142 13.169688952172145
831 823 13.135215515613599
831 833 4.175153073691095
832 833 18.250432812265476
833 832 18.250432812265476
833 831 4.175153073691095
833 834 9.934791792945486
834 833 9.934791792945486
835 836 2.413335528738331
836 1360 0.7380783858419273
836 835 2.413335528738331
836 837 4.845531534709087
837 1359 5.029578624838598
837 142 3.311525034496232
837 836 4.845531534709087
838 839 13.33737218561764
838 142 6.681880995237328
838 1357 9.153408648643817
839 840 8.472999272815084
839 838 13.337372185617637
839 1166 18.201806466368755
840 841 6.51777377518448
840 143 6.828996122712431
840 839 8.472999272815084
841 847 4.53803481934265
841 840 6.51777377518448
841 843 5.743330132217095
842 844 6.893363640713418
843 841 5.743330132217096
844 847 3.1991649059781344
844 845 3.3461928096687577
844 842 6.893363640713418
845 1151 0.865230094172824
845 844 3.3461928096687577
845 846 2.232894292997239
846 845 2.232894292997239
847 844 3.1991649059781344
847 841 4.53803481934265
847 848 13.807114682435419
848 847 13.807114682435422
849 895 7.066111067407566
849 850 14.16774294789641
849 940 6.655090530661926
850 849 14.16774294789641
851 915 17.32398913606013
851 956 10.69205844390831
851 83 10.80463626873855
852 853 4.425117997216049
853 554 2.3310276191202965
853 111 3.464398947620888
853 852 4.425117997216049
854 1420 1.618420157976324
854 855 5.2092255184504825
854 555 4.513523596874246
855 854 5.2092255184504825
855 1710 1.619530410480023
855 1711 0.5182645600038529
856 859 12.584697505433736
856 858 6.528512729655309
856 857 5.7964145244676715
857 1424 18.26754826319778
857 860 10.348538981541225
857 856 5.7964145244676715
858 1418 0.899731017997861
858 1417 0.5444028692946584
858 856 6.528512729655309
859 856 12.584697505433734
859 555 9.855744273550835
859 1416 7.753400516351896
860 861 2.595373628917547
860 883 8.564511978688122
860 857 10.348538981541225
861 864 23.074214529646444
861 860 2.595373628917547
861 1713 7.548251082366705
862 863 2.0775682507689135
863 1194 1.9273502396007016
863 862 2.0775682507689135
863 864 5.788356686042389
864 866 3.4591420323841424
864 861 23.07421452964644
864 863 5.788356686042389
865 1703 0.6315926069518097
866 868 3.1060295569699967
866 864 3.4591420323841424
866 1703 9.377354838416363
867 1692 0.5890678829799041
867 868 5.3141391916712335
867 1690 3.1901760180161567
868 870 2.4334955063342574
868 866 3.1060295569699967
868 867 5.3141391916712335
869 1701 0.8975228443624216
870 872 2.934585909648641
870 868 2.4334955063342574
870 1701 4.449053728612282
871 1694 0.8280683316746378
872 112 1.8709087786631544
872 870 2.934585909648641
872 874 3.4276587682142514
873 874 4.564090251923206
874 1694 2.8055843920918546
874 873 4.564090251923206
874 872 3.4276587682142514
875 1699 0.8552749502833153
876 1697 0.6034707079138827
877 113 1.9070798288834
877 878 2.527997117635078
878 880 0.8302113667676787
878 877 2.527997117635078
879 1624 0.3321151848459109
880 878 0.8302113667676787
880 539 2.8271726752958344
880 1624 12.189901720266942
881 1421 0.7529411877474499
882 883 9.105869096404978
882 554 2.146097409562565
882 1421 11.221765441062619
883 860 8.564511978688122
883 882 9.105869096404978
883 885 12.51022201327302
884 1412 3.7645336882252227
884 946 15.505574758595005
884 948 3.4425178943294177
885 946 5.66584803380666
885 883 12.510222013273019
885 886 3.892797783053156
886 1415 7.1180894548534
886 885 3.892797783053156
886 888 4.6991074886670985
887 1415 6.2190524731526295
888 886 4.6991074886670985
889 942 4.906692698301674
889 125 17.48013802787608
889 948 9.734709754033815
890 553 6.277718142609153
890 160 6.3454330616429315
890 891 9.581842518346198
891 909 5.596765643672589
891 892 10.705719972040805
891 890 9.581842518346198
892 901 8.610665732642305
892 891 10.705719972040805
892 903 7.601398734041168
893 898 21.105291970695575
893 901 18.40789891668707
893 900 7.348858350365778
894 895 7.987397042290103
894 898 8.781390415660146
894 896 8.656793026935635
895 849 7.066111067407566
895 894 7.987397042290103
895 79 12.502299751136917
896 894 8.656793026935635
897 898 22.681930277086355
898 894 8.781390415660146
898 893 21.105291970695575
898 897 22.68193027708636
899 900 7.685859643689242
900 1530 0.7913709141559383
900 893 7.348858350365778
900 899 7.685859643689242
901 893 18.40789891668707
901 892 8.610665732642307
901 905 17.31067534096671
902 908 7.5850971341375875
902 80 14.314357642691274
902 911 12.850765818047082
903 892 7.60139873404117
904 905 15.155436734259192
905 908 9.767754243900214
905 901 17.310675340966707
905 904 15.155436734259192
906 909 6.980230907051804
907 908 10.581171928039563
908 902 7.5850971341375875
908 905 9.767754243900214
908 907 10.581171928039565
909 891 5.596765643672589
909 906 6.980230907051804
909 911 7.857278921513561
910 1513 1.2829296102005274
910 1514 1.4073020941204797
910 911 5.11795064596885
911 902 12.850765818047082
911 909 7.857278921513561
911 910 5.11795064596885
912 1525 1.1443033117564365
912 1210 2.9731069630050095
912 913 4.462225271918956
913 916 2.0447318146056013
913 1524 3.4840689988935014
913 912 4.462225271918956
914 915 8.00488629418161
914 1524 3.2630460377195964
914 917 6.9243026480056935
915 160 4.980778270693423
915 851 17.32398913606013
915 914 8.00488629418161
916 913 2.0447318146056013
917 1637 0.42893223075928033
917 1638 0.32023355411597915
917 914 6.9243026480056935
918 919 10.749636608551963
919 920 6.813985139825831
919 924 13.851421520893648
919 918 10.749636608551963
920 921 8.336875097449921
920 925 7.045681000148996
920 919 6.813985139825831
921 1255 4.082361670181098
921 923 13.333449676300477
921 920 8.336875097449921
922 923 12.66777107791242
923 922 12.66777107791242
923 921 13.333449676300475
923 1256 10.171007472341715
924 919 13.851421520893648
925 920 7.045681000148996
925 56 1.826043922931018
926 338 7.722195674154409
927 808 5.362899257425706
927 806 6.826626960100086
927 1012 3.521416142375939
928 1012 6.2076076436521825
928 802 5.166035933929189
928 789 18.159117353755356
929 930 2.4228953340544463
930 791 3.155467051860561
930 792 1.5770611195992914
931 84 1.77704145387554
931 72 1.9318651887859142
932 813 0.878520937735279
933 813 0.7002872562200231
934 790 1.496948002339381
934 1207 12.512847705931348
934 1184 10.60394546702628
935 1207 0.6880375417226755
936 98 0.949871996834509
937 98 1.1756133822242254
938 1568 8.805186866271043
939 940 10.168726538608775
940 80 19.3819786043597
940 849 6.655090530661926
940 939 10.168726538608775
941 1298 9.503588062487355
942 889 4.906692698301674
942 126 4.847450646209149
942 945 12.46462579884159
943 944 8.396141287529488
943 1305 4.037571962709832
943 111 12.334237603695179
944 943 8.396141287529488
945 951 6.6687277873487965
945 947 6.813804551508584
945 942 12.46462579884159
946 884 15.505574758595005
946 885 5.66584803380666
946 947 6.652171160219624
947 949 8.930568232056022
947 946 6.652171160219624
947 945 6.813804551508584
948 953 4.177648834149054
948 884 3.4425178943294177
948 889 9.734709754033814
949 1708 0.46774662107463905
949 1709 0.39792238991860873
949 947 8.930568232056022
950 951 3.771737541413523
951 950 3.771737541413523
951 1192 0.910294030077662
951 945 6.6687277873487965
952 953 8.40638590989857
952 1411 3.7634789213518443
952 954 25.78695166254913
953 954 17.196976440857043
953 948 4.177648834149054
953 952 8.40638590989857
954 464 22.7590246803799
954 953 17.196976440857043
954 952 25.78695166254913
955 161 7.741984643525136
955 1512 9.334724640168329
955 956 17.421152758857588
956 851 10.692058443908312
956 957 16.91317935687037
956 955 17.421152758857588
957 82 6.306543027585816
957 956 16.91317935687037
957 161 10.071440662847332
958 148 4.789836022913646
958 80 8.268199171305262
958 162 9.69541168850116
959 1517 0.5658593432988027
960 75 0.5028742658583746
961 962 2.8494069449232886
961 115 13.369009123356056
962 76 0.556625935969891
964 205 21.544798749427933
964 206 11.217540559399813
964 207 10.732385055280274
965 108 21.005838577549888
965 107 6.680374709795389
965 970 7.43402049902416
966 1726 0.6818116894743579
967 970 3.1852710560357647
967 1481 7.071103130813115
967 1495 5.4353900530988355
968 1729 0.7456853580693489
969 970 5.76743159007448
969 1727 2.313452889849149
969 1729 4.310088196255169
970 967 3.1852710560357647
970 969 5.76743159007448
970 965 7.434020499024162
971 207 0.9357549483939485
972 207 1.4405122334355658
973 206 1.3204575652486974
974 206 0.7419359047443931
975 95 3.3010029530156153
976 624 7.1296644191310445
976 984 7.538925412678865
976 977 15.721490677479009
977 978 0.3604304897932085
977 979 0.3606154361031299
977 976 15.721490677479006
978 977 0.3604304897932085
979 977 0.3606154361031299
980 328 6.893137497102507
980 330 18.03519741483425
980 981 16.503057364596096
981 982 9.732683750225057
981 980 16.503057364596096
981 983 3.786310436699591
982 981 9.732683750225057
983 981 3.786310436699591
984 985 2.3708223418519014
984 976 7.538925412678867
984 329 15.661431646277853
985 984 2.3708223418519014
986 140 13.99429887068946
987 988 5.446347301410929
988 12 12.164512699308595
988 140 4.015008051731539
988 987 5.446347301410929
989 106 6.038018939229635
990 549 8.605785113947997
991 999 1.1464680781656404
991 1000 4.236461457434499
991 345 5.011764166995844
992 1458 7.751485068928054
992 995 8.739704471954122
992 993 7.532905321082872
993 994 4.390989159898038
993 1272 1.818014007121088
993 992 7.532905321082872
994 993 4.390989159898038
994 1075 3.6749164520703586
994 1073 3.495901106079406
995 1104 13.060607583559253
995 992 8.739704471954122
995 996 6.414179807736044
996 1099 3.855265155013679
996 995 6.414179807736044
996 997 1.8818163185990413
997 998 0.6322636549140208
997 1074 2.363573878711223
997 996 1.8818163185990413
998 997 0.6322636549140208
999 991 1.1464680781656404
1000 1458 3.3695991090746653
1000 991 4.236461457434499
1000 1463 4.4431169293105786
1001 1463 8.880422593362807
1002 370 0.221582640651215
1002 1035 4.344185082702525
1002 1038 14.483339576878233
1003 368 5.950682364369305
1004 1103 10.62048273437179
1004 1064 2.921013948656967
1004 1069 6.629655219528735
1005 1006 5.076369806109126
1006 1005 5.076369806109126
1006 58 12.620499253343109
1006 15 12.591234550503508
1007 1153 4.064021051075607
1007 226 6.166766896828224
1007 256 9.334092048256343
1008 721 8.08688534516993
1009 1022 2.3352327744173653
1009 1021 1.8513978642249571
1009 723 5.472313144149815
1010 721 14.432190120300028
1011 793 1.4809263326827478
1012 927 3.5214161423759385
1012 928 6.2076076436521825
1012 1013 2.5420448060698586
1013 1012 2.5420448060698586
1014 793 6.022365412177251
1015 795 2.6571790447491943
1015 796 9.860321706352856
1015 1016 1.267796712876867
1016 1015 1.267796712876867
1017 808 0.44886262941415045
1017 804 3.250551860232262
1017 807 7.495654012885455
1018 1019 0.8855639372079006
1018 714 2.963586318127931
1018 1529 4.497918412793879
1019 1018 0.8855639372079006
1020 714 1.6734541743522617
1021 1009 1.8513978642249571
1022 1009 2.3352327744173653
1023 703 3.9049480929339504
1024 710 1.7455351601986973
1025 1026 3.1957799358779884
1025 660 10.529408902661121
1025 651 7.169083262183454
1026 1025 3.1957799358779884
1027 1552 1.980061906912317
1028 657 2.8750701047022815
1028 1651 0.5706980369668848
1028 658 3.755585320389633
1029 152 2.6769653264116484
1029 1030 9.88986252734947
1030 1031 6.704541262526687
1030 1033 1.2432818049844825
1031 1032 3.5652723476284893
1031 1029 15.119053347550668
1032 1259 0.8385913875622707
1032 1258 0.6986902657107883
1032 1031 3.5652723476284893
1033 1030 1.2432818049844825
1034 368 0.48865996881927276
1035 367 5.465844134278946
1035 1002 4.344185082702525
1035 1036 6.331631854408835
1036 1035 6.331631854408835
1037 1038 2.869831613490178
1037 355 6.895879327841783
1037 1109 5.653811185788012
1038 1039 1.3831864407197163
1038 1037 2.869831613490178
1038 1002 14.483339576878233
1039 1038 1.3831864407197163
1040 1068 0.7205410312552847
1040 1071 4.636556165793226
1040 1072 6.851103067242386
1041 351 1.700103222758898
1041 352 2.864313726799179
1042 1043 1.8467014163519622
1042 362 3.891875213994537
1042 1450 3.480135748394527
1043 1105 2.9233982755853885
1043 1044 2.3674812637220652
1043 1042 1.8467014163519622
1044 1043 2.367481263722065
1045 1451 1.0345529297305573
1046 360 7.221862481535591
1046 44 1.8426510814245698
1048 46 1.6937065648988658
1048 1802 14.654473098499352
1049 666 0.6085516223407088
1050 666 0.7573136760513696
1051 664 0.8326065166637375
1052 664 1.1785920527908114
1053 663 3.722069109585693
1054 663 0.37986882723864995
1055 1056 0.552535653529792
1055 661 2.635494609583896
1055 651 8.91626621622806
1056 1055 0.552535653529792
1057 670 2.777795447504081
1057 168 5.699058090968897
1057 646 6.58342977847932
1058 1468 0.3768498341188966
1058 1080 5.006476440226764
1058 1059 5.144588402661876
1059 1058 5.144588402661876
1060 1081 3.8772299857169528
1060 339 7.004653980023125
1060 1470 6.529419663893094
1061 372 0.7831207512821834
1061 371 5.228792209684977
1061 1312 8.993350531227835
1062 1456 4.481924353900558
1062 365 4.815764431039651
1062 1455 3.9268234572560954
1063 353 3.09041946104927
1063 41 2.990121349231682
1064 1004 2.921013948656967
1064 1068 5.335038217345147
1064 1065 6.434114787683313
1065 1064 6.434114787683313
1066 1071 1.5173171006264021
1066 359 3.9600962244607714
1066 1067 13.095224017875648
1067 1070 2.9485000900063345
1067 1068 5.711384952844863
1067 1066 13.09522401787565
1068 1040 0.7205410312552847
1068 1064 5.335038217345147
1068 1067 5.711384952844863
1069 1082 2.2398593998100838
1069 1448 2.826168138555073
1069 1004 6.629655219528735
1070 1067 2.9485000900063345
1071 1066 1.5173171006264021
1071 1040 4.636556165793226
1071 1072 8.920687819035571
1072 1040 6.851103067242386
1072 370 4.127844874603824
1072 1071 8.920687819035571
1073 994 3.495901106079406
1074 997 2.363573878711223
1075 994 3.6749164520703586
1076 57 0.22375833147328564
1077 1078 0.2402903643527294
1078 62 2.3846099521801243
1078 59 1.4069502535685494
1079 56 1.1907922657042593
1079 925 2.113456119610628
1080 1094 5.61904514541219
1080 1470 4.859188665384035
1080 1058 5.006476440226764
1081 1060 3.8772299857169528
1082 1069 2.2398593998100838
1082 1448 2.9199756561475696
1082 1083 1.7874625643275346
1083 1082 1.7874625643275346
1084 1515 24.981244313266423
1085 166 3.305199725522652
1086 479 10.467817260985957
1086 30 9.318439518184144
1086 83 9.750832860311718
1087 1089 2.7909701191224663
1088 1090 9.984695249932457
1088 1092 1.000827615705296
1088 1466 4.072906045968919
1089 1087 2.7909701191224663
1089 1093 1.4934034572538517
1089 1091 2.7909820421963674
1090 1092 3.6484078143301777
1090 369 5.603900619598847
1090 1088 9.984695249932459
1091 1287 9.149269583715865
1091 372 3.6730332367914857
1091 1089 2.7909820421963674
1092 1088 1.000827615705296
1092 1090 3.6484078143301777
1092 1276 6.93724616752127
1093 1089 1.4934034572538517
1094 1080 5.61904514541219
1095 340 3.8935478503378445
1095 1286 4.206461553560959
1095 1096 6.336970358910737
1096 1095 6.336970358910735
1097 358 4.80207772979471
1097 1141 3.737086189989348
1097 1442 5.415107969649239
1098 1104 0.840689886954796
1099 1456 0.9771005067506995
1099 1107 4.136403623414122
1099 996 3.855265155013679
1100 1101 2.9705460787590954
1101 1102 2.572202211207101
1101 1100 2.9705460787590954
1101 346 5.503678839232654
1102 1101 2.572202211207101
1103 350 7.854138911111591
1103 1004 10.620482734371791
1103 356 9.161238723275192
1104 1098 0.840689886954796
1104 995 13.060607583559253
1104 1456 5.583997924317245
1105 1043 2.9233982755853885
1105 1106 3.2234646709230717
1105 1452 3.428528098173153
1106 1137 1.1404152700236758
1106 1105 3.2234646709230717
1106 1138 14.549915624487848
1107 1099 4.136403623414122
1108 341 3.102645283976769
1109 1110 4.734650617450838
1109 1037 5.653811185788012
1109 1111 3.0290094925171407
1110 1109 4.734650617450838
1111 1109 3.0290094925171402
1112 1113 6.158338055367629
1113 141 4.33514027745076
1113 1112 6.158338055367629
1113 610 7.122734976755091
1114 1115 11.52845030401888
1114 17 5.449068035911633
1114 67 7.395467144365351
1115 1114 11.528450304018879
1116 97 4.4758578212720606
1116 96 14.691599457566355
1116 1587 8.407789767500708
1117 1587 1.4293172777389849
1118 208 8.985585681172042
1119 1121 2.773745148975971
1120 1121 4.694726906294548
1120 243 2.176282974411171
1120 1351 2.7972461164202005
1121 1119 2.773745148975971
1121 263 14.372506686715003
1121 1120 4.694726906294548
1122 1125 3.474601982218152
1122 752 8.641702186826429
1122 754 7.004515115834364
1123 126 1.5969301684918924
1123 159 14.168327577914472
1123 1127 6.542182832067785
1124 1509 9.782791479072559
1124 557 7.1571649383636835
1124 1126 6.67179004247299
1125 1122 3.474601982218152
1126 1124 6.67179004247299
1127 1123 6.542182832067785
1128 121 8.943772199274374
1128 82 4.590241625063357
1128 1447 10.446919825407068
1129 691 0.6048552477941743
1129 1620 0.5500234531822048
1129 688 7.4863817332676925
1130 670 3.336225555444048
1130 1661 4.2722607734426665
1130 1537 3.5848174685503666
1131 1302 3.2789727129187467
1131 1291 1.1776997272466008
1132 1297 2.117000345628101
1132 1133 1.0586157731902606
1133 1299 0.39473657316229793
1134 1720 0.7746219173866317
1134 1427 6.678298021689926
1134 5 16.74014647079885
1135 464 0.346211504036948
1135 465 20.225572561015166
1135 127 3.6746287743828034
1136 1260 0.4254316045479109
1136 476 4.651156579897007
1136 38 3.934128276458415
1137 1106 1.1404152700236758
1137 1138 4.422390585427167
1137 1453 2.943290807884153
1138 1137 4.422390585427167
1138 363 3.917347889767732
1138 1106 14.549915624487848
1139 358 4.6878451449874845
1139 1267 1.427362787498822
1139 1454 4.954806327385946
1140 1142 1.8818446317065067
1140 1465 6.167093617044331
1140 1141 7.196920835548992
1141 1140 7.196920835548992
1141 1267 18.28636856430872
1141 1097 3.737086189989349
1142 1140 1.8818446317065067
1142 1270 4.802601662191088
1142 1143 8.822666016878538
1143 1465 0.4580198649963702
1143 348 3.290593190212219
1143 1142 8.822666016878534
1144 1460 1.7362996422715613
1145 1172 5.901254686291684
1145 1446 3.08901909444833
1146 1584 2.062799105580275
1146 590 4.403995533018794
1146 1581 2.8930509846596038
1147 616 3.659446623339729
1148 445 2.242612512717232
1149 816 0.8609826067826456
1149 1150 3.1842075758261057
1149 815 16.120200141623005
1150 1149 3.1842075758261057
1151 845 0.865230094172824
1152 1153 7.612165816381158
1153 1152 7.612165816381158
1153 1007 4.064021051075607
1153 1154 2.1637047898335977
1154 1153 2.1637047898335977
1155 255 11.06847808032894
1156 1388 1.316788750210331
1156 197 0.8405251886214681
1156 551 13.072086420821824
1157 247 14.26045154766067
1158 251 4.579916568816805
1159 1160 2.9008223012416536
1160 219 0.5957161703721223
1160 218 5.348015596481402
1160 1159 2.9008223012416536
1161 1369 0.5132294839670165
1162 775 9.027529647129382
1163 778 6.620330198655872
1163 780 5.666509680164662
1163 1519 4.561513835936724
1164 1654 1.2648010326900507
1164 1655 0.3863777673053889
1164 786 1.6567154070659982
1165 629 22.763400162999776
1166 839 18.20180646636875
1167 1168 1.9961614117623063
1168 1167 1.9961614117623063
1168 1169 1.5873836402214643
1168 336 2.838761658130829
1169 1168 1.5873836402214643
1170 248 5.146897138583864
1171 249 12.169726853046614
1172 1174 0.9240022746741307
1172 1145 5.901254686291684
1173 1172 0.8888382062346881
1173 221 17.023120404524033
1174 1175 0.812595895691686
1174 133 9.36679047848198
1175 1173 0.9531278213237157
1175 230 11.007781637214583
1176 699 8.913853108513889
1177 1178 0.8804714409305712
1178 1180 0.6423353945374473
1178 1177 0.8804714409305712
1178 1181 6.612317223397858
1179 1542 5.559692838339801
1180 1178 0.6423353945374473
1181 155 2.901528833837693
1181 1178 6.612317223397858
1181 156 3.9439756507960886
1182 380 16.095940024830032
1183 376 6.1094644208589495
1184 934 10.60394546702628
1184 799 4.219634767969378
1184 1185 3.576032382269565
1185 1184 3.576032382269565
1186 696 3.1585099720920256
1187 582 1.0753653379772663
1188 582 1.2058254688578758
1189 604 2.4463804566275322
1190 605 7.95132626700718
1191 561 6.045047182106242
1192 951 0.910294030077662
1193 119 1.8041604702876874
1194 863 1.9273502396007016
1195 1732 1.9052428056918287
1196 1197 0.6517109086294767
1197 1198 0.6923838572142849
1197 1196 0.6517109086294767
1197 516 4.663194876010442
1198 1197 0.6923838572142849
1199 1480 1.0601302502602004
1199 515 2.833285046927456
1199 1732 3.3891084133068134
1200 1201 0.7343892607895112
1200 1730 0.7954590472904979
1200 528 7.439131497089568
1201 1200 0.7343892607895112
1202 526 2.4256826042574997
1203 526 1.3703056823008368
1204 738 1.018097675760188
1205 738 4.224761310976798
1206 1207 1.3717677350166464
1207 935 0.6880375417226755
1207 1206 1.3717677350166464
1207 934 12.512847705931346
1208 698 2.7129485339612387
1209 1209 25.508783501310845
1209 342 8.658279554930882
1210 912 2.9731069630050095
1211 187 0.7912714145973537
1212 130 4.909069549019675
1213 451 3.2556268632220067
1214 1254 1.0869791987408133
1214 1433 2.705322522941826
1214 1217 4.695772648357633
1215 1436 0.9527019829037875
1216 1399 1.0082989026027764
1216 1254 7.33840204359701
1217 1436 3.813110562822329
1217 1214 4.695772648357633
1217 1253 7.2656052925496075
1218 11 2.25167615705346
1218 1222 1.1160094721767946
1219 1221 2.5811817494981795
1219 963 25.47547733506336
1220 1425 1.047791066545069
1220 332 2.7375540482815555
1221 1596 7.777810931015678
1221 263 7.100836650037523
1221 1219 2.5811817494981795
1222 1220 0.34862356389727556
1223 1230 6.383168041172261
1224 259 0.636635445093869
1224 258 4.648496034923128
1224 1235 10.491583950931739
1225 261 11.379719846926267
1225 1234 3.5708322574168725
1225 1235 6.086974281355601
1226 1395 4.893372444443901
1226 263 6.9625573118752255
1226 1239 3.897757521635752
1227 1229 0.4341401065769841
1228 1232 1.1211415829214857
1228 1237 6.99726138108455
1228 260 0.46339855070064934
1229 257 0.8712730726258825
1229 1227 0.4341401065769841
1229 1236 3.477455624240029
1230 1223 6.383168041172261
1230 1239 4.619043494858392
1230 1233 7.409115646352192
1231 1236 1.5380443361649214
1232 1228 1.1211415829214857
1233 262 11.1176590911639
1233 1230 7.409115646352194
1233 1234 6.356200539288224
1234 1237 7.241475958117181
1234 1233 6.356200539288224
1234 1225 3.5708322574168734
1235 1224 10.491583950931737
1235 1225 6.086974281355601
1235 1238 10.883351584420842
1236 1229 3.477455624240029
1236 1237 4.040939500242823
1236 1231 1.5380443361649214
1237 1228 6.99726138108455
1237 1234 7.241475958117181
1237 1236 4.040939500242824
1238 1235 10.88335158442084
1239 1394 3.4564545134300286
1239 1226 3.897757521635751
1239 1230 4.619043494858392
1240 1242 4.746797431516167
1240 366 7.629553043631083
1240 1619 2.714667601605178
1241 1619 1.0587791955603942
1242 1240 4.746797431516166
1243 1244 9.998792071621333
1244 1247 6.610084064033554
1244 735 11.138073075262428
1244 1243 9.998792071621333
1245 1247 5.167277957714169
1246 1248 5.905426738509694
1247 1245 5.167277957714169
1247 1244 6.610084064033554
1247 1248 3.646930176982286
1248 1246 5.905426738509694
1248 1247 3.646930176982286
1248 1252 7.838480899038031
1249 1250 2.885332344025722
1250 1252 10.591355701178472
1250 1249 2.885332344025722
1250 1251 2.3460038318546785
1251 1250 2.3460038318546785
1252 1250 10.591355701178472
1252 557 12.829232073608434
1252 1248 7.8384808990380295
1253 1217 7.2656052925496075
1254 1214 1.0869791987408133
1254 1216 7.33840204359701
1255 921 4.082361670181098
1256 923 10.171007472341717
1257 9 2.728577882640858
1257 1801 12.355379242273566
1258 1032 0.6986902657107883
1259 1032 0.8385913875622707
1260 1136 0.4254316045479109
1261 719 1.583599197636489
1262 719 4.276003209608863
1263 1076 2.5336334688057423
1263 24 10.748734876797668
1264 297 4.1101585897026585
1265 294 8.906188275419629
1266 545 1.4552753399926623
1267 1268 3.300475985150722
1267 1139 1.427362787498822
1267 1141 18.28636856430872
1268 1267 3.300475985150722
1269 1270 1.9222886034729918
1270 1269 1.9222886034729918
1270 1271 1.5274071620680456
1270 1142 4.802601662191089
1271 1270 1.5274071620680456
1272 993 1.818014007121088
1273 1277 3.3096924330255737
1274 211 17.127610165116877
1275 1276 5.143364396855255
1276 1275 5.143364396855255
1276 1092 6.937246167521269
1276 1277 8.178777922907832
1277 1306 4.324405654182355
1277 1273 3.3096924330255737
1277 1276 8.178777922907832
1278 1284 1.220779913263524
1278 1306 5.481462276804273
1278 1279 3.5397227154222035
1279 1281 6.80689518605522
1279 1307 2.8836621362228296
1279 1278 3.5397227154222035
1280 1307 3.5082348130527787
1281 1282 2.266762299415219
1281 1279 6.80689518605522
1281 1283 8.00160611091174
1282 1281 2.266762299415219
1283 1284 5.320244528448883
1283 1281 8.001606110911741
1283 1285 3.3934799965253553
1284 1278 1.220779913263524
1284 1283 5.320244528448883
1284 1309 4.818746517882574
1285 1283 3.3934799965253553
1286 1095 4.206461553560959
1287 371 2.736617242524848
1287 1313 2.309481061643408
1287 1091 9.149269583715865
1288 1460 2.900286530417055
1288 344 4.643584170741743
1288 1289 7.524077148976855
1289 1593 3.2555030287998634
1289 1288 7.524077148976855
1289 1290 3.4331049883171927
1290 1289 3.4331049883171927
1291 1300 0.22965174583998055
1292 334 5.744255308016345
1293 188 20.56673139880176
1293 91 1.6017900976868962
1294 39 1.7130050562242845
1294 1794 16.197858793799607
1295 1304 2.0964201623402796
1295 42 1.104597329801244
1296 1605 2.5297707269434038
1296 1613 1.6328594927658713
1297 130 9.473725382538975
1297 1133 1.9952975361462073
1298 941 9.503588062487353
1298 1305 4.128031562270461
1299 92 1.9237844247309481
1299 1301 1.2262261348595946
1300 91 0.9345083127846403
1300 1293 1.6442718303860473
1301 1131 0.6641453049976571
1302 1291 3.090327151598266
1302 25 24.389955424436888
1303 1294 2.0954220040155596
1303 39 0.9770007060967648
1304 361 8.429026723404597
1304 42 2.0096836935180473
1305 1794 5.821579055303852
1305 124 64.44061145183566
1305 943 4.037571962709832
1306 369 3.076673792243216
1306 1277 4.324405654182355
1306 1278 5.481462276804273
1307 1280 3.5082348130527787
1307 1308 1.4611893707214345
1307 1279 2.8836621362228296
1308 1307 1.4611893707214345
1309 1284 4.818746517882574
1310 340 4.3094318796476605
1310 339 1.9055006658620666
1310 1312 5.845495126670313
1311 1312 1.9177286124282829
1312 1310 5.845495126670313
1312 1061 8.993350531227833
1312 1311 1.9177286124282829
1313 1287 2.309481061643408
1314 706 1.068644606398987
1315 706 0.49261980348812745
1316 1350 1.1497622672549206
1317 280 5.97450486165941
1317 279 5.21955845861313
1317 285 6.363775356582236
1318 293 0.9525578688317926
1319 321 13.276857591729176
1320 312 0.4673522619300762
1320 1321 0.914988210213804
1320 313 4.758479233280109
1321 1320 0.914988210213804
1322 300 0.7630306407773608
1323 298 5.435692941939843
1324 1326 0.8859278304702374
1325 1326 0.663351272744699
1326 1324 0.8859278304702374
1326 1325 0.663351272744699
1326 302 11.609277866687762
1327 319 2.2878199756990782
1328 1329 0.9361959289883922
1328 272 6.136818536437238
1328 271 1.1523750452004522
1329 1328 0.9361959289883922
1330 1333 0.41448389526910295
1331 267 3.397900420638994
1332 1333 0.41302694868260115
1333 1330 0.41448389526910295
1333 1332 0.41302694868260115
1333 265 4.518548809356769
1334 240 0.9119720939024442
1335 240 1.2792975900136814
1336 334 0.9850052091812433
1337 239 4.461658965642071
1338 1339 0.8706067510244128
1339 1338 0.8706067510244128
1339 289 2.5224331564608504
1339 288 2.5766923859113064
1340 1341 0.7546474815854195
1340 315 7.057429146006536
1340 314 0.7237102834160962
1341 1340 0.7546474815854195
1342 310 0.8502521774839399
1343 282 0.9859480984834111
1344 1348 0.7622647072074038
1345 1348 0.8044146619934756
1346 1347 0.7662349428914806
1346 282 3.9784893924382305
1346 281 0.7120710168113539
1347 1346 0.7662349428914806
1348 1344 0.7622647072074038
1348 1345 0.8044146619934756
1348 283 3.4801753860257745
1349 1350 0.8434683730719973
1350 284 3.5318834459155566
1350 1316 1.1497622672549206
1350 1349 0.8434683730719973
1351 1120 2.7972461164202005
1352 1626 0.42792065196224177
1352 1627 0.47790024586403085
1352 120 2.137525247729992
1353 1354 1.0369459871322637
1354 477 2.0475506448460936
1354 476 1.7329877250487982
1354 1353 1.0369459871322637
1355 818 11.346469178687732
1355 1358 3.312362907368276
1355 819 7.175396913887091
1356 819 5.396117492448652
1357 838 9.153408648643817
1358 1355 3.312362907368276
1359 837 5.029578624838598
1360 836 0.7380783858419273
1361 1362 1.5261146493790547
1362 204 0.2841582537551493
1362 89 29.978619059195857
1362 1361 1.5261146493790547
1363 11 0.22109009400063512
1363 1761 7.661385848183313
1364 1368 0.8987764607758935
1365 222 5.889142101721871
1366 131 0.2684940762774822
1366 1368 5.49411282893065
1366 1369 9.94098436679741
1367 1368 0.4470709273667232
1368 1367 0.4470709273667232
1368 1364 0.8987764607758935
1368 1366 5.49411282893065
1369 1161 0.5132294839670165
1369 1370 0.46579865263990655
1369 1366 9.94098436679741
1370 1369 0.46579865263990655
1371 218 7.593333993761252
1372 218 5.890062266759682
1373 1374 0.4483434343067959
1374 170 3.1565241720022357
1374 169 0.6171714408182337
1374 1373 0.4483434343067959
1375 171 5.2445292247180335
1376 175 9.582049392386029
1376 178 0.6108587627537639
1376 1379 0.31361190403388933
1377 174 1.4109400642422336
1377 173 0.3369373864970494
1377 1378 0.29879101258658897
1378 1377 0.29879101258658897
1379 1376 0.31361190403388933
1380 180 1.5600107290927667
1380 1381 0.4180595587816246
1380 181 14.479013997791625
1381 1380 0.4180595587816246
1382 1383 1.0735985061197315
1383 179 3.558739358009465
1383 1382 1.0735985061197315
1383 176 5.862741992869892
1384 1386 0.3025518808433685
1384 189 9.739555132959756
1384 186 3.8341715853975535
1385 187 0.8633547773794998
1386 1384 0.3025518808433685
1387 193 3.6342049321876204
1388 1156 1.316788750210331
1389 217 9.221685119107288
1390 220 3.7161158456866494
1391 212 2.9124609464939892
1392 212 7.211358381878993
1393 338 22.753178187358298
1394 1239 3.4564545134300286
1395 1226 4.893372444443901
1395 264 0.8599955634228126
1395 1396 0.8427345102835528
1396 1395 0.8427345102835528
1397 1398 9.420189955617555
1398 1399 4.985800499455403
1398 1397 9.420189955617555
1398 1400 7.702487950930873
1399 1216 1.0082989026027764
1399 1398 4.985800499455403
1399 1438 7.366235005186287
1400 1398 7.702487950930874
1401 592 18.78696960528445
1401 586 6.30086954259477
1401 1402 3.1659043216538163
1402 1403 2.833316385068748
1402 1404 18.699737935708434
1402 1401 3.1659043216538163
1403 1402 2.833316385068748
1403 1617 5.232080820681663
1403 1428 7.219908131966242
1404 1410 1.1996917817441373
1404 1408 5.286381241734341
1404 1402 18.699737935708434
1405 1406 2.0612344321738667
1406 1407 1.6729965327353586
1406 1405 2.0612344321738667
1406 1408 2.3025241199462747
1407 1406 1.6729965327353586
1408 1404 5.286381241734341
1408 1428 3.8733534742559392
1408 1406 2.3025241199462747
1409 1617 5.090286602543803
1410 1404 1.1996917817441373
1411 952 3.7634789213518443
1412 884 3.7645336882252227
1413 533 1.8421427632249971
1414 1716 0.717747395367073
1415 1716 1.8393285675174977
1415 886 7.118089454853398
1415 887 6.2190524731526295
1416 859 7.753400516351896
1417 858 0.5444028692946584
1418 858 0.899731017997861
1419 548 0.621647066103386
1420 854 1.618420157976324
1421 881 0.7529411877474499
1421 882 11.22176544106262
1421 1422 1.640702990410078
1422 1421 1.640702990410078
1423 5 23.479033404109636
1424 857 18.26754826319778
1425 93 0.09613149935741294
1426 1218 0.0690864402621125
1427 480 1.124653686447737
1427 1719 0.9091108339930283
1427 1134 6.678298021689926
1428 1408 3.8733534742559392
1428 1429 4.8607108580372795
1428 1403 7.219908131966242
1429 1430 1.2138405318105951
1429 1431 1.1761878580007639
1429 1428 4.8607108580372795
1430 1429 1.2138405318105951
1431 1429 1.1761878580007639
1432 242 1.5328279630029567
1432 1795 0.8278186891244483
1432 241 2.6037979782153218
1433 1214 2.705322522941826
1433 790 11.579658705695586
1433 1440 12.646243639580533
1434 1440 4.227347478132412
1435 1439 9.645480728858155
1436 1215 0.9527019829037875
1436 1217 3.813110562822329
1436 1437 9.218352568783267
1437 1436 9.218352568783267
1438 1439 6.313639308248414
1438 1399 7.366235005186287
1438 1440 5.354846675407576
1439 1441 4.09995960146971
1439 1438 6.313639308248414
1439 1435 9.645480728858153
1440 1433 12.64624363958053
1440 1438 5.354846675407576
1440 1434 4.227347478132412
1441 1439 4.09995960146971
1442 1443 2.1299888948716874
1442 1445 1.2195171402569587
1442 1097 5.415107969649239
1443 1442 2.1299888948716874
1444 354 5.199241404901757
1444 364 23.307154983497803
1444 373 12.517938667145891
1445 1442 1.2195171402569587
1446 94 1.758556708713624
1446 1145 2.9902510891053797
1447 1128 10.446919825407068
1448 1069 2.826168138555073
1448 1082 2.9199756561475696
1448 360 10.863794784232429
1449 1450 0.9239736377549165
1450 1449 0.9239736377549165
1450 1451 3.3798122648791193
1450 1042 3.480135748394527
1451 1045 1.0345529297305573
1451 1450 3.3798122648791193
1451 362 3.568485617185472
1452 1105 3.4285280981731527
1453 1137 2.943290807884153
1454 1139 4.954806327385946
1455 1062 3.9268234572560954
1456 1099 0.9771005067506995
1456 1062 4.481924353900558
1456 1104 5.583997924317244
1457 1458 3.350928858534323
1458 992 7.751485068928054
1458 1000 3.3695991090746653
1458 1457 3.350928858534322
1459 1460 2.555708018175425
1460 1144 1.7362996422715613
1460 1288 2.900286530417055
1460 1459 2.555708018175425
1461 1462 0.967989543272569
1462 1461 0.967989543272569
1462 1597 3.082259948674671
1462 1463 5.806804787467529
1463 1001 8.880422593362805
1463 1000 4.4431169293105786
1463 1462 5.806804787467529
1464 1465 3.172961489736687
1465 1143 0.4580198649963702
1465 1464 3.172961489736687
1465 1140 6.167093617044331
1466 1088 4.072906045968919
1467 1468 5.051907523061236
1468 1058 0.3768498341188966
1468 341 9.527653976290518
1468 1467 5.051907523061236
1469 1470 3.6937384845877053
1470 1060 6.529419663893095
1470 1080 4.859188665384035
1470 1469 3.6937384845877053
1471 1686 0.6401634902099285
1471 1687 0.6722654149942167
1471 1472 6.3061917200820075
1472 532 4.343857285463276
1472 531 4.297481252852575
1472 1471 6.3061917200820075
1473 533 2.632835936751669
1474 118 1.7459319076882154
1475 118 0.5925025088718304
1476 1477 7.389791146647983
1477 463 3.9410536664871834
1477 461 14.974089563005933
1477 1476 7.389791146647982
1478 498 1.101378067580277
1479 1480 3.092635003883544
1480 1199 1.0601302502602004
1480 1479 3.092635003883544
1480 1488 3.6614920335837895
1481 530 0.9259900094404454
1481 1482 1.3832317158616039
1481 967 7.071103130813115
1482 1481 1.3832317158616039
1483 529 0.6262795983262922
1483 1484 0.8275582233277431
1483 528 3.5317902915144015
1484 1483 0.8275582233277431
1485 1495 0.46473679884848546
1486 527 0.9396315974554622
1487 1488 0.6007527372549021
1488 1487 0.6007527372549021
1488 1480 3.6614920335837895
1488 514 0.8085925913787625
1489 1733 0.5742503924140231
1489 1490 0.9004100570070607
1489 518 4.581655895572798
1490 1489 0.9004100570070607
1491 523 1.6074154871993045
1492 523 0.966740078256631
1493 1494 0.6359331963701774
1494 1493 0.6359331963701774
1494 519 1.0679767791305137
1494 521 3.504234648470244
1495 1485 0.46473679884848546
1495 967 5.4353900530988355
1495 1726 4.775190550159338
1496 1508 2.107284135907062
1497 1498 2.2765243586782904
1498 746 3.13874264853016
1498 1511 6.13833350834775
1498 1497 2.2765243586782904
1499 739 2.435763878155882
1500 739 0.8535399683472867
1501 1503 2.4274927445613765
1502 1503 2.8182837222588932
1503 735 7.496895670714254
1503 736 5.260582200963109
1503 1502 2.8182837222588932
1503 1501 2.4274927445613765
1504 735 3.12136838927092
1505 1506 1.9079462849283095
1506 1505 1.9079462849283095
1506 1507 1.0915434139154065
1506 735 5.2559385799864415
1507 1506 1.0915434139154065
1508 747 11.392134198423825
1508 746 3.0016330394165136
1508 1496 2.107284135907062
1509 126 0.3278334213793027
1509 1124 9.782791479072557
1509 556 11.65068854331633
1510 1511 2.133694011099439
1511 745 0.7390773647565675
1511 1510 2.133694011099439
1511 1498 6.13833350834775
1512 955 9.334724640168329
1512 160 2.7005066318514257
1512 1639 6.540448601818733
1513 910 1.2829296102005274
1514 910 1.4073020941204797
1515 1084 24.981244313266423
1515 553 4.917059540380895
1515 1636 2.0001480702768486
1516 553 6.530783073156672
1517 1641 0.3767604515187772
1517 959 0.5658593432988027
1517 149 4.443577788784566
1518 1519 0.5562002884435295
1519 1518 0.5562002884435295
1519 1520 0.34150570231603916
1519 1163 4.561513835936724
1520 1519 0.34150570231603916
1521 779 0.8382310764687205
1522 779 0.9503523127224353
1523 1524 1.788161991440224
1524 1523 1.788161991440224
1524 914 3.2630460377195964
1524 913 3.4840689988935014
1525 912 1.1443033117564365
1526 626 1.9004929859753772
1527 479 2.998110646528762
1528 479 2.96709300526804
1529 1018 4.497918412793879
1530 900 0.7913709141559383
1531 1533 2.0099548759120993
1532 1533 2.45539899130067
1533 1531 2.0099548759120993
1533 1532 2.45539899130067
1533 663 3.668747988075401
1534 662 9.1265577176659
1535 1663 0.6686913344788743
1535 1664 0.4084100976773784
1535 668 2.5953468113795983
1536 668 2.545809118137768
1536 1662 0.6162482769322314
1536 667 0.7068525197922763
1537 1130 3.5848174685503666
1538 1539 1.741452707192609
1539 671 0.6054243708759444
1539 1538 1.741452707192609
1539 672 6.635776131874051
1540 696 2.5526428578282205
1541 1542 2.8275770720144155
1542 703 0.9831682387224342
1542 1541 2.8275770720144155
1542 1179 5.5596928383398
1543 1544 5.541172175824595
1544 1546 2.92708690121947
1544 167 2.3529842125456644
1544 1543 5.541172175824595
1545 1546 2.7049156186872483
1546 1544 2.92708690121947
1546 1545 2.7049156186872483
1546 168 3.4506629744710593
1547 1548 1.789105613170058
1548 1547 1.789105613170058
1548 659 3.741042881061339
1548 658 2.8102019691836597
1549 660 5.947708860809264
1550 641 0.9914265015897413
1551 655 0.9655048661423923
1552 1027 1.980061906912317
1552 1644 0.6392189193157305
1552 654 8.40304152938217
1553 1554 1.4840133549343633
1554 639 1.4166635571447603
1554 1553 1.4840133549343633
1554 633 11.967783611864018
1555 710 0.7232857723909394
1556 1557 2.666848531054874
1557 808 4.909627061389842
1557 810 2.51330565477789
1557 1556 2.666848531054874
1558 1562 3.4119666510079014
1559 1560 3.339653579591024
1560 805 3.423517641819708
1560 812 2.5481725487831386
1560 1559 3.339653579591024
1561 811 0.6513632936336693
1562 798 3.047487735141299
1562 805 4.432622632810852
1562 1558 3.4119666510079014
1563 19 4.114581415634265
1564 1566 1.1132319093943064
1565 1566 0.8785237306283521
1566 1564 1.1132319093943064
1566 1565 0.8785237306283521
1566 94 26.09239496107145
1567 1568 2.4668894205405327
1568 1761 1.5435993162613553
1568 1567 2.4668894205405327
1568 938 8.805186866271043
1569 1570 3.0525518167351793
1570 325 4.637067366379046
1570 324 8.452263790053674
1570 1569 3.0525518167351793
1571 1572 5.797402052340884
1572 325 4.0208624677941645
1572 552 30.75111920536833
1572 1571 5.797402052340884
1573 1574 5.703441390965526
1574 1573 5.703441390965526
1574 604 5.343383480998949
1574 603 7.035554448872386
1575 560 0.5686590481564557
1575 559 2.5738353459682313
1575 561 11.259980378182172
1576 327 4.708302958082823
1577 1578 3.3826329919896265
1578 593 1.6677948353447711
1578 1577 3.3826329919896265
1578 594 4.197514788567241
1579 1580 2.283549031379526
1580 1579 2.283549031379526
1580 598 5.442603916871818
1580 597 3.2697398211060773
1581 1146 2.8930509846596038
1582 598 5.272470729515089
1583 1584 3.3947566401133784
1584 1146 2.062799105580275
1584 591 3.26297535303708
1584 1583 3.3947566401133784
1585 1586 3.900947992531636
1586 620 2.777160445080612
1586 13 3.6572864025676686
1586 1585 3.900947992531637
1587 1117 1.4293172777389849
1587 1674 3.576557702050486
1587 1116 8.407789767500708
1588 96 0.9837939690030998
1589 105 0.7437140753544257
1590 105 0.7055166890694017
1591 745 5.001431902651237
1592 31 14.145195211696432
1593 1289 3.2555030287998634
1594 1595 8.334941035171617
1595 1598 6.707269157545216
1595 1594 8.334941035171619
1595 1596 5.26787394263214
1596 1221 7.777810931015679
1596 333 3.8669771279748373
1596 1595 5.267873942632141
1597 1462 3.082259948674671
1598 1595 6.707269157545216
1598 1614 14.780406673814607
1598 1615 3.3081232506136597
1599 1630 1.357826595656204
1599 1635 6.851303444460783
1600 1767 6.816055128236721
1600 1603 7.775344932112903
1600 1602 3.2360356417700333
1601 1796 5.98490837922683
1601 1680 4.232613250236206
1601 1611 7.352584368993733
1602 1679 5.860902843060453
1602 1600 3.2360356417700333
1602 1808 6.089165515221103
1603 1737 10.830564702365841
1603 1600 7.775344932112903
1603 1818 37.54546207151991
1604 1634 2.00275120790817
1604 1793 7.111145384580054
1605 1612 9.765243418711892
1605 1613 2.664289623503062
1606 1818 1.7706775886849953
1606 1609 20.977511592881324
1606 1610 12.556969670209861
1607 1804 8.55904103556039
1607 1820 6.487287993550612
1607 1818 11.378481485272925
1608 1611 4.137770213329926
1608 1790 18.956167389855732
1608 1793 7.009851594018494
1609 1606 20.977511592881324
1609 1796 6.270319256566823
1609 1816 9.408419592013923
1610 1606 12.55696967020986
1610 1612 2.1217369193920748
1610 1683 6.699381830331441
1611 1601 7.352584368993733
1611 1608 4.137770213329926
1611 1791 6.808341408676975
1612 1610 2.1217369193920748
1612 1605 9.76524341871189
1612 1789 3.3416077312260404
1613 47 0.8377270578856938
1614 1598 14.780406673814607
1615 1598 3.3081232506136597
1616 1617 2.5892435954053705
1617 1409 5.090286602543803
1617 1403 5.232080820681664
1617 1616 2.5892435954053705
1618 1619 3.7634522741369203
1619 1241 1.0587791955603942
1619 1618 3.7634522741369203
1619 1240 2.714667601605178
1620 1129 0.5500234531822048
1621 1622 0.6550664217596741
1622 689 0.6236816733006436
1622 1621 0.6550664217596741
1622 688 5.860472812676328
1623 1624 0.5570797298152639
1624 879 0.3321151848459109
1624 1623 0.5570797298152639
1624 880 12.189901720266944
1625 120 0.35610752623712094
1626 1352 0.42792065196224177
1627 1352 0.47790024586403085
1628 1734 3.4688804884263282
1628 1629 6.204578859528019
1628 1765 0.5726429073520788
1629 5 6.504325111380823
1629 481 8.974121051732203
1629 1628 6.204578859528019
1630 1800 0.6253633807140985
1631 1599 1.5679735998292725
1631 1630 1.028939071525481
1632 1738 3.1270572978414153
1632 1770 17.090081132162688
1632 1737 3.434010423186457
1633 1675 2.465275097126187
1633 1633 13.417696964483126
1634 1303 0.3715595172072561
1635 1747 6.233446711986911
1635 1808 3.0608176892514463
1635 1599 6.851303444460783
1636 1515 2.0001480702768486
1637 917 0.42893223075928033
1638 917 0.32023355411597915
1639 1512 6.540448601818734
1640 742 0.671469832433494
1641 1517 0.3767604515187772
1642 1643 0.46937973254200677
1643 638 0.28157947898385516
1643 1642 0.46937973254200677
1643 634 1.7965006349636545
1644 1552 0.6392189193157305
1645 167 0.5630081193514521
1646 684 0.5986763271975803
1647 1648 0.7442341709126291
1648 679 2.750668237051564
1648 678 0.8669622746431356
1648 1647 0.7442341709126291
1649 1650 0.645906592427314
1650 680 0.43917213212298456
1650 1649 0.645906592427314
1650 679 3.7546485607896987
1651 1028 0.5706980369668848
1652 1653 0.6029722416872784
1653 682 0.5869334427172006
1653 1652 0.6029722416872784
1653 653 6.304307983245236
1654 1164 1.2648010326900507
1655 1164 0.3863777673053889
1656 1657 0.43593246560781335
1657 712 0.38210069328899227
1657 1656 0.43593246560781335
1657 713 3.7378701367905673
1658 1659 0.5687581190962453
1659 1658 0.5687581190962453
1659 709 4.261876179540686
1659 708 1.151505900405664
1660 1661 1.356776397688432
1661 669 0.646697551947603
1661 1660 1.356776397688432
1661 1130 4.272260773442667
1662 1536 0.6162482769322314
1663 1535 0.6686913344788743
1664 1535 0.4084100976773784
1665 1666 0.7946126223513964
1666 785 1.2940198235636506
1666 1665 0.7946126223513964
1666 784 5.284116635997215
1667 811 0.7254149919219062
1668 797 0.4187026988609702
1669 797 0.41496212804190724
1670 810 0.984074905292265
1671 690 0.5271054899808623
1672 690 0.6146839045623836
1673 695 2.1037910429921225
1674 1587 3.576557702050486
1675 1777 1.0492423260454715
1675 1633 2.465275097126187
1676 1739 7.759356684356413
1676 1756 8.127576779575321
1676 1678 4.380749855923863
1677 1678 1.2957991011264938
1677 1746 8.35351247507401
1677 1745 7.41953979865668
1678 1677 1.2957991011264938
1678 1679 4.359634206492004
1678 1676 4.380749855923863
1679 1678 4.359634206492005
1679 1602 5.860902843060453
1679 1745 19.181193614122463
1680 1601 4.232613250236206
1681 1752 7.8397193022111695
1681 1753 4.925188862821136
1681 1682 7.766713356536392
1682 1683 3.0877489592421603
1682 1681 7.766713356536392
1682 1749 6.869945133386723
1683 1682 3.0877489592421603
1683 1748 28.224998438183846
1683 1610 6.699381830331441
1684 531 40.17063948977827
1684 1794 2.406868861802707
1685 1784 3.372515032386254
1685 1763 8.61876564185453
1685 1783 13.292047310821118
1686 1471 0.6401634902099285
1687 1471 0.6722654149942167
1688 532 0.7163339166043526
1689 1690 0.45773522350839374
1690 1689 0.45773522350839374
1690 867 3.1901760180161567
1690 1691 2.175120195107111
1691 1690 2.175120195107111
1692 867 0.5890678829799041
1693 1694 0.6646010546781612
1694 874 2.8055843920918546
1694 871 0.8280683316746378
1694 1693 0.6646010546781612
1695 546 0.6151361280636704
1696 1697 0.47307509420515287
1697 876 0.6034707079138827
1697 1696 0.47307509420515287
1697 113 6.076061337185186
1698 1699 0.6503221087700358
1699 875 0.8552749502833153
1699 1698 0.6503221087700358
1699 112 4.155401540180991
1700 1701 0.6597196947082729
1701 869 0.8975228443624216
1701 1700 0.6597196947082729
1701 870 4.449053728612282
1702 1703 0.5887448206787486
1703 865 0.6315926069518097
1703 1702 0.5887448206787486
1703 866 9.377354838416363
1704 548 0.6418509034681358
1705 544 8.786384525499892
1706 542 0.8160906698326854
1707 542 0.6682424855989738
1708 949 0.46774662107463905
1709 949 0.39792238991860873
1710 855 1.619530410480023
1711 855 0.5182645600038529
1712 1713 0.7125291431820249
1713 1714 0.5301040972666491
1713 861 7.548251082366705
1713 1712 0.7125291431820249
1714 1713 0.5301040972666491
1715 1716 0.7780324433821918
1716 1414 0.717747395367073
1716 1415 1.8393285675174977
1716 1715 0.7780324433821918
1717 541 0.6465865790973517
1718 541 0.6044993781758526
1719 1427 0.9091108339930283
1720 1134 0.7746219173866317
1721 1765 3.627363007736365
1722 1723 0.4497309818061274
1723 1722 0.4497309818061274
1723 468 0.8411895618848584
1723 467 7.808350215674087
1724 467 5.031466465098816
1725 1726 1.045830239129107
1726 966 0.6818116894743579
1726 1725 1.045830239129107
1726 1495 4.775190550159338
1727 969 2.313452889849149
1728 1729 1.1892426666636016
1729 968 0.7456853580693489
1729 1728 1.1892426666636016
1729 969 4.310088196255169
1730 1200 0.7954590472904979
1731 1732 0.5654536074465737
1732 1195 1.9052428056918287
1732 1731 0.5654536074465737
1732 1199 3.3891084133068134
1733 1489 0.5742503924140231
1734 1628 3.4688804884263282
1735 1735 25.476045983476258
1735 353 3.5161190038095427
1736 1737 5.87246653037672
1736 1770 10.176559475022177
1736 1769 3.2505356893225734
1737 1736 5.87246653037672
1737 1632 3.434010423186457
1737 1603 10.830564702365841
1738 1632 3.1270572978414153
1738 1803 10.920781127535797
1738 1817 4.6305864487297725
1739 1676 7.759356684356413
1739 1743 9.995514165325822
1739 1756 11.042240570945559
1740 1741 4.132818735001196
1741 1744 1.3741254526976645
1741 1740 4.132818735001196
1741 1746 3.279733860247445
1742 1743 4.712084099010021
1743 1742 4.712084099010021
1743 1746 2.9549678638835113
1743 1739 9.995514165325824
1744 1768 0.22700325177808234
1744 1741 1.3741254526976645
1744 1745 9.403084871369781
1745 1677 7.41953979865668
1745 1679 19.181193614122463
1745 1744 9.403084871369781
1746 1677 8.353512475074009
1746 1741 3.279733860247445
1746 1743 2.9549678638835113
1747 1635 6.233446711986911
1747 1748 2.86712972462143
1747 1767 11.185165095061478
1748 1750 2.537914844509833
1748 1683 28.224998438183842
1748 1747 2.86712972462143
1749 1752 10.134535328589909
1749 1750 7.1646155815670225
1749 1682 6.869945133386723
1750 1748 2.537914844509833
1750 1751 9.829652558611869
1750 1749 7.1646155815670225
1751 1752 6.308091039069043
1751 1767 8.024816485298496
1751 1750 9.829652558611867
1752 1751 6.308091039069043
1752 1681 7.839719302211169
1752 1749 10.134535328589909
1753 1681 4.925188862821136
1754 174 4.983953008782596
1755 1756 4.7741669441240315
1756 1739 11.042240570945557
1756 1676 8.127576779575321
1756 1755 4.7741669441240315
1757 1759 1.8748659181716056
1757 1758 11.783244581559336
1758 1757 11.783244581559336
1759 30 6.171558136295087
1759 1760 9.54435032443845
1760 1759 9.54435032443845
1761 1568 1.5435993162613553
1761 1363 7.661385848183313
1761 1762 5.395980182973008
1762 1761 5.395980182973007
1763 1764 11.267057889348669
1763 1685 8.61876564185453
1763 1783 4.410640286021531
1764 1763 11.267057889348667
1764 1793 29.58170336178693
1764 1772 4.2240477741256335
1765 1628 0.5726429073520788
1765 1721 3.6273630077363657
1765 1766 7.611958057516858
1766 1765 7.611958057516857
1767 1600 6.816055128236721
1767 1751 8.024816485298496
1767 1747 11.185165095061478
1768 1744 0.22700325177808234
1769 1814 3.9994260975217424
1769 1736 3.2505356893225734
1769 1815 3.6565649513197425
1770 1810 0.962546586038752
1770 1632 17.090081132162688
1770 1736 10.176559475022177
1771 1773 0.4897631243949425
1772 1786 0.5185935967563522
1772 1764 4.2240477741256335
1772 1773 5.945113475561456
1773 1771 0.4897631243949425
1773 1772 5.945113475561456
1773 1774 14.362726187787242
1774 1773 14.362726187787242
1775 1787 3.2085998478793147
1776 1 1.1523632719039432
1776 0 25.805710049544146
1777 1675 1.0492423260454715
1777 1 3.6600726318711048
1777 1776 5.537927882893044
1778 1780 1.026472414787178
1779 1780 0.9333148758614183
1780 1778 1.026472414787178
1780 1779 0.9333148758614183
1780 1782 10.344123596670508
1781 1782 5.912717564271728
1782 1783 6.259544269085726
1782 1785 11.844008092772436
1782 1780 10.344123596670508
1782 1781 5.912717564271728
1783 1782 6.259544269085726
1783 1685 13.292047310821118
1783 1786 11.049498835400886
1783 1763 4.410640286021531
1784 1685 3.372515032386254
1785 1786 6.457034154545443
1785 1787 8.696086504808298
1785 1782 11.844008092772436
1786 1772 0.5185935967563522
1786 1785 6.457034154545443
1786 1783 11.049498835400884
1787 1785 8.696086504808298
1787 1788 9.511538643786322
1787 1775 3.2085998478793147
1788 1787 9.511538643786322
1789 1790 20.931453747208224
1789 1816 18.14734171660265
1789 1612 3.3416077312260404
1790 1608 18.95616738985573
1790 1789 20.931453747208224
1790 1792 5.312235948316712
1791 1611 6.808341408676975
1791 1792 5.949284393276017
1791 1796 8.650370863286126
1792 1816 1.0610876559412494
1792 1791 5.949284393276017
1792 1790 5.312235948316712
1793 1608 7.009851594018494
1793 1604 7.111145384580054
1793 1764 29.58170336178692
1794 1294 16.197858793799604
1794 1298 1.6305930375223059
1794 1684 2.333235836963515
1795 1432 0.8278186891244483
1796 1609 6.270319256566823
1796 1601 5.984908379226831
1796 1791 8.650370863286126
1797 1631 0.39029811226636624
1798 1797 0.5832210112626434
1798 1801 1.0699268170502414
1799 1798 2.1092905218120896
1800 1799 0.6657096374565404
1800 1802 0.8627743069745554
1801 1797 1.027032620096469
1801 1257 12.355379242273566
1802 1048 14.654473098499352
1802 1799 0.9450655647437582
1803 1738 10.920781127535797
1804 1607 8.559041035560389
1805 1807 6.353943939297625
1806 1807 1.7654341742882196
1807 1806 1.7654341742882196
1807 1805 6.353943939297625
1807 1808 1.561069722616823
1808 1602 6.0891655152211035
1808 1635 3.0608176892514463
1808 1807 1.561069722616823
1809 1810 9.470784865419771
1810 1770 0.962546586038752
1810 1809 9.470784865419773
1810 1812 4.758169818938313
1811 1812 8.338606678809537
1812 1811 8.338606678809537
1812 1810 4.758169818938313
1812 1814 14.91241137868716
1813 1814 4.463545588727345
1814 1769 3.999426097521743
1814 1812 14.91241137868716
1814 1813 4.463545588727345
1815 1769 3.6565649513197425
1816 1792 1.0610876559412494
1816 1789 18.14734171660265
1816 1609 9.408419592013923
1817 1738 4.6305864487297725
1818 1606 1.7706775886849953
1818 1603 37.5454620715199
1818 1607 11.378481485272925
1819 929 13.27868772889614
1820 1821 2.3058756581114626
1820 1607 6.48728799355061
1820 1822 17.25724563974981
1821 1820 2.3058756581114626
1822 1820 17.25724563974981
